[utils/build-script] NOTE: Using toolchain default
+ /usr/libexec/PlistBuddy -c 'Print :SupportedTargets:macosx:Archs' /Applications/Xcode-16.4.app/Contents/Developer/Platforms/MacOSX.platform/Developer/SDKs/MacOSX15.5.sdk/SDKSettings.plist
+ mkdir -p '/Users/wezzard/Repositories/com.github~WeZZard/swift-project-6.1/build/build-test'
--- Building earlyswiftdriver ---
+ '/Users/wezzard/Repositories/com.github~WeZZard/swift-project-6.1/swift-driver/Utilities/build-script-helper.py' build --package-path '/Users/wezzard/Repositories/com.github~WeZZard/swift-project-6.1/swift-driver' --build-path '/Users/wezzard/Repositories/com.github~WeZZard/swift-project-6.1/build/build-test/earlyswiftdriver-macosx-arm64' --configuration release --toolchain /Applications/Xcode-16.4.app/Contents/Developer/Toolchains/XcodeDefault.xctoolchain/usr --ninja-bin /opt/homebrew/bin/ninja --cmake-bin /opt/homebrew/bin/cmake --local_compiler_build
CMake Warning (dev) at CMakeLists.txt:91 (find_package):
  Policy CMP0148 is not set: The FindPythonInterp and FindPythonLibs modules
  are removed.  Run "cmake --help-policy CMP0148" for policy details.  Use
  the cmake_policy command to set the policy and suppress this warning.

This warning is for project developers.  Use -Wno-dev to suppress it.

CMake Warning:
  Manually-specified variables were not used by the project:

    CMAKE_C_COMPILER


Building Swift Driver dependency: llbuild
Building Swift Driver dependency: TSC
Building Swift Driver dependency: Argument Parser
Building Swift Driver dependency: Yams
Building Swift Driver for target: arm64-apple-macosx10.15
--- Building cmark ---
+ mkdir -p '/Users/wezzard/Repositories/com.github~WeZZard/swift-project-6.1/build/build-test/cmark-macosx-arm64'
+ pushd '/Users/wezzard/Repositories/com.github~WeZZard/swift-project-6.1/build/build-test/cmark-macosx-arm64'
+ env DISTCC_HOSTS=localhost,lzo,cpp env /opt/homebrew/bin/cmake -G Ninja -DCMAKE_C_COMPILER:PATH=/Applications/Xcode-16.4.app/Contents/Developer/Toolchains/XcodeDefault.xctoolchain/usr/bin/clang -DCMAKE_CXX_COMPILER:PATH=/Applications/Xcode-16.4.app/Contents/Developer/Toolchains/XcodeDefault.xctoolchain/usr/bin/clang++ -DCMAKE_Swift_COMPILER:PATH=/Applications/Xcode-16.4.app/Contents/Developer/Toolchains/XcodeDefault.xctoolchain/usr/bin/swiftc -DCMAKE_LIBTOOL:PATH=/Applications/Xcode-16.4.app/Contents/Developer/Toolchains/XcodeDefault.xctoolchain/usr/bin/libtool -DCMAKE_AR:PATH=/Applications/Xcode-16.4.app/Contents/Developer/Toolchains/XcodeDefault.xctoolchain/usr/bin/ar -DCMAKE_RANLIB:PATH=/Applications/Xcode-16.4.app/Contents/Developer/Toolchains/XcodeDefault.xctoolchain/usr/bin/ranlib -DLLVM_VERSION_MAJOR:STRING=17 -DLLVM_VERSION_MINOR:STRING=0 -DLLVM_VERSION_PATCH:STRING=0 -DCLANG_VERSION_MAJOR:STRING=17 -DCLANG_VERSION_MINOR:STRING=0 -DCLANG_VERSION_PATCH:STRING=0 -DCMAKE_MAKE_PROGRAM=/opt/homebrew/bin/ninja -DCMAKE_BUILD_TYPE:STRING=RelWithDebInfo -DCMARK_THREADING=ON '-DCMAKE_C_FLAGS=-Wno-unknown-warning-option -Werror=unguarded-availability-new -fno-stack-protector' '-DCMAKE_CXX_FLAGS=-Wno-unknown-warning-option -Werror=unguarded-availability-new -fno-stack-protector' '-DCMAKE_TOOLCHAIN_FILE:PATH=/Users/wezzard/Repositories/com.github~WeZZard/swift-project-6.1/build/build-test/cmark-macosx-arm64/BuildScriptToolchain.cmake' -DSWIFT_DARWIN_SUPPORTED_ARCHS:STRING=arm64 '-DSWIFT_PATH_TO_SWIFT_SYNTAX_SOURCE:PATH=/Users/wezzard/Repositories/com.github~WeZZard/swift-project-6.1/swift-syntax' -DSWIFT_BUILD_SWIFT_SYNTAX:BOOL=TRUE -DSWIFTSYNTAX_ENABLE_ASSERTIONS:BOOL=TRUE '-DSWIFT_EARLY_SWIFT_DRIVER_BUILD=/Users/wezzard/Repositories/com.github~WeZZard/swift-project-6.1/build/build-test/earlyswiftdriver-macosx-arm64/release/bin' '-DCMAKE_IGNORE_PATH=/usr/lib;/usr/local/lib;/lib' -DPKG_CONFIG_EXECUTABLE=/usr/bin/false '/Users/wezzard/Repositories/com.github~WeZZard/swift-project-6.1/cmark'
-- The C compiler identification is AppleClang 17.0.0.17000013
-- The CXX compiler identification is AppleClang 17.0.0.17000013
-- Detecting C compiler ABI info
-- Detecting C compiler ABI info - done
-- Check for working C compiler: /Applications/Xcode-16.4.app/Contents/Developer/Toolchains/XcodeDefault.xctoolchain/usr/bin/clang - skipped
-- Detecting C compile features
-- Detecting C compile features - done
-- Detecting CXX compiler ABI info
-- Detecting CXX compiler ABI info - done
-- Check for working CXX compiler: /Applications/Xcode-16.4.app/Contents/Developer/Toolchains/XcodeDefault.xctoolchain/usr/bin/clang++ - skipped
-- Detecting CXX compile features
-- Detecting CXX compile features - done
-- Performing Test HAVE_FLAG_ADDRESS_SANITIZER
-- Performing Test HAVE_FLAG_ADDRESS_SANITIZER - Failed
-- Performing Test HAVE_FLAG_SANITIZE_ADDRESS
-- Performing Test HAVE_FLAG_SANITIZE_ADDRESS - Success
-- Performing Test CMAKE_HAVE_LIBC_PTHREAD
-- Performing Test CMAKE_HAVE_LIBC_PTHREAD - Success
-- Found Threads: TRUE
-- Checking _FILE_OFFSET_BITS for large files
-- Checking _FILE_OFFSET_BITS for large files - not needed
-- Found Python3: /opt/homebrew/Frameworks/Python.framework/Versions/3.13/bin/python3.13 (found version "3.13.7") found components: Interpreter
-- Configuring done (0.9s)
-- Generating done (0.0s)
CMake Warning:
  Manually-specified variables were not used by the project:

    CLANG_VERSION_MAJOR
    CLANG_VERSION_MINOR
    CLANG_VERSION_PATCH
    CMAKE_LIBTOOL
    CMAKE_Swift_COMPILER
    LLVM_VERSION_MAJOR
    LLVM_VERSION_MINOR
    LLVM_VERSION_PATCH
    PKG_CONFIG_EXECUTABLE
    SWIFTSYNTAX_ENABLE_ASSERTIONS
    SWIFT_BUILD_SWIFT_SYNTAX
    SWIFT_DARWIN_SUPPORTED_ARCHS
    SWIFT_EARLY_SWIFT_DRIVER_BUILD
    SWIFT_PATH_TO_SWIFT_SYNTAX_SOURCE


-- Build files have been written to: /Users/wezzard/Repositories/com.github~WeZZard/swift-project-6.1/build/build-test/cmark-macosx-arm64
+ popd
+ env /opt/homebrew/bin/pump /opt/homebrew/bin/cmake --build '/Users/wezzard/Repositories/com.github~WeZZard/swift-project-6.1/build/build-test/cmark-macosx-arm64' --config RelWithDebInfo -- -j14 all
__________Using distcc-pump from /opt/homebrew/bin/../Cellar/distcc/HEAD-48041cd_1/bin
__________Using        2 distcc servers in pump mode
[1/42][  2%][0.049s] Building C object src/CMakeFiles/libcmark-gfm.dir/houdini_href_e.c.o
[2/42][  4%][0.050s] Building C object src/CMakeFiles/libcmark-gfm.dir/cmark.c.o
[3/42][  7%][0.054s] Building C object src/CMakeFiles/libcmark-gfm.dir/cmark_ctype.c.o
[4/42][  9%][0.056s] Building C object src/CMakeFiles/libcmark-gfm.dir/houdini_html_e.c.o
[5/42][ 11%][0.063s] Building C object src/CMakeFiles/libcmark-gfm.dir/footnotes.c.o
[6/42][ 14%][0.065s] Building C object src/CMakeFiles/libcmark-gfm.dir/arena.c.o
/Users/wezzard/Repositories/com.github~WeZZard/swift-project-6.1/cmark/src/arena.c:8:1: warning: extra ';' outside of a function [-Wextra-semi]
    8 | CMARK_DEFINE_LOCK(arena)
      | ^
/Users/wezzard/Repositories/com.github~WeZZard/swift-project-6.1/cmark/src/include/mutex.h:22:24: note: expanded from macro 'CMARK_DEFINE_LOCK'
   22 | CMARK_DEFINE_ONCE(NAME); \
      |                        ^
/Users/wezzard/Repositories/com.github~WeZZard/swift-project-6.1/cmark/src/arena.c:8:1: warning: a function declaration without a prototype is deprecated in all versions of C [-Wstrict-prototypes]
/Users/wezzard/Repositories/com.github~WeZZard/swift-project-6.1/cmark/src/include/mutex.h:23:30: note: expanded from macro 'CMARK_DEFINE_LOCK'
   23 | static void initialize_##NAME() { pthread_mutex_init(&NAME##_lock, NULL); }
      |                              ^
2 warnings generated.
[7/42][ 16%][0.067s] Building C object src/CMakeFiles/libcmark-gfm.dir/iterator.c.o
[8/42][ 19%][0.068s] Building C object src/CMakeFiles/libcmark-gfm.dir/buffer.c.o
[9/42][ 21%][0.079s] Building C object src/CMakeFiles/libcmark-gfm.dir/latex.c.o
[10/42][ 23%][0.079s] Building C object src/CMakeFiles/libcmark-gfm.dir/commonmark.c.o
[11/42][ 26%][0.085s] Building C object src/CMakeFiles/libcmark-gfm.dir/houdini_html_u.c.o
[12/42][ 28%][0.089s] Building C object src/CMakeFiles/libcmark-gfm.dir/html.c.o
[13/42][ 30%][0.090s] Building C object src/CMakeFiles/libcmark-gfm.dir/linked_list.c.o
[14/42][ 33%][0.103s] Building C object src/CMakeFiles/libcmark-gfm.dir/plugin.c.o
[15/42][ 35%][0.106s] Building C object src/CMakeFiles/libcmark-gfm.dir/man.c.o
[16/42][ 38%][0.115s] Building C object src/CMakeFiles/libcmark-gfm.dir/map.c.o
[17/42][ 40%][0.118s] Building C object src/CMakeFiles/libcmark-gfm.dir/registry.c.o
/Users/wezzard/Repositories/com.github~WeZZard/swift-project-6.1/cmark/src/registry.c:15:1: warning: extra ';' outside of a function [-Wextra-semi]
   15 | CMARK_DEFINE_LOCK(extensions);
      | ^
/Users/wezzard/Repositories/com.github~WeZZard/swift-project-6.1/cmark/src/include/mutex.h:22:24: note: expanded from macro 'CMARK_DEFINE_LOCK'
   22 | CMARK_DEFINE_ONCE(NAME); \
      |                        ^
/Users/wezzard/Repositories/com.github~WeZZard/swift-project-6.1/cmark/src/registry.c:15:1: warning: a function declaration without a prototype is deprecated in all versions of C [-Wstrict-prototypes]
/Users/wezzard/Repositories/com.github~WeZZard/swift-project-6.1/cmark/src/include/mutex.h:23:30: note: expanded from macro 'CMARK_DEFINE_LOCK'
   23 | static void initialize_##NAME() { pthread_mutex_init(&NAME##_lock, NULL); }
      |                              ^
/Users/wezzard/Repositories/com.github~WeZZard/swift-project-6.1/cmark/src/registry.c:15:30: warning: extra ';' outside of a function [-Wextra-semi]
   15 | CMARK_DEFINE_LOCK(extensions);
      |                              ^
3 warnings generated.
[18/42][ 42%][0.119s] Building C object src/CMakeFiles/libcmark-gfm.dir/plaintext.c.o
[19/42][ 45%][0.122s] Building C object src/CMakeFiles/libcmark-gfm.dir/references.c.o
[20/42][ 47%][0.136s] Building C object src/CMakeFiles/libcmark-gfm.dir/render.c.o
[21/42][ 50%][0.139s] Building C object src/CMakeFiles/libcmark-gfm.dir/syntax_extension.c.o
[22/42][ 52%][0.153s] Building C object src/CMakeFiles/libcmark-gfm.dir/xml.c.o
[23/42][ 54%][0.156s] Building C object src/CMakeFiles/libcmark-gfm.dir/node.c.o
/Users/wezzard/Repositories/com.github~WeZZard/swift-project-6.1/cmark/src/node.c:9:1: warning: extra ';' outside of a function [-Wextra-semi]
    9 | CMARK_DEFINE_LOCK(nextflag)
      | ^
/Users/wezzard/Repositories/com.github~WeZZard/swift-project-6.1/cmark/src/include/mutex.h:22:24: note: expanded from macro 'CMARK_DEFINE_LOCK'
   22 | CMARK_DEFINE_ONCE(NAME); \
      |                        ^
/Users/wezzard/Repositories/com.github~WeZZard/swift-project-6.1/cmark/src/node.c:9:1: warning: a function declaration without a prototype is deprecated in all versions of C [-Wstrict-prototypes]
/Users/wezzard/Repositories/com.github~WeZZard/swift-project-6.1/cmark/src/include/mutex.h:23:30: note: expanded from macro 'CMARK_DEFINE_LOCK'
   23 | static void initialize_##NAME() { pthread_mutex_init(&NAME##_lock, NULL); }
      |                              ^
/Users/wezzard/Repositories/com.github~WeZZard/swift-project-6.1/cmark/src/node.c:10:1: warning: extra ';' outside of a function [-Wextra-semi]
   10 | CMARK_DEFINE_LOCK(safety)
      | ^
/Users/wezzard/Repositories/com.github~WeZZard/swift-project-6.1/cmark/src/include/mutex.h:22:24: note: expanded from macro 'CMARK_DEFINE_LOCK'
   22 | CMARK_DEFINE_ONCE(NAME); \
      |                        ^
/Users/wezzard/Repositories/com.github~WeZZard/swift-project-6.1/cmark/src/node.c:10:1: warning: a function declaration without a prototype is deprecated in all versions of C [-Wstrict-prototypes]
/Users/wezzard/Repositories/com.github~WeZZard/swift-project-6.1/cmark/src/include/mutex.h:23:30: note: expanded from macro 'CMARK_DEFINE_LOCK'
   23 | static void initialize_##NAME() { pthread_mutex_init(&NAME##_lock, NULL); }
      |                              ^
/Users/wezzard/Repositories/com.github~WeZZard/swift-project-6.1/cmark/src/node.c:28:36: warning: a function declaration without a prototype is deprecated in all versions of C [-Wstrict-prototypes]
   28 | static bool S_safety_checks_enabled() {
      |                                    ^
      |                                     void
5 warnings generated.
[24/42][ 57%][0.166s] Building C object extensions/CMakeFiles/libcmark-gfm-extensions.dir/core-extensions.c.o
/Users/wezzard/Repositories/com.github~WeZZard/swift-project-6.1/cmark/extensions/core-extensions.c:22:30: warning: extra ';' outside of a function [-Wextra-semi]
   22 | CMARK_DEFINE_ONCE(registered);
      |                              ^
1 warning generated.
[25/42][ 59%][0.170s] Building C object extensions/CMakeFiles/libcmark-gfm-extensions.dir/tagfilter.c.o
[26/42][ 61%][0.170s] Building C object extensions/CMakeFiles/libcmark-gfm-extensions.dir/strikethrough.c.o
[27/42][ 64%][0.189s] Building C object extensions/CMakeFiles/libcmark-gfm-extensions.dir/ext_scanners.c.o
[28/42][ 66%][0.191s] Building C object extensions/CMakeFiles/libcmark-gfm-extensions.dir/tasklist.c.o
[29/42][ 69%][0.195s] Building C object extensions/CMakeFiles/libcmark-gfm-extensions.dir/autolink.c.o
[30/42][ 71%][0.195s] Building CXX object api_test/CMakeFiles/api_test.dir/cplusplus.cpp.o
[31/42][ 73%][0.198s] Building C object src/CMakeFiles/cmark-gfm.dir/__/bin/main.c.o
/Users/wezzard/Repositories/com.github~WeZZard/swift-project-6.1/cmark/bin/main.c:47:17: warning: a function declaration without a prototype is deprecated in all versions of C [-Wstrict-prototypes]
   47 | void print_usage() {
      |                 ^
      |                  void
1 warning generated.
[32/42][ 76%][0.201s] Building C object api_test/CMakeFiles/api_test.dir/harness.c.o
In file included from /Users/wezzard/Repositories/com.github~WeZZard/swift-project-6.1/cmark/api_test/harness.c:10:
/Users/wezzard/Repositories/com.github~WeZZard/swift-project-6.1/cmark/api_test/harness.h:15:41: warning: a function declaration without a prototype is deprecated in all versions of C [-Wstrict-prototypes]
   15 | test_batch_runner *test_batch_runner_new();
      |                                         ^
      |                                          void
/Users/wezzard/Repositories/com.github~WeZZard/swift-project-6.1/cmark/api_test/harness.c:12:41: warning: a function declaration without a prototype is deprecated in all versions of C [-Wstrict-prototypes]
   12 | test_batch_runner *test_batch_runner_new() {
      |                                         ^
      |                                          void
2 warnings generated.
[33/42][ 78%][0.229s] Building C object extensions/CMakeFiles/libcmark-gfm-extensions.dir/table.c.o
[34/42][ 80%][0.230s] Building C object src/CMakeFiles/libcmark-gfm.dir/blocks.c.o
[35/42][ 83%][0.241s] Building C object src/CMakeFiles/libcmark-gfm.dir/inlines.c.o
[36/42][ 85%][0.242s] Building C object api_test/CMakeFiles/api_test.dir/main.c.o
In file included from /Users/wezzard/Repositories/com.github~WeZZard/swift-project-6.1/cmark/api_test/main.c:11:
/Users/wezzard/Repositories/com.github~WeZZard/swift-project-6.1/cmark/api_test/harness.h:15:41: warning: a function declaration without a prototype is deprecated in all versions of C [-Wstrict-prototypes]
   15 | test_batch_runner *test_batch_runner_new();
      |                                         ^
      |                                          void
/Users/wezzard/Repositories/com.github~WeZZard/swift-project-6.1/cmark/api_test/main.c:1375:29: warning: a function declaration without a prototype is deprecated in all versions of C [-Wstrict-prototypes]
 1375 | static void run_inner_parser() {
      |                             ^
      |                              void
/Users/wezzard/Repositories/com.github~WeZZard/swift-project-6.1/cmark/api_test/main.c:1575:9: warning: a function declaration without a prototype is deprecated in all versions of C [-Wstrict-prototypes]
 1575 | int main() {
      |         ^
      |          void
3 warnings generated.
[37/42][ 88%][0.447s] Building C object src/CMakeFiles/libcmark-gfm.dir/scanners.c.o
[38/42][ 90%][0.468s] Building C object src/CMakeFiles/libcmark-gfm.dir/utf8.c.o
[39/42][ 92%][0.490s] Linking C static library src/libcmark-gfm.a
[40/42][ 95%][0.508s] Linking C static library extensions/libcmark-gfm-extensions.a
[41/42][ 97%][0.537s] Linking C executable src/cmark-gfm
ld: warning: ignoring duplicate libraries: 'src/libcmark-gfm.a'
[42/42][100%][0.537s] Linking CXX executable api_test/api_test
ld: warning: ignoring duplicate libraries: 'src/libcmark-gfm.a'
__________Shutting down distcc-pump include server
--- Building llvm ---
+ pushd '/Users/wezzard/Repositories/com.github~WeZZard/swift-project-6.1/build/build-test/llvm-macosx-arm64'
+ env DISTCC_HOSTS=localhost,lzo,cpp env /opt/homebrew/bin/cmake -G Ninja -DCMAKE_C_COMPILER:PATH=/Applications/Xcode-16.4.app/Contents/Developer/Toolchains/XcodeDefault.xctoolchain/usr/bin/clang -DCMAKE_CXX_COMPILER:PATH=/Applications/Xcode-16.4.app/Contents/Developer/Toolchains/XcodeDefault.xctoolchain/usr/bin/clang++ -DCMAKE_Swift_COMPILER:PATH=/Applications/Xcode-16.4.app/Contents/Developer/Toolchains/XcodeDefault.xctoolchain/usr/bin/swiftc -DCMAKE_LIBTOOL:PATH=/Applications/Xcode-16.4.app/Contents/Developer/Toolchains/XcodeDefault.xctoolchain/usr/bin/libtool -DCMAKE_AR:PATH=/Applications/Xcode-16.4.app/Contents/Developer/Toolchains/XcodeDefault.xctoolchain/usr/bin/ar -DCMAKE_RANLIB:PATH=/Applications/Xcode-16.4.app/Contents/Developer/Toolchains/XcodeDefault.xctoolchain/usr/bin/ranlib -DLLVM_VERSION_MAJOR:STRING=17 -DLLVM_VERSION_MINOR:STRING=0 -DLLVM_VERSION_PATCH:STRING=0 -DCLANG_VERSION_MAJOR:STRING=17 -DCLANG_VERSION_MINOR:STRING=0 -DCLANG_VERSION_PATCH:STRING=0 -DCMAKE_MAKE_PROGRAM=/opt/homebrew/bin/ninja -DLLVM_ENABLE_ASSERTIONS:BOOL=TRUE '-DLLVM_TARGETS_TO_BUILD=X86;ARM;AArch64;PowerPC;SystemZ;Mips;RISCV;WebAssembly;AVR' -DCMAKE_OSX_DEPLOYMENT_TARGET:STRING=13.0 -DCMAKE_OSX_SYSROOT:PATH=/Applications/Xcode-16.4.app/Contents/Developer/Platforms/MacOSX.platform/Developer/SDKs/MacOSX15.5.sdk -DCOMPILER_RT_ENABLE_IOS:BOOL=FALSE -DCOMPILER_RT_ENABLE_WATCHOS:BOOL=FALSE -DCOMPILER_RT_ENABLE_TVOS:BOOL=FALSE -DSANITIZER_MIN_OSX_VERSION=13.0 -DLLVM_ENABLE_MODULES:BOOL=FALSE -DCMAKE_OSX_ARCHITECTURES=arm64 -DLLVM_TOOL_COMPILER_RT_BUILD:BOOL=TRUE -DLLVM_BUILD_EXTERNAL_COMPILER_RT:BOOL=TRUE -DLLVM_TARGET_ARCH=AArch64 -DLLVM_HOST_TRIPLE:STRING=arm64-apple-macosx13.0 '-DLLVM_LIT_ARGS=-sv -j 14' -DCOVERAGE_DB= -DCMAKE_INSTALL_PREFIX:PATH=/Applications/Xcode.app/Contents/Developer/Toolchains/XcodeDefault.xctoolchain/usr -DINTERNAL_INSTALL_PREFIX=local '-DCMAKE_C_FLAGS=-Wno-unknown-warning-option -Werror=unguarded-availability-new -arch arm64 -target arm64-apple-macosx13.0 -fno-stack-protector -g' '-DCMAKE_CXX_FLAGS=-Wno-unknown-warning-option -Werror=unguarded-availability-new -arch arm64 -target arm64-apple-macosx13.0 -fno-stack-protector -g' '-DCMAKE_C_FLAGS_RELWITHDEBINFO=-O2 -DNDEBUG' '-DCMAKE_CXX_FLAGS_RELWITHDEBINFO=-O2 -DNDEBUG' -DCMAKE_BUILD_TYPE:STRING=RelWithDebInfo -DLLVM_TOOL_SWIFT_BUILD:BOOL=FALSE -DLLVM_TOOL_LLD_BUILD:BOOL=TRUE -DLLVM_INCLUDE_DOCS:BOOL=TRUE -DLLVM_ENABLE_LTO:STRING= -DCOMPILER_RT_INTERCEPT_LIBDISPATCH=ON '-DCOMPILER_RT_FORCE_BUILD_BAREMETAL_MACHO_BUILTINS_ARCHS:STRING=armv6 armv6m armv7 armv7m armv7em' '-DLLVM_ENABLE_PROJECTS=clang;compiler-rt;clang-tools-extra;lld' -ULLVM_ENABLE_RUNTIMES -DSWIFT_DARWIN_SUPPORTED_ARCHS:STRING=arm64 '-DSWIFT_PATH_TO_SWIFT_SYNTAX_SOURCE:PATH=/Users/wezzard/Repositories/com.github~WeZZard/swift-project-6.1/swift-syntax' -DSWIFT_BUILD_SWIFT_SYNTAX:BOOL=TRUE -DSWIFTSYNTAX_ENABLE_ASSERTIONS:BOOL=TRUE '-DSWIFT_EARLY_SWIFT_DRIVER_BUILD=/Users/wezzard/Repositories/com.github~WeZZard/swift-project-6.1/build/build-test/earlyswiftdriver-macosx-arm64/release/bin' '-DCMAKE_IGNORE_PATH=/usr/lib;/usr/local/lib;/lib' -DPKG_CONFIG_EXECUTABLE=/usr/bin/false '/Users/wezzard/Repositories/com.github~WeZZard/swift-project-6.1/llvm-project/llvm'
CMake Deprecation Warning at /Users/wezzard/Repositories/com.github~WeZZard/swift-project-6.1/llvm-project/cmake/Modules/CMakePolicy.cmake:6 (cmake_policy):
  The OLD behavior for policy CMP0114 will be removed from a future version
  of CMake.

  The cmake-policies(7) manual explains that the OLD behaviors of all
  policies are deprecated and that a policy should be set to OLD only under
  specific short-term circumstances.  Projects should be ported to the NEW
  behavior and not rely on setting a policy to OLD.
Call Stack (most recent call first):
  CMakeLists.txt:6 (include)


CMake Deprecation Warning at /Users/wezzard/Repositories/com.github~WeZZard/swift-project-6.1/llvm-project/cmake/Modules/CMakePolicy.cmake:11 (cmake_policy):
  The OLD behavior for policy CMP0116 will be removed from a future version
  of CMake.

  The cmake-policies(7) manual explains that the OLD behaviors of all
  policies are deprecated and that a policy should be set to OLD only under
  specific short-term circumstances.  Projects should be ported to the NEW
  behavior and not rely on setting a policy to OLD.
Call Stack (most recent call first):
  CMakeLists.txt:6 (include)


-- The C compiler identification is AppleClang 17.0.0.17000013
-- The CXX compiler identification is AppleClang 17.0.0.17000013
-- The ASM compiler identification is AppleClang
-- Found assembler: /Applications/Xcode-16.4.app/Contents/Developer/Toolchains/XcodeDefault.xctoolchain/usr/bin/clang
-- Detecting C compiler ABI info
-- Detecting C compiler ABI info - done
-- Check for working C compiler: /Applications/Xcode-16.4.app/Contents/Developer/Toolchains/XcodeDefault.xctoolchain/usr/bin/clang - skipped
-- Detecting C compile features
-- Detecting C compile features - done
-- Detecting CXX compiler ABI info
-- Detecting CXX compiler ABI info - done
-- Check for working CXX compiler: /Applications/Xcode-16.4.app/Contents/Developer/Toolchains/XcodeDefault.xctoolchain/usr/bin/clang++ - skipped
-- Detecting CXX compile features
-- Detecting CXX compile features - done
-- bolt project is disabled
-- clang project is enabled
-- clang-tools-extra project is enabled
-- compiler-rt project is enabled
-- cross-project-tests project is disabled
-- libc project is disabled
-- libclc project is disabled
-- lld project is enabled
-- lldb project is disabled
-- mlir project is disabled
-- openmp project is disabled
-- polly project is disabled
-- pstl project is disabled
-- tapi project is disabled
-- flang project is disabled
-- Found libtool - /Applications/Xcode-16.4.app/Contents/Developer/Toolchains/XcodeDefault.xctoolchain/usr/bin/libtool
-- Found Python3: /opt/homebrew/Frameworks/Python.framework/Versions/3.13/bin/python3.13 (found suitable version "3.13.7", minimum required is "3.6") found components: Interpreter
-- Looking for dlfcn.h
-- Looking for dlfcn.h - found
-- Looking for errno.h
-- Looking for errno.h - found
-- Looking for fcntl.h
-- Looking for fcntl.h - found
-- Looking for link.h
-- Looking for link.h - not found
-- Looking for malloc/malloc.h
-- Looking for malloc/malloc.h - found
-- Looking for pthread.h
-- Looking for pthread.h - found
-- Looking for signal.h
-- Looking for signal.h - found
-- Looking for sys/ioctl.h
-- Looking for sys/ioctl.h - found
-- Looking for sys/mman.h
-- Looking for sys/mman.h - found
-- Looking for sys/param.h
-- Looking for sys/param.h - found
-- Looking for sys/resource.h
-- Looking for sys/resource.h - found
-- Looking for sys/stat.h
-- Looking for sys/stat.h - found
-- Looking for sys/time.h
-- Looking for sys/time.h - found
-- Looking for sys/types.h
-- Looking for sys/types.h - found
-- Looking for sysexits.h
-- Looking for sysexits.h - found
-- Looking for termios.h
-- Looking for termios.h - found
-- Looking for unistd.h
-- Looking for unistd.h - found
-- Looking for valgrind/valgrind.h
-- Looking for valgrind/valgrind.h - not found
-- Looking for fenv.h
-- Looking for fenv.h - found
-- Looking for FE_ALL_EXCEPT
-- Looking for FE_ALL_EXCEPT - found
-- Looking for FE_INEXACT
-- Looking for FE_INEXACT - found
-- Performing Test HAVE_BUILTIN_THREAD_POINTER
-- Performing Test HAVE_BUILTIN_THREAD_POINTER - Success
-- Looking for mach/mach.h
-- Looking for mach/mach.h - found
-- Looking for CrashReporterClient.h
-- Looking for CrashReporterClient.h - not found
-- Performing Test HAVE_CRASHREPORTER_INFO
-- Performing Test HAVE_CRASHREPORTER_INFO - Success
-- Looking for pthread_create in pthread
-- Looking for pthread_create in pthread - found
-- Looking for pthread_rwlock_init in pthread
-- Looking for pthread_rwlock_init in pthread - found
-- Looking for pthread_mutex_lock in pthread
-- Looking for pthread_mutex_lock in pthread - found
-- Looking for dlopen in dl
-- Looking for dlopen in dl - found
-- Looking for clock_gettime in rt
-- Looking for clock_gettime in rt - not found
-- Looking for pfm_initialize in pfm
-- Looking for pfm_initialize in pfm - not found
-- Performing Test CMAKE_HAVE_LIBC_PTHREAD
-- Performing Test CMAKE_HAVE_LIBC_PTHREAD - Success
-- Found Threads: TRUE
-- Found ZLIB: /Applications/Xcode-16.4.app/Contents/Developer/Platforms/MacOSX.platform/Developer/SDKs/MacOSX15.5.sdk/usr/lib/libz.tbd (found version "1.2.12")
-- Looking for compress2
-- Looking for compress2 - found
-- Found LibXml2: /Applications/Xcode-16.4.app/Contents/Developer/Platforms/MacOSX.platform/Developer/SDKs/MacOSX15.5.sdk/usr/lib/libxml2.tbd (found version "2.9.13")
-- Looking for xmlReadMemory
-- Looking for xmlReadMemory - found
-- Looking for histedit.h
-- Looking for histedit.h - found
-- Found LibEdit: /Applications/Xcode-16.4.app/Contents/Developer/Platforms/MacOSX.platform/Developer/SDKs/MacOSX15.5.sdk/usr/include (found version "2.11")
-- Performing Test Terminfo_LINKABLE
-- Performing Test Terminfo_LINKABLE - Success
-- Found Terminfo: /Applications/Xcode-16.4.app/Contents/Developer/Platforms/MacOSX.platform/Developer/SDKs/MacOSX15.5.sdk/usr/lib/libcurses.tbd
-- Looking for xar_open in xar
-- Looking for xar_open in xar - found
-- The xar file format has been deprecated: LLVM_HAVE_LIBXAR might be removed in the future.
-- Looking for arc4random
-- Looking for arc4random - found
-- Looking for backtrace
-- Looking for backtrace - found
-- backtrace facility detected in default set of libraries
-- Found Backtrace: /Applications/Xcode-16.4.app/Contents/Developer/Platforms/MacOSX.platform/Developer/SDKs/MacOSX15.5.sdk/usr/include
-- Performing Test C_SUPPORTS_WERROR_UNGUARDED_AVAILABILITY_NEW
-- Performing Test C_SUPPORTS_WERROR_UNGUARDED_AVAILABILITY_NEW - Success
-- Looking for __register_frame
-- Looking for __register_frame - found
-- Looking for __deregister_frame
-- Looking for __deregister_frame - found
-- Looking for __unw_add_dynamic_fde
-- Looking for __unw_add_dynamic_fde - found
-- Looking for _Unwind_Backtrace
-- Looking for _Unwind_Backtrace - found
-- Looking for getpagesize
-- Looking for getpagesize - found
-- Looking for sysconf
-- Looking for sysconf - found
-- Looking for getrusage
-- Looking for getrusage - found
-- Looking for setrlimit
-- Looking for setrlimit - found
-- Looking for isatty
-- Looking for isatty - found
-- Looking for futimens
-- Looking for futimens - found
-- Looking for futimes
-- Looking for futimes - found
-- Looking for mallctl
-- Looking for mallctl - not found
-- Looking for mallinfo
-- Looking for mallinfo - not found
-- Looking for mallinfo2
-- Looking for mallinfo2 - not found
-- Looking for malloc_zone_statistics
-- Looking for malloc_zone_statistics - found
-- Looking for getrlimit
-- Looking for getrlimit - found
-- Looking for posix_spawn
-- Looking for posix_spawn - found
-- Looking for pread
-- Looking for pread - found
-- Looking for sbrk
-- Looking for sbrk - found
-- Looking for strerror_r
-- Looking for strerror_r - found
-- Looking for strerror_s
-- Looking for strerror_s - not found
-- Looking for setenv
-- Looking for setenv - found
-- Performing Test HAVE_STRUCT_STAT_ST_MTIMESPEC_TV_NSEC
-- Performing Test HAVE_STRUCT_STAT_ST_MTIMESPEC_TV_NSEC - Success
-- Performing Test HAVE_STRUCT_STAT_ST_MTIM_TV_NSEC
-- Performing Test HAVE_STRUCT_STAT_ST_MTIM_TV_NSEC - Failed
-- Looking for __GLIBC__
-- Looking for __GLIBC__ - not found
-- Looking for pthread_getname_np
-- Looking for pthread_getname_np - found
-- Looking for pthread_setname_np
-- Looking for pthread_setname_np - found
-- Looking for dlopen
-- Looking for dlopen - found
-- Looking for dladdr
-- Looking for dladdr - found
-- Looking for proc_pid_rusage
-- Looking for proc_pid_rusage - found
-- Performing Test HAVE_CXX_ATOMICS_WITHOUT_LIB
-- Performing Test HAVE_CXX_ATOMICS_WITHOUT_LIB - Success
-- Performing Test HAVE_CXX_ATOMICS64_WITHOUT_LIB
-- Performing Test HAVE_CXX_ATOMICS64_WITHOUT_LIB - Success
-- Performing Test LLVM_HAS_ATOMICS
-- Performing Test LLVM_HAS_ATOMICS - Success
-- Performing Test SUPPORTS_VARIADIC_MACROS_FLAG
-- Performing Test SUPPORTS_VARIADIC_MACROS_FLAG - Success
-- Performing Test SUPPORTS_GNU_ZERO_VARIADIC_MACRO_ARGUMENTS_FLAG
-- Performing Test SUPPORTS_GNU_ZERO_VARIADIC_MACRO_ARGUMENTS_FLAG - Success
-- Native target architecture is AArch64
-- Threads enabled.
-- Doxygen disabled.
-- Ninja version: 1.13.1
-- Found ld64 - /Applications/Xcode-16.4.app/Contents/Developer/Toolchains/XcodeDefault.xctoolchain/usr/bin/ld
-- Could NOT find OCaml (missing: OCAMLFIND OCAML_VERSION OCAML_STDLIB_PATH) 
-- Could NOT find OCaml (missing: OCAMLFIND OCAML_VERSION OCAML_STDLIB_PATH) 
-- OCaml bindings disabled.
-- Found Python module pygments
-- Found Python module pygments.lexers.c_cpp
-- Could NOT find Python module yaml
-- LLVM host triple: arm64-apple-macosx13.0
-- LLVM default target triple: arm64-apple-macosx13.0
-- Performing Test C_SUPPORTS_FPIC
-- Performing Test C_SUPPORTS_FPIC - Success
-- Performing Test CXX_SUPPORTS_FPIC
-- Performing Test CXX_SUPPORTS_FPIC - Success
-- Building with -fPIC
-- Performing Test C_SUPPORTS_FNO_SEMANTIC_INTERPOSITION
-- Performing Test C_SUPPORTS_FNO_SEMANTIC_INTERPOSITION - Failed
-- Performing Test CXX_SUPPORTS_FNO_SEMANTIC_INTERPOSITION
-- Performing Test CXX_SUPPORTS_FNO_SEMANTIC_INTERPOSITION - Failed
-- Performing Test SUPPORTS_FVISIBILITY_INLINES_HIDDEN_FLAG
-- Performing Test SUPPORTS_FVISIBILITY_INLINES_HIDDEN_FLAG - Success
-- Performing Test C_SUPPORTS_WERROR_DATE_TIME
-- Performing Test C_SUPPORTS_WERROR_DATE_TIME - Success
-- Performing Test CXX_SUPPORTS_WERROR_DATE_TIME
-- Performing Test CXX_SUPPORTS_WERROR_DATE_TIME - Success
-- Performing Test CXX_SUPPORTS_WERROR_UNGUARDED_AVAILABILITY_NEW
-- Performing Test CXX_SUPPORTS_WERROR_UNGUARDED_AVAILABILITY_NEW - Success
-- Performing Test C_SUPPORTS_CMAKE_CXX_FLAGS
-- Performing Test C_SUPPORTS_CMAKE_CXX_FLAGS - Failed
-- Performing Test CXX_SUPPORTS_CMAKE_CXX_FLAGS
-- Performing Test CXX_SUPPORTS_CMAKE_CXX_FLAGS - Failed
-- Performing Test CXX_SUPPORTS_MISSING_FIELD_INITIALIZERS_FLAG
-- Performing Test CXX_SUPPORTS_MISSING_FIELD_INITIALIZERS_FLAG - Success
-- Performing Test C_SUPPORTS_CXX98_COMPAT_EXTRA_SEMI_FLAG
-- Performing Test C_SUPPORTS_CXX98_COMPAT_EXTRA_SEMI_FLAG - Success
-- Performing Test CXX_SUPPORTS_CXX98_COMPAT_EXTRA_SEMI_FLAG
-- Performing Test CXX_SUPPORTS_CXX98_COMPAT_EXTRA_SEMI_FLAG - Success
-- Performing Test C_SUPPORTS_IMPLICIT_FALLTHROUGH_FLAG
-- Performing Test C_SUPPORTS_IMPLICIT_FALLTHROUGH_FLAG - Success
-- Performing Test CXX_SUPPORTS_IMPLICIT_FALLTHROUGH_FLAG
-- Performing Test CXX_SUPPORTS_IMPLICIT_FALLTHROUGH_FLAG - Success
-- Performing Test C_SUPPORTS_COVERED_SWITCH_DEFAULT_FLAG
-- Performing Test C_SUPPORTS_COVERED_SWITCH_DEFAULT_FLAG - Success
-- Performing Test CXX_SUPPORTS_COVERED_SWITCH_DEFAULT_FLAG
-- Performing Test CXX_SUPPORTS_COVERED_SWITCH_DEFAULT_FLAG - Success
-- Performing Test CXX_SUPPORTS_CLASS_MEMACCESS_FLAG
-- Performing Test CXX_SUPPORTS_CLASS_MEMACCESS_FLAG - Success
-- Performing Test CXX_SUPPORTS_NOEXCEPT_TYPE_FLAG
-- Performing Test CXX_SUPPORTS_NOEXCEPT_TYPE_FLAG - Success
-- Performing Test CXX_WONT_WARN_ON_FINAL_NONVIRTUALDTOR
-- Performing Test CXX_WONT_WARN_ON_FINAL_NONVIRTUALDTOR - Success
-- Performing Test CXX_SUPPORTS_SUGGEST_OVERRIDE_FLAG
-- Performing Test CXX_SUPPORTS_SUGGEST_OVERRIDE_FLAG - Success
-- Performing Test CXX_WSUGGEST_OVERRIDE_ALLOWS_ONLY_FINAL
-- Performing Test CXX_WSUGGEST_OVERRIDE_ALLOWS_ONLY_FINAL - Success
-- Performing Test C_WCOMMENT_ALLOWS_LINE_WRAP
-- Performing Test C_WCOMMENT_ALLOWS_LINE_WRAP - Success
-- Performing Test C_SUPPORTS_STRING_CONVERSION_FLAG
-- Performing Test C_SUPPORTS_STRING_CONVERSION_FLAG - Success
-- Performing Test CXX_SUPPORTS_STRING_CONVERSION_FLAG
-- Performing Test CXX_SUPPORTS_STRING_CONVERSION_FLAG - Success
-- Performing Test C_SUPPORTS_MISLEADING_INDENTATION_FLAG
-- Performing Test C_SUPPORTS_MISLEADING_INDENTATION_FLAG - Success
-- Performing Test CXX_SUPPORTS_MISLEADING_INDENTATION_FLAG
-- Performing Test CXX_SUPPORTS_MISLEADING_INDENTATION_FLAG - Success
-- Performing Test C_SUPPORTS_CTAD_MAYBE_UNSPPORTED_FLAG
-- Performing Test C_SUPPORTS_CTAD_MAYBE_UNSPPORTED_FLAG - Success
-- Performing Test CXX_SUPPORTS_CTAD_MAYBE_UNSPPORTED_FLAG
-- Performing Test CXX_SUPPORTS_CTAD_MAYBE_UNSPPORTED_FLAG - Success
-- Performing Test LINKER_SUPPORTS_COLOR_DIAGNOSTICS
-- Performing Test LINKER_SUPPORTS_COLOR_DIAGNOSTICS - Failed
-- Looking for os_signpost_interval_begin
-- Looking for os_signpost_interval_begin - found
-- Performing Test macos_signposts_usable
-- Performing Test macos_signposts_usable - Success
-- Linker detection: Apple
-- Performing Test HAS_WERROR_GLOBAL_CTORS
-- Performing Test HAS_WERROR_GLOBAL_CTORS - Success
-- Performing Test LLVM_HAS_NOGLOBAL_CTOR_MUTEX
-- Performing Test LLVM_HAS_NOGLOBAL_CTOR_MUTEX - Failed
-- Looking for __x86_64__
-- Looking for __x86_64__ - not found
-- Found Git: /opt/homebrew/bin/git (found version "2.51.0")
-- Targeting X86
-- Targeting ARM
-- Targeting AArch64
-- Targeting PowerPC
-- Targeting SystemZ
-- Targeting Mips
-- Targeting RISCV
-- Targeting WebAssembly
-- Targeting AVR
CMake Deprecation Warning at /Users/wezzard/Repositories/com.github~WeZZard/swift-project-6.1/llvm-project/cmake/Modules/CMakePolicy.cmake:6 (cmake_policy):
  The OLD behavior for policy CMP0114 will be removed from a future version
  of CMake.

  The cmake-policies(7) manual explains that the OLD behaviors of all
  policies are deprecated and that a policy should be set to OLD only under
  specific short-term circumstances.  Projects should be ported to the NEW
  behavior and not rely on setting a policy to OLD.
Call Stack (most recent call first):
  /Users/wezzard/Repositories/com.github~WeZZard/swift-project-6.1/llvm-project/clang/CMakeLists.txt:6 (include)


CMake Deprecation Warning at /Users/wezzard/Repositories/com.github~WeZZard/swift-project-6.1/llvm-project/cmake/Modules/CMakePolicy.cmake:11 (cmake_policy):
  The OLD behavior for policy CMP0116 will be removed from a future version
  of CMake.

  The cmake-policies(7) manual explains that the OLD behaviors of all
  policies are deprecated and that a policy should be set to OLD only under
  specific short-term circumstances.  Projects should be ported to the NEW
  behavior and not rely on setting a policy to OLD.
Call Stack (most recent call first):
  /Users/wezzard/Repositories/com.github~WeZZard/swift-project-6.1/llvm-project/clang/CMakeLists.txt:6 (include)


-- Looking for sys/resource.h
-- Looking for sys/resource.h - found
-- Clang version: 17.0.0
-- Performing Test CXX_SUPPORTS_NO_NESTED_ANON_TYPES_FLAG
-- Performing Test CXX_SUPPORTS_NO_NESTED_ANON_TYPES_FLAG - Success
-- Host linker version: 1167.5
-- Looking for include file CoreServices/CoreServices.h
-- Looking for include file CoreServices/CoreServices.h - found
-- Looking for include file CoreServices/CoreServices.h
-- Looking for include file CoreServices/CoreServices.h - found
CMake Deprecation Warning at /Users/wezzard/Repositories/com.github~WeZZard/swift-project-6.1/llvm-project/cmake/Modules/CMakePolicy.cmake:6 (cmake_policy):
  The OLD behavior for policy CMP0114 will be removed from a future version
  of CMake.

  The cmake-policies(7) manual explains that the OLD behaviors of all
  policies are deprecated and that a policy should be set to OLD only under
  specific short-term circumstances.  Projects should be ported to the NEW
  behavior and not rely on setting a policy to OLD.
Call Stack (most recent call first):
  /Users/wezzard/Repositories/com.github~WeZZard/swift-project-6.1/llvm-project/lld/CMakeLists.txt:6 (include)


CMake Deprecation Warning at /Users/wezzard/Repositories/com.github~WeZZard/swift-project-6.1/llvm-project/cmake/Modules/CMakePolicy.cmake:11 (cmake_policy):
  The OLD behavior for policy CMP0116 will be removed from a future version
  of CMake.

  The cmake-policies(7) manual explains that the OLD behaviors of all
  policies are deprecated and that a policy should be set to OLD only under
  specific short-term circumstances.  Projects should be ported to the NEW
  behavior and not rely on setting a policy to OLD.
Call Stack (most recent call first):
  /Users/wezzard/Repositories/com.github~WeZZard/swift-project-6.1/llvm-project/lld/CMakeLists.txt:6 (include)


-- LLD version: 17.0.0
-- Registering ExampleIRTransforms as a pass plugin (static build: OFF)
-- Registering Bye as a pass plugin (static build: OFF)
CMake Deprecation Warning at /Users/wezzard/Repositories/com.github~WeZZard/swift-project-6.1/llvm-project/third-party/benchmark/CMakeLists.txt:1 (cmake_minimum_required):
  Compatibility with CMake < 3.10 will be removed from a future version of
  CMake.

  Update the VERSION argument <min> value.  Or, use the <min>...<max> syntax
  to tell CMake that the project requires at least <min> but has been updated
  to work with policies introduced by <max> or earlier.


-- git version: v0.0.0 normalized to 0.0.0
-- Version: 1.6.0
-- Looking for shm_open in rt
-- Looking for shm_open in rt - not found
-- Performing Test HAVE_CXX_FLAG_STD_CXX11
-- Performing Test HAVE_CXX_FLAG_STD_CXX11 - Success
-- Performing Test HAVE_CXX_FLAG_WALL
-- Performing Test HAVE_CXX_FLAG_WALL - Success
-- Performing Test HAVE_CXX_FLAG_WEXTRA
-- Performing Test HAVE_CXX_FLAG_WEXTRA - Success
-- Performing Test HAVE_CXX_FLAG_WSHADOW
-- Performing Test HAVE_CXX_FLAG_WSHADOW - Success
-- Performing Test HAVE_CXX_FLAG_WSUGGEST_OVERRIDE
-- Performing Test HAVE_CXX_FLAG_WSUGGEST_OVERRIDE - Success
-- Performing Test HAVE_CXX_FLAG_PEDANTIC
-- Performing Test HAVE_CXX_FLAG_PEDANTIC - Success
-- Performing Test HAVE_CXX_FLAG_PEDANTIC_ERRORS
-- Performing Test HAVE_CXX_FLAG_PEDANTIC_ERRORS - Success
-- Performing Test HAVE_CXX_FLAG_WSHORTEN_64_TO_32
-- Performing Test HAVE_CXX_FLAG_WSHORTEN_64_TO_32 - Success
-- Performing Test HAVE_CXX_FLAG_FSTRICT_ALIASING
-- Performing Test HAVE_CXX_FLAG_FSTRICT_ALIASING - Success
-- Performing Test HAVE_CXX_FLAG_WNO_DEPRECATED_DECLARATIONS
-- Performing Test HAVE_CXX_FLAG_WNO_DEPRECATED_DECLARATIONS - Success
-- Performing Test HAVE_CXX_FLAG_FNO_EXCEPTIONS
-- Performing Test HAVE_CXX_FLAG_FNO_EXCEPTIONS - Success
-- Performing Test HAVE_CXX_FLAG_WSTRICT_ALIASING
-- Performing Test HAVE_CXX_FLAG_WSTRICT_ALIASING - Success
-- Performing Test HAVE_CXX_FLAG_WD654
-- Performing Test HAVE_CXX_FLAG_WD654 - Failed
-- Performing Test HAVE_CXX_FLAG_WTHREAD_SAFETY
-- Performing Test HAVE_CXX_FLAG_WTHREAD_SAFETY - Success
-- Performing Test HAVE_THREAD_SAFETY_ATTRIBUTES
-- Performing Test HAVE_THREAD_SAFETY_ATTRIBUTES
-- Performing Test HAVE_THREAD_SAFETY_ATTRIBUTES -- failed to compile
-- Performing Test HAVE_CXX_FLAG_COVERAGE
-- Performing Test HAVE_CXX_FLAG_COVERAGE - Success
-- Performing Test HAVE_GNU_POSIX_REGEX
-- Performing Test HAVE_GNU_POSIX_REGEX
-- Performing Test HAVE_GNU_POSIX_REGEX -- failed to compile
-- Performing Test HAVE_POSIX_REGEX
-- Performing Test HAVE_POSIX_REGEX
-- Performing Test HAVE_POSIX_REGEX -- success
-- Performing Test HAVE_STEADY_CLOCK
-- Performing Test HAVE_STEADY_CLOCK
-- Performing Test HAVE_STEADY_CLOCK -- success
-- Configuring done (19.9s)
-- Generating done (2.5s)
CMake Warning:
  Manually-specified variables were not used by the project:

    CLANG_VERSION_PATCH
    CMAKE_Swift_COMPILER
    COVERAGE_DB
    LLVM_TOOL_SWIFT_BUILD
    SANITIZER_MIN_OSX_VERSION
    SWIFTSYNTAX_ENABLE_ASSERTIONS
    SWIFT_BUILD_SWIFT_SYNTAX
    SWIFT_DARWIN_SUPPORTED_ARCHS
    SWIFT_EARLY_SWIFT_DRIVER_BUILD
    SWIFT_PATH_TO_SWIFT_SYNTAX_SOURCE


-- Build files have been written to: /Users/wezzard/Repositories/com.github~WeZZard/swift-project-6.1/build/build-test/llvm-macosx-arm64
+ popd
+ env /opt/homebrew/bin/pump /opt/homebrew/bin/cmake --build '/Users/wezzard/Repositories/com.github~WeZZard/swift-project-6.1/build/build-test/llvm-macosx-arm64' --config RelWithDebInfo -- -j14 all
__________Using distcc-pump from /opt/homebrew/bin/../Cellar/distcc/HEAD-48041cd_1/bin
__________Using        2 distcc servers in pump mode
[1/5247][  0%][0.221s] Building C object lib/Support/BLAKE3/CMakeFiles/LLVMSupportBlake3.dir/blake3_dispatch.c.o
[2/5247][  0%][0.234s] Generating VCSRevision.h
[3/5247][  0%][0.263s] Building CXX object lib/Support/CMakeFiles/LLVMSupport.dir/ABIBreak.cpp.o
[4/5247][  0%][0.264s] Building C object lib/Support/BLAKE3/CMakeFiles/LLVMSupportBlake3.dir/blake3.c.o
[5/5247][  0%][0.306s] Building C object lib/Support/BLAKE3/CMakeFiles/LLVMSupportBlake3.dir/blake3_portable.c.o
[6/5247][  0%][0.307s] Building C object lib/Support/BLAKE3/CMakeFiles/LLVMSupportBlake3.dir/blake3_neon.c.o
[7/5247][  0%][0.399s] Building CXX object lib/Demangle/CMakeFiles/LLVMDemangle.dir/Demangle.cpp.o
[8/5247][  0%][0.476s] Building CXX object lib/Demangle/CMakeFiles/LLVMDemangle.dir/DLangDemangle.cpp.o
[9/5247][  0%][0.543s] Building CXX object lib/Demangle/CMakeFiles/LLVMDemangle.dir/MicrosoftDemangleNodes.cpp.o
[10/5247][  0%][0.565s] Building CXX object lib/Demangle/CMakeFiles/LLVMDemangle.dir/RustDemangle.cpp.o
[11/5247][  0%][0.789s] Building CXX object lib/Support/CMakeFiles/LLVMSupport.dir/APSInt.cpp.o
[12/5247][  0%][0.803s] Building CXX object utils/TableGen/CMakeFiles/obj.LLVMTableGenCommon.dir/Attributes.cpp.o
[13/5247][  0%][0.838s] Building CXX object lib/Support/CMakeFiles/LLVMSupport.dir/AutoConvert.cpp.o
[14/5247][  0%][0.841s] Building CXX object lib/Support/CMakeFiles/LLVMSupport.dir/ARMBuildAttrs.cpp.o
[15/5247][  0%][0.870s] Building CXX object lib/Support/CMakeFiles/LLVMSupport.dir/APFixedPoint.cpp.o
[16/5247][  0%][0.887s] Building CXX object lib/Support/CMakeFiles/LLVMSupport.dir/ARMWinEH.cpp.o
[17/5247][  0%][1.007s] Building CXX object lib/Demangle/CMakeFiles/LLVMDemangle.dir/MicrosoftDemangle.cpp.o
[18/5247][  0%][1.082s] Building CXX object lib/Support/CMakeFiles/LLVMSupport.dir/AMDGPUMetadata.cpp.o
[19/5247][  0%][1.134s] Building CXX object lib/Support/CMakeFiles/LLVMSupport.dir/Allocator.cpp.o
[20/5247][  0%][1.294s] Building CXX object utils/TableGen/CMakeFiles/obj.LLVMTableGenCommon.dir/CodeGenIntrinsics.cpp.o
[21/5247][  0%][1.471s] Building CXX object lib/Support/CMakeFiles/LLVMSupport.dir/Base64.cpp.o
[22/5247][  0%][1.504s] Building CXX object lib/Support/CMakeFiles/LLVMSupport.dir/BinaryStreamError.cpp.o
[23/5247][  0%][1.564s] Building CXX object lib/Support/CMakeFiles/LLVMSupport.dir/BlockFrequency.cpp.o
[24/5247][  0%][1.616s] Building CXX object lib/Support/CMakeFiles/LLVMSupport.dir/ARMAttributeParser.cpp.o
[25/5247][  0%][1.645s] Building CXX object utils/TableGen/CMakeFiles/obj.LLVMTableGenCommon.dir/IntrinsicEmitter.cpp.o
[26/5247][  0%][1.647s] Building CXX object lib/Support/CMakeFiles/LLVMSupport.dir/BinaryStreamReader.cpp.o
[27/5247][  0%][1.648s] Building CXX object lib/Support/CMakeFiles/LLVMSupport.dir/BuryPointer.cpp.o
[28/5247][  0%][1.649s] Building CXX object utils/TableGen/CMakeFiles/obj.LLVMTableGenCommon.dir/DirectiveEmitter.cpp.o
[29/5247][  0%][1.664s] Building CXX object lib/Support/CMakeFiles/LLVMSupport.dir/BinaryStreamRef.cpp.o
[30/5247][  0%][1.685s] Building CXX object lib/Support/CMakeFiles/LLVMSupport.dir/COM.cpp.o
[31/5247][  0%][1.706s] Building CXX object lib/Support/CMakeFiles/LLVMSupport.dir/BranchProbability.cpp.o
[32/5247][  0%][1.711s] Building CXX object lib/Support/CMakeFiles/LLVMSupport.dir/BinaryStreamWriter.cpp.o
[33/5247][  0%][1.742s] Building CXX object lib/Demangle/CMakeFiles/LLVMDemangle.dir/ItaniumDemangle.cpp.o
[34/5247][  0%][1.768s] Linking CXX static library lib/libLLVMDemangle.a
[35/5247][  0%][1.809s] Building CXX object lib/Support/CMakeFiles/LLVMSupport.dir/APInt.cpp.o
[36/5247][  0%][1.899s] Building CXX object lib/Support/CMakeFiles/LLVMSupport.dir/APFloat.cpp.o
[37/5247][  0%][1.963s] Building CXX object lib/Support/CMakeFiles/LLVMSupport.dir/ConvertUTF.cpp.o
[38/5247][  0%][1.972s] Building CXX object lib/Support/CMakeFiles/LLVMSupport.dir/circular_raw_ostream.cpp.o
[39/5247][  0%][2.036s] Building CXX object lib/Support/CMakeFiles/LLVMSupport.dir/CRC.cpp.o
[40/5247][  0%][2.063s] Building CXX object lib/Support/CMakeFiles/LLVMSupport.dir/ConvertEBCDIC.cpp.o
[41/5247][  0%][2.081s] Building CXX object lib/Support/CMakeFiles/LLVMSupport.dir/Chrono.cpp.o
[42/5247][  0%][2.119s] Building CXX object lib/Support/CMakeFiles/LLVMSupport.dir/Compression.cpp.o
[43/5247][  0%][2.198s] Building CXX object lib/Support/CMakeFiles/LLVMSupport.dir/CrashRecoveryContext.cpp.o
[44/5247][  0%][2.204s] Building CXX object lib/Support/CMakeFiles/LLVMSupport.dir/CachePruning.cpp.o
[45/5247][  0%][2.211s] Building CXX object lib/Support/CMakeFiles/LLVMSupport.dir/ConvertUTFWrapper.cpp.o
[46/5247][  0%][2.235s] Building CXX object lib/Support/CMakeFiles/LLVMSupport.dir/CSKYAttributes.cpp.o
[47/5247][  0%][2.285s] Building CXX object lib/Support/CMakeFiles/LLVMSupport.dir/CodeGenCoverage.cpp.o
[48/5247][  0%][2.298s] Building CXX object lib/Support/CMakeFiles/LLVMSupport.dir/DivisionByConstantInfo.cpp.o
[49/5247][  0%][2.456s] Building CXX object lib/Support/CMakeFiles/LLVMSupport.dir/BalancedPartitioning.cpp.o
[50/5247][  0%][2.463s] Building CXX object lib/Support/CMakeFiles/LLVMSupport.dir/Caching.cpp.o
[51/5247][  0%][2.489s] Building CXX object lib/Support/CMakeFiles/LLVMSupport.dir/ExtensibleRTTI.cpp.o
[52/5247][  0%][2.516s] Building CXX object lib/Support/CMakeFiles/LLVMSupport.dir/CSKYAttributeParser.cpp.o
[53/5247][  1%][2.535s] Building CXX object lib/Support/CMakeFiles/LLVMSupport.dir/DJB.cpp.o
[54/5247][  1%][2.542s] Building CXX object lib/Support/CMakeFiles/LLVMSupport.dir/DataExtractor.cpp.o
[55/5247][  1%][2.572s] Building CXX object lib/Support/CMakeFiles/LLVMSupport.dir/ELFAttributes.cpp.o
[56/5247][  1%][2.631s] Building CXX object lib/Support/CMakeFiles/LLVMSupport.dir/DeltaAlgorithm.cpp.o
[57/5247][  1%][2.703s] Building CXX object lib/Support/CMakeFiles/LLVMSupport.dir/Debug.cpp.o
[58/5247][  1%][2.823s] Building CXX object lib/Support/CMakeFiles/LLVMSupport.dir/DebugCounter.cpp.o
[59/5247][  1%][2.827s] Building CXX object lib/Support/CMakeFiles/LLVMSupport.dir/ErrorHandling.cpp.o
[60/5247][  1%][2.906s] Building CXX object lib/Support/CMakeFiles/LLVMSupport.dir/DAGDeltaAlgorithm.cpp.o
[61/5247][  1%][2.917s] Building CXX object lib/Support/CMakeFiles/LLVMSupport.dir/Error.cpp.o
[62/5247][  1%][2.928s] Building CXX object lib/Support/CMakeFiles/LLVMSupport.dir/FloatingPointMode.cpp.o
[63/5247][  1%][2.950s] Building CXX object lib/Support/CMakeFiles/LLVMSupport.dir/FormattedStream.cpp.o
[64/5247][  1%][2.971s] Building CXX object lib/Support/CMakeFiles/LLVMSupport.dir/FoldingSet.cpp.o
[65/5247][  1%][3.007s] Building CXX object lib/Support/CMakeFiles/LLVMSupport.dir/ELFAttributeParser.cpp.o
[66/5247][  1%][3.064s] Building CXX object lib/Support/CMakeFiles/LLVMSupport.dir/Hashing.cpp.o
[67/5247][  1%][3.076s] Building CXX object lib/Support/CMakeFiles/LLVMSupport.dir/FormatVariadic.cpp.o
[68/5247][  1%][3.146s] Building CXX object lib/Support/CMakeFiles/LLVMSupport.dir/FileUtilities.cpp.o
[69/5247][  1%][3.158s] Building CXX object lib/Support/CMakeFiles/LLVMSupport.dir/FileOutputBuffer.cpp.o
[70/5247][  1%][3.251s] Building CXX object lib/Support/CMakeFiles/LLVMSupport.dir/InitLLVM.cpp.o
[71/5247][  1%][3.253s] Building CXX object lib/Support/CMakeFiles/LLVMSupport.dir/GlobPattern.cpp.o
[72/5247][  1%][3.256s] Building CXX object lib/Support/CMakeFiles/LLVMSupport.dir/FileCollector.cpp.o
[73/5247][  1%][3.271s] Building CXX object lib/Support/CMakeFiles/LLVMSupport.dir/InstructionCost.cpp.o
[74/5247][  1%][3.273s] Building CXX object lib/Support/CMakeFiles/LLVMSupport.dir/IntEqClasses.cpp.o
[75/5247][  1%][3.307s] Building CXX object lib/Support/CMakeFiles/LLVMSupport.dir/MemAlloc.cpp.o
[76/5247][  1%][3.320s] Building CXX object lib/Support/CMakeFiles/LLVMSupport.dir/MathExtras.cpp.o
[77/5247][  1%][3.358s] Building CXX object lib/Support/CMakeFiles/LLVMSupport.dir/IntervalMap.cpp.o
[78/5247][  1%][3.405s] Building CXX object lib/Support/CMakeFiles/LLVMSupport.dir/LEB128.cpp.o
[79/5247][  1%][3.455s] Building CXX object lib/Support/CMakeFiles/LLVMSupport.dir/Locale.cpp.o
[80/5247][  1%][3.458s] Building CXX object lib/Support/CMakeFiles/LLVMSupport.dir/GraphWriter.cpp.o
[81/5247][  1%][3.463s] Building CXX object lib/Support/CMakeFiles/LLVMSupport.dir/LineIterator.cpp.o
[82/5247][  1%][3.581s] Building CXX object lib/Support/CMakeFiles/LLVMSupport.dir/ManagedStatic.cpp.o
[83/5247][  1%][3.661s] Building CXX object lib/Support/CMakeFiles/LLVMSupport.dir/MemoryBufferRef.cpp.o
[84/5247][  1%][3.678s] Building CXX object lib/Support/CMakeFiles/LLVMSupport.dir/MSP430Attributes.cpp.o
[85/5247][  1%][3.704s] Building CXX object lib/Support/CMakeFiles/LLVMSupport.dir/KnownBits.cpp.o
[86/5247][  1%][3.725s] Building CXX object lib/Support/CMakeFiles/LLVMSupport.dir/CommandLine.cpp.o
[87/5247][  1%][3.735s] Building CXX object lib/Support/CMakeFiles/LLVMSupport.dir/MD5.cpp.o
[88/5247][  1%][3.832s] Building CXX object lib/Support/CMakeFiles/LLVMSupport.dir/LockFileManager.cpp.o
[89/5247][  1%][3.838s] Building CXX object lib/Support/CMakeFiles/LLVMSupport.dir/Optional.cpp.o
[90/5247][  1%][3.852s] Building CXX object lib/Support/CMakeFiles/LLVMSupport.dir/NativeFormatting.cpp.o
[91/5247][  1%][3.884s] Building CXX object lib/Support/CMakeFiles/LLVMSupport.dir/MSP430AttributeParser.cpp.o
[92/5247][  1%][3.942s] Building CXX object lib/Support/CMakeFiles/LLVMSupport.dir/OptimizedStructLayout.cpp.o
[93/5247][  1%][3.962s] Building CXX object lib/Support/CMakeFiles/LLVMSupport.dir/MemoryBuffer.cpp.o
[94/5247][  1%][3.980s] Building CXX object lib/Support/CMakeFiles/LLVMSupport.dir/PGOOptions.cpp.o
[95/5247][  1%][4.016s] Building CXX object lib/Support/CMakeFiles/LLVMSupport.dir/JSON.cpp.o
[96/5247][  1%][4.106s] Building CXX object lib/Support/CMakeFiles/LLVMSupport.dir/PluginLoader.cpp.o
[97/5247][  1%][4.141s] Building CXX object lib/Support/CMakeFiles/LLVMSupport.dir/PrettyStackTrace.cpp.o
[98/5247][  1%][4.182s] Building CXX object lib/Support/CMakeFiles/LLVMSupport.dir/RISCVAttributes.cpp.o
[99/5247][  1%][4.221s] Building CXX object lib/Support/CMakeFiles/LLVMSupport.dir/Regex.cpp.o
[100/5247][  1%][4.373s] Building CXX object lib/Support/CMakeFiles/LLVMSupport.dir/RISCVAttributeParser.cpp.o
[101/5247][  1%][4.375s] Building CXX object lib/Support/CMakeFiles/LLVMSupport.dir/Parallel.cpp.o
[102/5247][  1%][4.396s] Building CXX object lib/Support/CMakeFiles/LLVMSupport.dir/SHA1.cpp.o
[103/5247][  1%][4.398s] Building CXX object lib/Support/CMakeFiles/LLVMSupport.dir/SmallPtrSet.cpp.o
[104/5247][  1%][4.425s] Building CXX object lib/Support/CMakeFiles/LLVMSupport.dir/RandomNumberGenerator.cpp.o
[105/5247][  2%][4.438s] Building CXX object lib/Support/CMakeFiles/LLVMSupport.dir/ScaledNumber.cpp.o
[106/5247][  2%][4.440s] Building CXX object lib/Support/CMakeFiles/LLVMSupport.dir/SHA256.cpp.o
[107/5247][  2%][4.496s] Building CXX object lib/Support/CMakeFiles/LLVMSupport.dir/PrefixMappingFileSystem.cpp.o
[108/5247][  2%][4.571s] Building CXX object lib/Support/CMakeFiles/LLVMSupport.dir/PrefixMapper.cpp.o
[109/5247][  2%][4.579s] Building CXX object lib/Support/CMakeFiles/LLVMSupport.dir/SmallVector.cpp.o
[110/5247][  2%][4.604s] Building CXX object lib/Support/CMakeFiles/LLVMSupport.dir/Signposts.cpp.o
[111/5247][  2%][4.635s] Building CXX object lib/Support/CMakeFiles/LLVMSupport.dir/SuffixTreeNode.cpp.o
[112/5247][  2%][4.701s] Building CXX object lib/Support/CMakeFiles/LLVMSupport.dir/ScopedPrinter.cpp.o
[113/5247][  2%][4.783s] Building CXX object lib/Support/CMakeFiles/LLVMSupport.dir/StringMap.cpp.o
[114/5247][  2%][4.804s] Building CXX object lib/Support/CMakeFiles/LLVMSupport.dir/StringExtras.cpp.o
[115/5247][  2%][4.847s] Building CXX object lib/Support/CMakeFiles/LLVMSupport.dir/StringSaver.cpp.o
[116/5247][  2%][4.879s] Building CXX object lib/Support/CMakeFiles/LLVMSupport.dir/SystemUtils.cpp.o
[117/5247][  2%][4.981s] Building CXX object lib/Support/CMakeFiles/LLVMSupport.dir/RISCVISAInfo.cpp.o
[118/5247][  2%][5.025s] Building CXX object lib/Support/CMakeFiles/LLVMSupport.dir/SuffixTree.cpp.o
[119/5247][  2%][5.147s] Building CXX object lib/Support/CMakeFiles/LLVMSupport.dir/TarWriter.cpp.o
[120/5247][  2%][5.156s] Building CXX object lib/Support/CMakeFiles/LLVMSupport.dir/Statistic.cpp.o
[121/5247][  2%][5.159s] Building CXX object lib/Support/CMakeFiles/LLVMSupport.dir/StringRef.cpp.o
[122/5247][  2%][5.218s] Building CXX object lib/Support/CMakeFiles/LLVMSupport.dir/SpecialCaseList.cpp.o
[123/5247][  2%][5.229s] Building CXX object lib/Support/CMakeFiles/LLVMSupport.dir/SourceMgr.cpp.o
[124/5247][  2%][5.305s] Building CXX object lib/Support/CMakeFiles/LLVMSupport.dir/UnicodeNameToCodepointGenerated.cpp.o
[125/5247][  2%][5.307s] Building CXX object lib/Support/CMakeFiles/LLVMSupport.dir/Twine.cpp.o
[126/5247][  2%][5.317s] Building CXX object lib/Support/CMakeFiles/LLVMSupport.dir/ToolOutputFile.cpp.o
[127/5247][  2%][5.319s] Building CXX object lib/Support/CMakeFiles/LLVMSupport.dir/ThreadPool.cpp.o
[128/5247][  2%][5.330s] Building CXX object lib/Support/CMakeFiles/LLVMSupport.dir/TypeSize.cpp.o
[129/5247][  2%][5.337s] Building CXX object lib/Support/CMakeFiles/LLVMSupport.dir/Unicode.cpp.o
[130/5247][  2%][5.374s] Building CXX object lib/Support/CMakeFiles/LLVMSupport.dir/UnicodeCaseFold.cpp.o
[131/5247][  2%][5.510s] Building CXX object lib/Support/CMakeFiles/LLVMSupport.dir/TimeProfiler.cpp.o
[132/5247][  2%][5.520s] Building CXX object lib/Support/CMakeFiles/LLVMSupport.dir/VersionTuple.cpp.o
[133/5247][  2%][5.636s] Building CXX object lib/Support/CMakeFiles/LLVMSupport.dir/UnicodeNameToCodepoint.cpp.o
[134/5247][  2%][5.752s] Building CXX object lib/Support/CMakeFiles/LLVMSupport.dir/raw_os_ostream.cpp.o
[135/5247][  2%][5.767s] Building CXX object lib/Support/CMakeFiles/LLVMSupport.dir/VirtualOutputBackend.cpp.o
[136/5247][  2%][5.780s] Building CXX object lib/Support/CMakeFiles/LLVMSupport.dir/VirtualOutputConfig.cpp.o
[137/5247][  2%][5.799s] Building C object lib/Support/CMakeFiles/LLVMSupport.dir/regerror.c.o
[138/5247][  2%][5.801s] Building CXX object lib/Support/CMakeFiles/LLVMSupport.dir/VirtualOutputError.cpp.o
[139/5247][  2%][5.801s] Building CXX object lib/Support/CMakeFiles/LLVMSupport.dir/Timer.cpp.o
[140/5247][  2%][5.807s] Building CXX object lib/Support/CMakeFiles/LLVMSupport.dir/raw_ostream_proxy.cpp.o
[141/5247][  2%][5.829s] Building C object lib/Support/CMakeFiles/LLVMSupport.dir/regfree.c.o
[142/5247][  2%][5.840s] Building C object lib/Support/CMakeFiles/LLVMSupport.dir/regstrlcpy.c.o
[143/5247][  2%][5.848s] Building CXX object lib/Support/CMakeFiles/LLVMSupport.dir/Atomic.cpp.o
[144/5247][  2%][5.900s] Building C object lib/Support/CMakeFiles/LLVMSupport.dir/regcomp.c.o
[145/5247][  2%][5.921s] Building CXX object lib/Support/CMakeFiles/LLVMSupport.dir/WithColor.cpp.o
[146/5247][  2%][5.940s] Building CXX object lib/Support/CMakeFiles/LLVMSupport.dir/VirtualOutputFile.cpp.o
[147/5247][  2%][5.999s] Building C object lib/Support/CMakeFiles/LLVMSupport.dir/regexec.c.o
[148/5247][  2%][6.110s] Building CXX object lib/Support/CMakeFiles/LLVMSupport.dir/Errno.cpp.o
[149/5247][  2%][6.134s] Building CXX object lib/Support/CMakeFiles/LLVMSupport.dir/VirtualOutputBackends.cpp.o
[150/5247][  2%][6.212s] Building CXX object lib/Support/CMakeFiles/LLVMSupport.dir/xxhash.cpp.o
[151/5247][  2%][6.239s] Building CXX object lib/Support/CMakeFiles/LLVMSupport.dir/Valgrind.cpp.o
[152/5247][  2%][6.241s] Building CXX object lib/Support/CMakeFiles/LLVMSupport.dir/YAMLTraits.cpp.o
[153/5247][  2%][6.246s] Building CXX object lib/Support/CMakeFiles/LLVMSupport.dir/raw_ostream.cpp.o
[154/5247][  2%][6.273s] Building CXX object lib/Support/CMakeFiles/LLVMSupport.dir/DynamicLibrary.cpp.o
[155/5247][  2%][6.275s] Building CXX object lib/Support/CMakeFiles/LLVMSupport.dir/Watchdog.cpp.o
[156/5247][  2%][6.277s] Building CXX object lib/Support/CMakeFiles/LLVMSupport.dir/Z3Solver.cpp.o
[157/5247][  2%][6.393s] Building CXX object lib/Support/CMakeFiles/LLVMSupport.dir/RWMutex.cpp.o
[158/5247][  3%][6.505s] Building CXX object lib/Support/CMakeFiles/LLVMSupport.dir/Memory.cpp.o
[159/5247][  3%][6.548s] Building CXX object lib/Support/CMakeFiles/LLVMSupport.dir/Process.cpp.o
[160/5247][  3%][6.625s] Building CXX object lib/Support/CMakeFiles/LLVMSupport.dir/YAMLParser.cpp.o
[161/5247][  3%][6.690s] Building CXX object lib/Support/CMakeFiles/LLVMSupport.dir/Program.cpp.o
[162/5247][  3%][6.721s] Building CXX object lib/Support/CMakeFiles/LLVMSupport.dir/Threading.cpp.o
[163/5247][  3%][6.970s] Building CXX object lib/TableGen/CMakeFiles/LLVMTableGen.dir/Error.cpp.o
[164/5247][  3%][7.131s] Building CXX object lib/Support/CMakeFiles/LLVMSupport.dir/Signals.cpp.o
[165/5247][  3%][7.133s] Building CXX object lib/TableGen/CMakeFiles/LLVMTableGen.dir/StringMatcher.cpp.o
[166/5247][  3%][7.152s] Building CXX object lib/TableGen/CMakeFiles/LLVMTableGen.dir/Parser.cpp.o
[167/5247][  3%][7.169s] Building CXX object lib/Support/CMakeFiles/LLVMSupport.dir/Path.cpp.o
[168/5247][  3%][7.179s] Building CXX object lib/TableGen/CMakeFiles/LLVMTableGen.dir/DetailedRecordsBackend.cpp.o
[169/5247][  3%][7.202s] Building CXX object lib/TableGen/CMakeFiles/LLVMTableGen.dir/TableGenBackendSkeleton.cpp.o
[170/5247][  3%][7.217s] Building CXX object lib/TableGen/CMakeFiles/LLVMTableGen.dir/TableGenBackend.cpp.o
[171/5247][  3%][7.373s] Building CXX object lib/TableGen/CMakeFiles/LLVMTableGen.dir/JSONBackend.cpp.o
[172/5247][  3%][7.480s] Building CXX object lib/TableGen/CMakeFiles/LLVMTableGen.dir/SetTheory.cpp.o
[173/5247][  3%][7.530s] Building CXX object lib/Support/CMakeFiles/LLVMSupport.dir/VirtualFileSystem.cpp.o
[174/5247][  3%][7.546s] Building CXX object lib/TableGen/CMakeFiles/LLVMTableGen.dir/Main.cpp.o
[175/5247][  3%][7.579s] Building CXX object lib/TableGen/CMakeFiles/LLVMTableGen.dir/TGLexer.cpp.o
[176/5247][  3%][7.614s] Linking CXX static library lib/libLLVMSupport.a
[177/5247][  3%][7.661s] Building CXX object lib/DebugInfo/CodeView/CMakeFiles/LLVMDebugInfoCodeView.dir/CodeViewError.cpp.o
[178/5247][  3%][7.732s] Building CXX object utils/TableGen/CMakeFiles/obj.LLVMTableGenCommon.dir/SDNodeProperties.cpp.o
[179/5247][  3%][7.850s] Building CXX object lib/DebugInfo/CodeView/CMakeFiles/LLVMDebugInfoCodeView.dir/AppendingTypeTableBuilder.cpp.o
[180/5247][  3%][7.855s] Building CXX object utils/TableGen/CMakeFiles/obj.LLVMTableGenCommon.dir/VTEmitter.cpp.o
[181/5247][  3%][7.888s] Building CXX object utils/TableGen/CMakeFiles/obj.LLVMTableGenCommon.dir/RISCVTargetDefEmitter.cpp.o
[182/5247][  3%][7.898s] Building CXX object utils/TableGen/CMakeFiles/llvm-min-tblgen.dir/TableGen.cpp.o
[183/5247][  3%][8.003s] Building CXX object lib/DebugInfo/CodeView/CMakeFiles/LLVMDebugInfoCodeView.dir/CodeViewRecordIO.cpp.o
[184/5247][  3%][8.147s] Building CXX object lib/Bitstream/Reader/CMakeFiles/LLVMBitstreamReader.dir/BitstreamReader.cpp.o
[185/5247][  3%][8.155s] Building CXX object lib/DebugInfo/CodeView/CMakeFiles/LLVMDebugInfoCodeView.dir/DebugChecksumsSubsection.cpp.o
[186/5247][  3%][8.163s] Linking CXX static library lib/libLLVMBitstreamReader.a
[187/5247][  3%][8.189s] Building CXX object lib/DebugInfo/CodeView/CMakeFiles/LLVMDebugInfoCodeView.dir/DebugCrossExSubsection.cpp.o
[188/5247][  3%][8.197s] Building CXX object lib/DebugInfo/CodeView/CMakeFiles/LLVMDebugInfoCodeView.dir/ContinuationRecordBuilder.cpp.o
[189/5247][  3%][8.330s] Building CXX object lib/DebugInfo/CodeView/CMakeFiles/LLVMDebugInfoCodeView.dir/CVSymbolVisitor.cpp.o
[190/5247][  3%][8.376s] Building CXX object lib/DebugInfo/CodeView/CMakeFiles/LLVMDebugInfoCodeView.dir/DebugSubsection.cpp.o
[191/5247][  3%][8.382s] Building CXX object lib/DebugInfo/CodeView/CMakeFiles/LLVMDebugInfoCodeView.dir/DebugInlineeLinesSubsection.cpp.o
[192/5247][  3%][8.409s] Building CXX object lib/DebugInfo/CodeView/CMakeFiles/LLVMDebugInfoCodeView.dir/DebugCrossImpSubsection.cpp.o
[193/5247][  3%][8.428s] Building CXX object lib/DebugInfo/CodeView/CMakeFiles/LLVMDebugInfoCodeView.dir/DebugFrameDataSubsection.cpp.o
[194/5247][  3%][8.448s] Building CXX object lib/DebugInfo/CodeView/CMakeFiles/LLVMDebugInfoCodeView.dir/DebugStringTableSubsection.cpp.o
[195/5247][  3%][8.470s] Building CXX object lib/DebugInfo/CodeView/CMakeFiles/LLVMDebugInfoCodeView.dir/CVTypeVisitor.cpp.o
[196/5247][  3%][8.476s] Building CXX object lib/DebugInfo/CodeView/CMakeFiles/LLVMDebugInfoCodeView.dir/DebugLinesSubsection.cpp.o
[197/5247][  3%][8.488s] Building CXX object lib/DebugInfo/CodeView/CMakeFiles/LLVMDebugInfoCodeView.dir/Line.cpp.o
[198/5247][  3%][8.607s] Building CXX object lib/DebugInfo/CodeView/CMakeFiles/LLVMDebugInfoCodeView.dir/DebugSubsectionRecord.cpp.o
[199/5247][  3%][8.631s] Building CXX object lib/DebugInfo/CodeView/CMakeFiles/LLVMDebugInfoCodeView.dir/DebugSymbolRVASubsection.cpp.o
[200/5247][  3%][8.690s] Building CXX object lib/DebugInfo/CodeView/CMakeFiles/LLVMDebugInfoCodeView.dir/DebugSymbolsSubsection.cpp.o
[201/5247][  3%][8.716s] Building CXX object lib/DebugInfo/CodeView/CMakeFiles/LLVMDebugInfoCodeView.dir/DebugSubsectionVisitor.cpp.o
[202/5247][  3%][8.824s] Building CXX object lib/DebugInfo/CodeView/CMakeFiles/LLVMDebugInfoCodeView.dir/Formatters.cpp.o
[203/5247][  3%][8.947s] Building CXX object lib/DebugInfo/CodeView/CMakeFiles/LLVMDebugInfoCodeView.dir/EnumTables.cpp.o
[204/5247][  3%][8.992s] Building CXX object lib/DebugInfo/CodeView/CMakeFiles/LLVMDebugInfoCodeView.dir/GlobalTypeTableBuilder.cpp.o
[205/5247][  3%][9.023s] Building CXX object lib/DebugInfo/CodeView/CMakeFiles/LLVMDebugInfoCodeView.dir/RecordSerialization.cpp.o
[206/5247][  3%][9.029s] Building CXX object lib/TableGen/CMakeFiles/LLVMTableGen.dir/Record.cpp.o
[207/5247][  3%][9.105s] Building CXX object lib/TableGen/CMakeFiles/LLVMTableGen.dir/TGParser.cpp.o
[208/5247][  3%][9.113s] Building CXX object lib/DebugInfo/CodeView/CMakeFiles/LLVMDebugInfoCodeView.dir/MergingTypeTableBuilder.cpp.o
[209/5247][  3%][9.154s] Linking CXX static library lib/libLLVMTableGen.a
[210/5247][  4%][9.169s] Building CXX object lib/DebugInfo/CodeView/CMakeFiles/LLVMDebugInfoCodeView.dir/LazyRandomTypeCollection.cpp.o
[211/5247][  4%][9.172s] Building CXX object lib/DebugInfo/CodeView/CMakeFiles/LLVMDebugInfoCodeView.dir/SimpleTypeSerializer.cpp.o
[212/5247][  4%][9.175s] Building CXX object lib/DebugInfo/CodeView/CMakeFiles/LLVMDebugInfoCodeView.dir/StringsAndChecksums.cpp.o
[213/5247][  4%][9.240s] Building CXX object lib/DebugInfo/CodeView/CMakeFiles/LLVMDebugInfoCodeView.dir/RecordName.cpp.o
[214/5247][  4%][9.318s] Linking CXX executable bin/llvm-min-tblgen
ld: warning: ignoring duplicate libraries: 'lib/libLLVMSupport.a'
[215/5247][  4%][9.368s] Building CXX object lib/DebugInfo/CodeView/CMakeFiles/LLVMDebugInfoCodeView.dir/SymbolSerializer.cpp.o
[216/5247][  4%][9.381s] Building Attributes.inc...
[217/5247][  4%][9.454s] Building CXX object lib/DebugInfo/CodeView/CMakeFiles/LLVMDebugInfoCodeView.dir/SymbolRecordHelpers.cpp.o
[218/5247][  4%][9.485s] Building CXX object lib/DebugInfo/CodeView/CMakeFiles/LLVMDebugInfoCodeView.dir/SymbolRecordMapping.cpp.o
[219/5247][  4%][9.581s] Building IntrinsicEnums.inc...
[220/5247][  4%][9.594s] Building CXX object lib/DebugInfo/CodeView/CMakeFiles/LLVMDebugInfoCodeView.dir/TypeIndex.cpp.o
[221/5247][  4%][9.598s] Building CXX object lib/DebugInfo/CodeView/CMakeFiles/LLVMDebugInfoCodeView.dir/TypeHashing.cpp.o
[222/5247][  4%][9.659s] Building IntrinsicImpl.inc...
[223/5247][  4%][9.660s] Building CXX object lib/DebugInfo/CodeView/CMakeFiles/LLVMDebugInfoCodeView.dir/TypeTableCollection.cpp.o
[224/5247][  4%][9.693s] Building IntrinsicsAArch64.h...
[225/5247][  4%][9.704s] Building CXX object lib/DebugInfo/CodeView/CMakeFiles/LLVMDebugInfoCodeView.dir/TypeIndexDiscovery.cpp.o
[226/5247][  4%][9.780s] Building IntrinsicsAMDGPU.h...
[227/5247][  4%][9.788s] Building IntrinsicsBPF.h...
[228/5247][  4%][9.806s] Building IntrinsicsARM.h...
[229/5247][  4%][9.815s] Building CXX object lib/DebugInfo/CodeView/CMakeFiles/LLVMDebugInfoCodeView.dir/TypeRecordHelpers.cpp.o
[230/5247][  4%][9.824s] Building CXX object lib/DebugInfo/CodeView/CMakeFiles/LLVMDebugInfoCodeView.dir/TypeDumpVisitor.cpp.o
[231/5247][  4%][9.830s] Building IntrinsicsHexagon.h...
[232/5247][  4%][9.851s] Building CXX object lib/DebugInfo/CodeView/CMakeFiles/LLVMDebugInfoCodeView.dir/SymbolDumper.cpp.o
[233/5247][  4%][9.853s] Building IntrinsicsDirectX.h...
[234/5247][  4%][9.873s] Building IntrinsicsLoongArch.h...
[235/5247][  4%][9.900s] Building IntrinsicsMips.h...
[236/5247][  4%][9.978s] Building IntrinsicsR600.h...
[237/5247][  4%][9.986s] Building IntrinsicsPowerPC.h...
[238/5247][  4%][10.000s] Building IntrinsicsNVPTX.h...
[239/5247][  4%][10.016s] Building IntrinsicsRISCV.h...
[240/5247][  4%][10.019s] Building CXX object lib/DebugInfo/CodeView/CMakeFiles/LLVMDebugInfoCodeView.dir/TypeStreamMerger.cpp.o
[241/5247][  4%][10.019s] Building IntrinsicsS390.h...
[242/5247][  4%][10.027s] Building IntrinsicsSPIRV.h...
[243/5247][  4%][10.037s] Building IntrinsicsWebAssembly.h...
[244/5247][  4%][10.058s] Building IntrinsicsVE.h...
[245/5247][  4%][10.063s] Building IntrinsicsX86.h...
[246/5247][  4%][10.091s] Building IntrinsicsXCore.h...
[247/5247][  4%][10.190s] Building CXX object lib/DebugInfo/MSF/CMakeFiles/LLVMDebugInfoMSF.dir/MappedBlockStream.cpp.o
[248/5247][  4%][10.232s] Building RISCVTargetParserDef.inc...
[249/5247][  4%][10.407s] Building CXX object lib/DebugInfo/CodeView/CMakeFiles/LLVMDebugInfoCodeView.dir/TypeRecordMapping.cpp.o
[250/5247][  4%][10.451s] Building CXX object lib/DebugInfo/MSF/CMakeFiles/LLVMDebugInfoMSF.dir/MSFError.cpp.o
[251/5247][  4%][10.457s] Building CXX object lib/DebugInfo/MSF/CMakeFiles/LLVMDebugInfoMSF.dir/MSFCommon.cpp.o
[252/5247][  4%][10.652s] Building CXX object lib/TargetParser/CMakeFiles/LLVMTargetParser.dir/AArch64TargetParser.cpp.o
[253/5247][  4%][10.655s] Building CXX object tools/clang/utils/TableGen/CMakeFiles/clang-tblgen.dir/ClangCommentCommandInfoEmitter.cpp.o
[254/5247][  4%][10.715s] Building CXX object tools/clang/utils/TableGen/CMakeFiles/clang-tblgen.dir/ClangCommentHTMLNamedCharacterReferenceEmitter.cpp.o
[255/5247][  4%][10.717s] Building CXX object tools/clang/utils/TableGen/CMakeFiles/clang-tblgen.dir/ClangCommentHTMLTagsEmitter.cpp.o
[256/5247][  4%][10.734s] Building CXX object tools/clang/utils/TableGen/CMakeFiles/clang-tblgen.dir/ASTTableGen.cpp.o
[257/5247][  4%][10.792s] Building CXX object tools/clang/utils/TableGen/CMakeFiles/clang-tblgen.dir/ClangASTNodesEmitter.cpp.o
[258/5247][  4%][10.806s] Building CXX object lib/TargetParser/CMakeFiles/LLVMTargetParser.dir/ARMTargetParserCommon.cpp.o
[259/5247][  4%][10.965s] Building CXX object lib/TargetParser/CMakeFiles/LLVMTargetParser.dir/CSKYTargetParser.cpp.o
[260/5247][  4%][10.972s] Building CXX object lib/TargetParser/CMakeFiles/LLVMTargetParser.dir/ARMTargetParser.cpp.o
[261/5247][  4%][11.001s] Building CXX object lib/DebugInfo/MSF/CMakeFiles/LLVMDebugInfoMSF.dir/MSFBuilder.cpp.o
[262/5247][  4%][11.074s] Building CXX object lib/TargetParser/CMakeFiles/LLVMTargetParser.dir/LoongArchTargetParser.cpp.o
[263/5247][  5%][11.088s] Building CXX object lib/TargetParser/CMakeFiles/LLVMTargetParser.dir/RISCVTargetParser.cpp.o
[264/5247][  5%][11.130s] Building CXX object tools/clang/utils/TableGen/CMakeFiles/clang-tblgen.dir/ClangASTPropertiesEmitter.cpp.o
[265/5247][  5%][11.135s] Building CXX object lib/TargetParser/CMakeFiles/LLVMTargetParser.dir/Host.cpp.o
[266/5247][  5%][11.155s] Building CXX object lib/TargetParser/CMakeFiles/LLVMTargetParser.dir/TargetParser.cpp.o
[267/5247][  5%][11.167s] Building CXX object lib/Remarks/CMakeFiles/LLVMRemarks.dir/BitstreamRemarkSerializer.cpp.o
[268/5247][  5%][11.190s] Building CXX object lib/TargetParser/CMakeFiles/LLVMTargetParser.dir/SubtargetFeature.cpp.o
[269/5247][  5%][11.255s] Building CXX object lib/Remarks/CMakeFiles/LLVMRemarks.dir/BitstreamRemarkParser.cpp.o
[270/5247][  5%][11.255s] Building CXX object lib/BinaryFormat/CMakeFiles/LLVMBinaryFormat.dir/Minidump.cpp.o
[271/5247][  5%][11.291s] Building CXX object lib/TargetParser/CMakeFiles/LLVMTargetParser.dir/X86TargetParser.cpp.o
[272/5247][  5%][11.307s] Building CXX object lib/BinaryFormat/CMakeFiles/LLVMBinaryFormat.dir/COFF.cpp.o
[273/5247][  5%][11.463s] Building CXX object lib/BinaryFormat/CMakeFiles/LLVMBinaryFormat.dir/ELF.cpp.o
[274/5247][  5%][11.483s] Building CXX object lib/BinaryFormat/CMakeFiles/LLVMBinaryFormat.dir/DXContainer.cpp.o
[275/5247][  5%][11.490s] Building CXX object lib/BinaryFormat/CMakeFiles/LLVMBinaryFormat.dir/AMDGPUMetadataVerifier.cpp.o
[276/5247][  5%][11.577s] Building CXX object lib/TargetParser/CMakeFiles/LLVMTargetParser.dir/Triple.cpp.o
[277/5247][  5%][11.597s] Building CXX object lib/BinaryFormat/CMakeFiles/LLVMBinaryFormat.dir/MachO.cpp.o
[278/5247][  5%][11.599s] Linking CXX static library lib/libLLVMTargetParser.a
[279/5247][  5%][11.621s] Building CXX object lib/BinaryFormat/CMakeFiles/LLVMBinaryFormat.dir/MsgPackWriter.cpp.o
[280/5247][  5%][11.655s] Building CXX object lib/BinaryFormat/CMakeFiles/LLVMBinaryFormat.dir/Magic.cpp.o
[281/5247][  5%][11.660s] Building CXX object lib/BinaryFormat/CMakeFiles/LLVMBinaryFormat.dir/Wasm.cpp.o
[282/5247][  5%][11.681s] Building CXX object lib/BinaryFormat/CMakeFiles/LLVMBinaryFormat.dir/MsgPackReader.cpp.o
[283/5247][  5%][11.773s] Building CXX object lib/BinaryFormat/CMakeFiles/LLVMBinaryFormat.dir/XCOFF.cpp.o
[284/5247][  5%][11.834s] Building CXX object lib/BinaryFormat/CMakeFiles/LLVMBinaryFormat.dir/Dwarf.cpp.o
[285/5247][  5%][11.841s] Building CXX object lib/BinaryFormat/CMakeFiles/LLVMBinaryFormat.dir/MsgPackDocument.cpp.o
[286/5247][  5%][11.851s] Building CXX object lib/BinaryFormat/CMakeFiles/LLVMBinaryFormat.dir/MsgPackDocumentYAML.cpp.o
[287/5247][  5%][12.181s] Building CXX object lib/CAS/CMakeFiles/LLVMCAS.dir/ActionCache.cpp.o
[288/5247][  5%][12.201s] Building CXX object lib/CAS/CMakeFiles/LLVMCAS.dir/CASNodeSchema.cpp.o
[289/5247][  5%][12.245s] Building CXX object lib/CAS/CMakeFiles/LLVMCAS.dir/ActionCaches.cpp.o
[290/5247][  5%][12.302s] Building CXX object lib/CAS/CMakeFiles/LLVMCAS.dir/BuiltinUnifiedCASDatabases.cpp.o
[291/5247][  5%][12.310s] Building CXX object lib/CAS/CMakeFiles/LLVMCAS.dir/BuiltinCAS.cpp.o
[292/5247][  5%][12.435s] Building CXX object lib/CAS/CMakeFiles/LLVMCAS.dir/CASOutputBackend.cpp.o
[293/5247][  5%][12.555s] Building CXX object lib/CAS/CMakeFiles/LLVMCAS.dir/HashMappedTrie.cpp.o
[294/5247][  5%][12.649s] Building CXX object lib/CAS/CMakeFiles/LLVMCAS.dir/CASProvidingFileSystem.cpp.o
[295/5247][  5%][12.715s] Building CXX object lib/CAS/CMakeFiles/LLVMCAS.dir/CASFileSystem.cpp.o
[296/5247][  5%][12.822s] Building CXX object lib/CAS/CMakeFiles/LLVMCAS.dir/HierarchicalTreeBuilder.cpp.o
[297/5247][  5%][12.826s] Building CXX object lib/CAS/CMakeFiles/LLVMCAS.dir/InMemoryCAS.cpp.o
[298/5247][  5%][12.867s] Building CXX object lib/CAS/CMakeFiles/LLVMCAS.dir/OnDiskCommon.cpp.o
[299/5247][  5%][12.875s] Building CXX object lib/CAS/CMakeFiles/LLVMCAS.dir/MappedFileRegionBumpPtr.cpp.o
[300/5247][  5%][12.887s] Linking CXX static library lib/libLLVMBinaryFormat.a
[301/5247][  5%][13.000s] Building CXX object lib/CAS/CMakeFiles/LLVMCAS.dir/OnDiskCAS.cpp.o
[302/5247][  5%][13.084s] Building CXX object lib/CAS/CMakeFiles/LLVMCAS.dir/FileSystemCache.cpp.o
[303/5247][  5%][13.215s] Building CXX object lib/CAS/CMakeFiles/LLVMCAS.dir/CachingOnDiskFileSystem.cpp.o
[304/5247][  5%][13.236s] Building CXX object lib/CAS/CMakeFiles/LLVMCAS.dir/OnDiskKeyValueDB.cpp.o
[305/5247][  5%][13.325s] Building CXX object lib/Remarks/CMakeFiles/LLVMRemarks.dir/Remark.cpp.o
[306/5247][  5%][13.349s] Building CXX object lib/Remarks/CMakeFiles/LLVMRemarks.dir/RemarkFormat.cpp.o
[307/5247][  5%][13.350s] Building CXX object lib/CAS/CMakeFiles/LLVMCAS.dir/ObjectStore.cpp.o
[308/5247][  5%][13.387s] Building CXX object lib/CAS/CMakeFiles/LLVMCAS.dir/Utils.cpp.o
[309/5247][  5%][13.432s] Building CXX object lib/CAS/CMakeFiles/LLVMCAS.dir/OnDiskHashMappedTrie.cpp.o
[310/5247][  5%][13.551s] Building CXX object lib/CAS/CMakeFiles/LLVMCAS.dir/PluginCAS.cpp.o
[311/5247][  5%][13.566s] Building CXX object lib/CAS/CMakeFiles/LLVMCAS.dir/TreeSchema.cpp.o
[312/5247][  5%][13.659s] Building CXX object lib/CAS/CMakeFiles/LLVMCAS.dir/UnifiedOnDiskCache.cpp.o
[313/5247][  5%][13.680s] Building CXX object lib/CAS/CMakeFiles/LLVMCAS.dir/OnDiskGraphDB.cpp.o
[314/5247][  5%][13.734s] Building CXX object lib/Remarks/CMakeFiles/LLVMRemarks.dir/RemarkStreamer.cpp.o
[315/5247][  6%][13.809s] Building CXX object lib/Remarks/CMakeFiles/LLVMRemarks.dir/RemarkLinker.cpp.o
[316/5247][  6%][13.825s] Building CXX object lib/Remarks/CMakeFiles/LLVMRemarks.dir/RemarkSerializer.cpp.o
[317/5247][  6%][13.860s] Building CXX object lib/Remarks/CMakeFiles/LLVMRemarks.dir/RemarkStringTable.cpp.o
[318/5247][  6%][13.904s] Building CXX object lib/Remarks/CMakeFiles/LLVMRemarks.dir/RemarkParser.cpp.o
[319/5247][  6%][14.091s] Building CXX object lib/IR/CMakeFiles/LLVMCore.dir/AbstractCallSite.cpp.o
[320/5247][  6%][14.144s] Building CXX object lib/Remarks/CMakeFiles/LLVMRemarks.dir/YAMLRemarkSerializer.cpp.o
[321/5247][  6%][14.195s] Building CXX object lib/IR/CMakeFiles/LLVMCore.dir/Assumptions.cpp.o
[322/5247][  6%][14.210s] Building CXX object lib/IR/CMakeFiles/LLVMCore.dir/BuiltinGCs.cpp.o
[323/5247][  6%][14.288s] Building CXX object lib/Remarks/CMakeFiles/LLVMRemarks.dir/YAMLRemarkParser.cpp.o
[324/5247][  6%][14.388s] Building CXX object lib/IR/CMakeFiles/LLVMCore.dir/Comdat.cpp.o
[325/5247][  6%][14.678s] Building CXX object tools/clang/utils/TableGen/CMakeFiles/clang-tblgen.dir/ClangAttrEmitter.cpp.o
[326/5247][  6%][15.000s] Building CXX object lib/IR/CMakeFiles/LLVMCore.dir/BasicBlock.cpp.o
[327/5247][  6%][15.132s] Building CXX object lib/IR/CMakeFiles/LLVMCore.dir/ConstantRange.cpp.o
[328/5247][  6%][15.178s] Building CXX object lib/IR/CMakeFiles/LLVMCore.dir/DataLayout.cpp.o
[329/5247][  6%][15.295s] Building CXX object lib/IR/CMakeFiles/LLVMCore.dir/ConstantFold.cpp.o
[330/5247][  6%][15.341s] Building CXX object lib/IR/CMakeFiles/LLVMCore.dir/CycleInfo.cpp.o
[331/5247][  6%][15.431s] Building CXX object lib/IR/CMakeFiles/LLVMCore.dir/DiagnosticHandler.cpp.o
[332/5247][  6%][15.505s] Building CXX object lib/IR/CMakeFiles/LLVMCore.dir/Attributes.cpp.o
[333/5247][  6%][15.701s] Building CXX object lib/IR/CMakeFiles/LLVMCore.dir/DebugLoc.cpp.o
[334/5247][  6%][15.713s] Building CXX object lib/IR/CMakeFiles/LLVMCore.dir/DiagnosticPrinter.cpp.o
[335/5247][  6%][15.950s] Building CXX object lib/IR/CMakeFiles/LLVMCore.dir/GVMaterializer.cpp.o
[336/5247][  6%][16.036s] Building CXX object lib/IR/CMakeFiles/LLVMCore.dir/GCStrategy.cpp.o
[337/5247][  6%][16.098s] Building CXX object lib/IR/CMakeFiles/LLVMCore.dir/DIBuilder.cpp.o
[338/5247][  6%][16.107s] Building CXX object lib/IR/CMakeFiles/LLVMCore.dir/EHPersonalities.cpp.o
[339/5247][  6%][16.293s] Building CXX object lib/IR/CMakeFiles/LLVMCore.dir/FPEnv.cpp.o
[340/5247][  6%][16.524s] Building CXX object lib/IR/CMakeFiles/LLVMCore.dir/Core.cpp.o
/Users/wezzard/Repositories/com.github~WeZZard/swift-project-6.1/llvm-project/llvm/lib/IR/Core.cpp:99:22: warning: cast from 'LLVMDiagnosticHandler' (aka 'void (*)(LLVMOpaqueDiagnosticInfo *, void *)') to 'DiagnosticHandler::DiagnosticHandlerTy' (aka 'void (*)(const DiagnosticInfo &, void *)') converts to incompatible function type [-Wcast-function-type-mismatch]
   99 |       LLVM_EXTENSION reinterpret_cast<DiagnosticHandler::DiagnosticHandlerTy>(
      |                      ^~~~~~~~~~~~~~~~~~~~~~~~~~~~~~~~~~~~~~~~~~~~~~~~~~~~~~~~~
  100 |           Handler),
      |           ~~~~~~~~
/Users/wezzard/Repositories/com.github~WeZZard/swift-project-6.1/llvm-project/llvm/lib/IR/Core.cpp:105:25: warning: cast from 'DiagnosticHandler::DiagnosticHandlerTy' (aka 'void (*)(const DiagnosticInfo &, void *)') to 'LLVMDiagnosticHandler' (aka 'void (*)(LLVMOpaqueDiagnosticInfo *, void *)') converts to incompatible function type [-Wcast-function-type-mismatch]
  105 |   return LLVM_EXTENSION reinterpret_cast<LLVMDiagnosticHandler>(
      |                         ^~~~~~~~~~~~~~~~~~~~~~~~~~~~~~~~~~~~~~~~
  106 |       unwrap(C)->getDiagnosticHandlerCallBack());
      |       ~~~~~~~~~~~~~~~~~~~~~~~~~~~~~~~~~~~~~~~~~~
2 warnings generated.
[341/5247][  6%][16.693s] Building CXX object lib/IR/CMakeFiles/LLVMCore.dir/DebugInfo.cpp.o
[342/5247][  6%][16.702s] Building CXX object lib/IR/CMakeFiles/LLVMCore.dir/AutoUpgrade.cpp.o
[343/5247][  6%][16.720s] Building CXX object lib/IR/CMakeFiles/LLVMCore.dir/DiagnosticInfo.cpp.o
[344/5247][  6%][16.759s] Building CXX object lib/IR/CMakeFiles/LLVMCore.dir/Constants.cpp.o
[345/5247][  6%][16.813s] Building CXX object lib/IR/CMakeFiles/LLVMCore.dir/IRPrintingPasses.cpp.o
[346/5247][  6%][17.091s] Building CXX object lib/IR/CMakeFiles/LLVMCore.dir/SSAContext.cpp.o
[347/5247][  6%][17.120s] Building CXX object lib/IR/CMakeFiles/LLVMCore.dir/GlobalPtrAuthInfo.cpp.o
[348/5247][  6%][17.327s] Building CXX object lib/IR/CMakeFiles/LLVMCore.dir/AsmWriter.cpp.o
[349/5247][  6%][17.410s] Building CXX object lib/IR/CMakeFiles/LLVMCore.dir/Globals.cpp.o
[350/5247][  6%][17.799s] Building CXX object lib/IR/CMakeFiles/LLVMCore.dir/Function.cpp.o
[351/5247][  6%][17.931s] Building CXX object lib/IR/CMakeFiles/LLVMCore.dir/IRBuilder.cpp.o
[352/5247][  6%][17.972s] Building CXX object lib/IR/CMakeFiles/LLVMCore.dir/InlineAsm.cpp.o
[353/5247][  6%][17.982s] Building CXX object lib/IR/CMakeFiles/LLVMCore.dir/DebugInfoMetadata.cpp.o
[354/5247][  6%][17.988s] Building CXX object lib/IR/CMakeFiles/LLVMCore.dir/LLVMContext.cpp.o
[355/5247][  6%][18.160s] Building CXX object lib/IR/CMakeFiles/LLVMCore.dir/LLVMRemarkStreamer.cpp.o
[356/5247][  6%][18.170s] Building CXX object lib/IR/CMakeFiles/LLVMCore.dir/Instruction.cpp.o
[357/5247][  6%][18.213s] Building CXX object lib/IR/CMakeFiles/LLVMCore.dir/IntrinsicInst.cpp.o
[358/5247][  6%][18.219s] Building CXX object lib/IR/CMakeFiles/LLVMCore.dir/MDBuilder.cpp.o
[359/5247][  6%][18.356s] Building CXX object lib/IR/CMakeFiles/LLVMCore.dir/Mangler.cpp.o
[360/5247][  6%][18.688s] Building CXX object lib/IR/CMakeFiles/LLVMCore.dir/OptBisect.cpp.o
[361/5247][  6%][18.895s] Building CXX object lib/IR/CMakeFiles/LLVMCore.dir/PassRegistry.cpp.o
[362/5247][  6%][18.917s] Building CXX object lib/IR/CMakeFiles/LLVMCore.dir/PassInstrumentation.cpp.o
[363/5247][  6%][18.943s] Building CXX object lib/IR/CMakeFiles/LLVMCore.dir/Operator.cpp.o
[364/5247][  6%][18.982s] Building CXX object lib/IR/CMakeFiles/LLVMCore.dir/Pass.cpp.o
[365/5247][  6%][19.183s] Building CXX object lib/IR/CMakeFiles/LLVMCore.dir/LegacyPassManager.cpp.o
[366/5247][  6%][19.313s] Building CXX object lib/IR/CMakeFiles/LLVMCore.dir/Instructions.cpp.o
[367/5247][  6%][19.435s] Building CXX object lib/IR/CMakeFiles/LLVMCore.dir/PassTimingInfo.cpp.o
[368/5247][  7%][19.472s] Building CXX object lib/IR/CMakeFiles/LLVMCore.dir/Dominators.cpp.o
[369/5247][  7%][19.570s] Building CXX object lib/IR/CMakeFiles/LLVMCore.dir/ProfileSummary.cpp.o
[370/5247][  7%][19.599s] Building CXX object lib/IR/CMakeFiles/LLVMCore.dir/ProfDataUtils.cpp.o
[371/5247][  7%][19.724s] Building CXX object lib/IR/CMakeFiles/LLVMCore.dir/LLVMContextImpl.cpp.o
[372/5247][  7%][19.798s] Building CXX object lib/IR/CMakeFiles/LLVMCore.dir/PassManager.cpp.o
[373/5247][  7%][19.810s] Building CXX object lib/IR/CMakeFiles/LLVMCore.dir/PrintPasses.cpp.o
[374/5247][  7%][19.845s] Building CXX object lib/IR/CMakeFiles/LLVMCore.dir/ModuleSummaryIndex.cpp.o
[375/5247][  7%][19.902s] Building CXX object lib/IR/CMakeFiles/LLVMCore.dir/Module.cpp.o
[376/5247][  7%][20.040s] Building CXX object lib/IR/CMakeFiles/LLVMCore.dir/ReplaceConstant.cpp.o
[377/5247][  7%][20.047s] Building CXX object lib/IR/CMakeFiles/LLVMCore.dir/PseudoProbe.cpp.o
[378/5247][  7%][20.084s] Building CXX object lib/IR/CMakeFiles/LLVMCore.dir/Use.cpp.o
[379/5247][  7%][20.085s] Linking CXX static library lib/libLLVMCAS.a
[380/5247][  7%][20.102s] Linking CXX static library lib/libLLVMRemarks.a
[381/5247][  7%][20.110s] Building CXX object lib/IR/CMakeFiles/LLVMCore.dir/StructuralHash.cpp.o
[382/5247][  7%][20.205s] Building CXX object lib/IR/CMakeFiles/LLVMCore.dir/Statepoint.cpp.o
[383/5247][  7%][20.455s] Building CXX object lib/IR/CMakeFiles/LLVMCore.dir/ValueSymbolTable.cpp.o
[384/5247][  7%][20.603s] Building CXX object lib/CASUtil/CMakeFiles/LLVMCASUtil.dir/Utils.cpp.o
[385/5247][  7%][20.622s] Building CXX object lib/IR/CMakeFiles/LLVMCore.dir/TypedPointerType.cpp.o
[386/5247][  7%][20.642s] Linking CXX static library lib/libLLVMCASUtil.a
[387/5247][  7%][20.717s] Building CXX object lib/IR/CMakeFiles/LLVMCore.dir/User.cpp.o
[388/5247][  7%][20.841s] Building CXX object lib/IR/CMakeFiles/LLVMCore.dir/VectorBuilder.cpp.o
[389/5247][  7%][20.844s] Building CXX object lib/IR/CMakeFiles/LLVMCore.dir/TypeFinder.cpp.o
[390/5247][  7%][20.849s] Building CXX object lib/Bitcode/Reader/CMakeFiles/LLVMBitReader.dir/BitReader.cpp.o
[391/5247][  7%][20.914s] Building CXX object lib/IR/CMakeFiles/LLVMCore.dir/Type.cpp.o
[392/5247][  7%][21.078s] Building CXX object lib/IR/CMakeFiles/LLVMCore.dir/SafepointIRVerifier.cpp.o
[393/5247][  7%][21.147s] Building CXX object lib/MC/CMakeFiles/LLVMMC.dir/DXContainerPSVInfo.cpp.o
[394/5247][  7%][21.288s] Building CXX object lib/MC/CMakeFiles/LLVMMC.dir/MCAsmInfoCOFF.cpp.o
[395/5247][  7%][21.342s] Building CXX object lib/Bitcode/Reader/CMakeFiles/LLVMBitReader.dir/ValueList.cpp.o
[396/5247][  7%][21.373s] Building CXX object lib/Bitcode/Reader/CMakeFiles/LLVMBitReader.dir/BitcodeAnalyzer.cpp.o
[397/5247][  7%][21.564s] Building CXX object lib/MC/CMakeFiles/LLVMMC.dir/MCAsmInfoDarwin.cpp.o
[398/5247][  7%][21.592s] Building CXX object lib/MC/CMakeFiles/LLVMMC.dir/MCAsmBackend.cpp.o
[399/5247][  7%][21.620s] Building CXX object lib/IR/CMakeFiles/LLVMCore.dir/Value.cpp.o
[400/5247][  7%][21.661s] Building CXX object lib/MC/CMakeFiles/LLVMMC.dir/MCAsmInfoGOFF.cpp.o
[401/5247][  7%][21.664s] Building CXX object lib/MC/CMakeFiles/LLVMMC.dir/ConstantPools.cpp.o
[402/5247][  7%][21.772s] Building CXX object lib/MC/CMakeFiles/LLVMMC.dir/MCAsmInfoWasm.cpp.o
[403/5247][  7%][21.860s] Building CXX object lib/MC/CMakeFiles/LLVMMC.dir/MCAsmInfoXCOFF.cpp.o
[404/5247][  7%][21.887s] Building CXX object lib/MC/CMakeFiles/LLVMMC.dir/MCAsmInfo.cpp.o
[405/5247][  7%][21.893s] Building CXX object lib/MC/CMakeFiles/LLVMMC.dir/MCAsmInfoELF.cpp.o
[406/5247][  7%][21.981s] Building CXX object lib/MC/CMakeFiles/LLVMMC.dir/MCAsmMacro.cpp.o
[407/5247][  7%][22.054s] Building CXX object lib/MC/CMakeFiles/LLVMMC.dir/MCCodeEmitter.cpp.o
[408/5247][  7%][22.353s] Building CXX object lib/MC/CMakeFiles/LLVMMC.dir/MCELFObjectTargetWriter.cpp.o
[409/5247][  7%][22.407s] Building CXX object lib/IR/CMakeFiles/LLVMCore.dir/Metadata.cpp.o
[410/5247][  7%][22.550s] Building CXX object lib/MC/CMakeFiles/LLVMMC.dir/ELFObjectWriter.cpp.o
[411/5247][  7%][22.689s] Building CXX object lib/MC/CMakeFiles/LLVMMC.dir/MCDXContainerWriter.cpp.o
[412/5247][  7%][22.728s] Building CXX object lib/MC/CMakeFiles/LLVMMC.dir/MCDXContainerStreamer.cpp.o
[413/5247][  7%][22.868s] Building CXX object lib/MC/CMakeFiles/LLVMMC.dir/MCCodeView.cpp.o
[414/5247][  7%][22.989s] Building CXX object lib/MC/CMakeFiles/LLVMMC.dir/MCAssembler.cpp.o
[415/5247][  7%][23.058s] Building CXX object lib/MC/CMakeFiles/LLVMMC.dir/MCInst.cpp.o
[416/5247][  7%][23.220s] Building CXX object lib/MC/CMakeFiles/LLVMMC.dir/MCInstrAnalysis.cpp.o
[417/5247][  7%][23.276s] Building CXX object lib/MC/CMakeFiles/LLVMMC.dir/MCAsmStreamer.cpp.o
[418/5247][  7%][23.352s] Building CXX object lib/MC/CMakeFiles/LLVMMC.dir/MCELFStreamer.cpp.o
[419/5247][  7%][23.354s] Building CXX object lib/MC/CMakeFiles/LLVMMC.dir/MCInstPrinter.cpp.o
[420/5247][  8%][23.390s] Building CXX object lib/Bitcode/Reader/CMakeFiles/LLVMBitReader.dir/MetadataLoader.cpp.o
/Users/wezzard/Repositories/com.github~WeZZard/swift-project-6.1/llvm-project/llvm/lib/Bitcode/Reader/MetadataLoader.cpp:562:23: warning: variable 'S' set but not used [-Wunused-but-set-variable]
  562 |             if (auto *S = dyn_cast_or_null<DILocalScope>(IE->getScope())) {
      |                       ^
/Users/wezzard/Repositories/com.github~WeZZard/swift-project-6.1/llvm-project/llvm/lib/Bitcode/Reader/MetadataLoader.cpp:557:19: warning: variable 'RawImported' set but not used [-Wunused-but-set-variable]
  557 |         if (auto *RawImported = CU->getRawImportedEntities()) {
      |                   ^
2 warnings generated.
[421/5247][  8%][23.426s] Building CXX object lib/MC/CMakeFiles/LLVMMC.dir/MCInstrInfo.cpp.o
[422/5247][  8%][23.469s] Building CXX object lib/MC/CMakeFiles/LLVMMC.dir/MCLabel.cpp.o
[423/5247][  8%][23.476s] Building CXX object lib/MC/CMakeFiles/LLVMMC.dir/MCInstrDesc.cpp.o
[424/5247][  8%][23.498s] Building CXX object lib/MC/CMakeFiles/LLVMMC.dir/MCFragment.cpp.o
[425/5247][  8%][23.589s] Building CXX object lib/MC/CMakeFiles/LLVMMC.dir/MCExpr.cpp.o
[426/5247][  8%][23.615s] Building CXX object lib/MC/CMakeFiles/LLVMMC.dir/MCDwarf.cpp.o
[427/5247][  8%][23.795s] Building CXX object lib/MC/CMakeFiles/LLVMMC.dir/MCLinkerOptimizationHint.cpp.o
[428/5247][  8%][23.831s] Building CXX object lib/MC/CMakeFiles/LLVMMC.dir/MCMachObjectTargetWriter.cpp.o
[429/5247][  8%][23.873s] Building CXX object lib/MC/CMakeFiles/LLVMMC.dir/MCContext.cpp.o
[430/5247][  8%][23.879s] Building CXX object lib/MC/CMakeFiles/LLVMMC.dir/MCObjectWriter.cpp.o
[431/5247][  8%][23.943s] Building CXX object lib/MC/CMakeFiles/LLVMMC.dir/MCNullStreamer.cpp.o
[432/5247][  8%][23.999s] Building CXX object lib/MC/CMakeFiles/LLVMMC.dir/MCSchedule.cpp.o
[433/5247][  8%][24.063s] Building CXX object lib/MC/CMakeFiles/LLVMMC.dir/MCRegisterInfo.cpp.o
[434/5247][  8%][24.299s] Building CXX object lib/MC/CMakeFiles/LLVMMC.dir/MCSectionCOFF.cpp.o
[435/5247][  8%][24.302s] Building CXX object lib/MC/CMakeFiles/LLVMMC.dir/MCObjectFileInfo.cpp.o
[436/5247][  8%][24.316s] Building CXX object lib/MC/CMakeFiles/LLVMMC.dir/MCSectionDXContainer.cpp.o
[437/5247][  8%][24.380s] Building CXX object lib/MC/CMakeFiles/LLVMMC.dir/MCSectionELF.cpp.o
[438/5247][  8%][24.445s] Building CXX object lib/MC/CMakeFiles/LLVMMC.dir/MCSectionMachO.cpp.o
[439/5247][  8%][24.465s] Building CXX object lib/MC/CMakeFiles/LLVMMC.dir/MCSectionWasm.cpp.o
[440/5247][  8%][24.514s] Building CXX object lib/MC/CMakeFiles/LLVMMC.dir/MCSectionXCOFF.cpp.o
[441/5247][  8%][24.614s] Building CXX object lib/MC/CMakeFiles/LLVMMC.dir/MCMachOStreamer.cpp.o
[442/5247][  8%][24.673s] Building CXX object lib/MC/CMakeFiles/LLVMMC.dir/MCSection.cpp.o
[443/5247][  8%][24.678s] Building CXX object lib/MC/CMakeFiles/LLVMMC.dir/MachOCASWriter.cpp.o
[444/5247][  8%][24.820s] Building CXX object lib/MC/CMakeFiles/LLVMMC.dir/MCSubtargetInfo.cpp.o
[445/5247][  8%][24.824s] Building CXX object lib/MC/CMakeFiles/LLVMMC.dir/MCSymbolELF.cpp.o
[446/5247][  8%][24.855s] Building CXX object lib/MC/CMakeFiles/LLVMMC.dir/MCTargetOptions.cpp.o
[447/5247][  8%][24.910s] Building CXX object lib/MC/CMakeFiles/LLVMMC.dir/MCObjectStreamer.cpp.o
[448/5247][  8%][24.915s] Building CXX object lib/MC/CMakeFiles/LLVMMC.dir/MCSymbolXCOFF.cpp.o
[449/5247][  8%][25.014s] Building CXX object lib/MC/CMakeFiles/LLVMMC.dir/MCValue.cpp.o
[450/5247][  8%][25.053s] Building CXX object lib/MC/CMakeFiles/LLVMMC.dir/MCSymbol.cpp.o
[451/5247][  8%][25.067s] Building CXX object lib/MC/CMakeFiles/LLVMMC.dir/MCPseudoProbe.cpp.o
[452/5247][  8%][25.097s] Building CXX object lib/MC/CMakeFiles/LLVMMC.dir/MCWasmObjectTargetWriter.cpp.o
[453/5247][  8%][25.163s] Building CXX object lib/MC/CMakeFiles/LLVMMC.dir/MCSPIRVStreamer.cpp.o
[454/5247][  8%][25.260s] Building CXX object lib/MC/CMakeFiles/LLVMMC.dir/MCWinEH.cpp.o
[455/5247][  8%][25.308s] Building CXX object lib/MC/CMakeFiles/LLVMMC.dir/MCTargetOptionsCommandFlags.cpp.o
[456/5247][  8%][25.358s] Building CXX object lib/MC/CMakeFiles/LLVMMC.dir/MCXCOFFObjectTargetWriter.cpp.o
[457/5247][  8%][25.358s] Building CXX object lib/IR/CMakeFiles/LLVMCore.dir/Verifier.cpp.o
[458/5247][  8%][25.480s] Linking CXX static library lib/libLLVMCore.a
[459/5247][  8%][25.514s] Linking CXX static library lib/libLLVMDebugInfoCodeView.a
[460/5247][  8%][25.547s] Building CXX object lib/MC/CMakeFiles/LLVMMC.dir/StringTableBuilder.cpp.o
[461/5247][  8%][25.666s] Building CXX object lib/MC/CMakeFiles/LLVMMC.dir/SPIRVObjectWriter.cpp.o
[462/5247][  8%][25.692s] Building CXX object lib/MC/CMakeFiles/LLVMMC.dir/TargetRegistry.cpp.o
[463/5247][  8%][25.811s] Building CXX object lib/MC/CMakeFiles/LLVMMC.dir/MCWasmStreamer.cpp.o
[464/5247][  8%][25.882s] Building CXX object lib/MC/CMakeFiles/LLVMMC.dir/MCXCOFFStreamer.cpp.o
[465/5247][  8%][25.911s] Building CXX object lib/MC/CMakeFiles/LLVMMC.dir/MCStreamer.cpp.o
[466/5247][  8%][25.975s] Building CXX object lib/MC/CMakeFiles/LLVMMC.dir/MCWinCOFFStreamer.cpp.o
[467/5247][  8%][26.185s] Building CXX object lib/MC/CMakeFiles/LLVMMC.dir/MCWin64EH.cpp.o
[468/5247][  8%][26.400s] Building CXX object lib/MC/MCParser/CMakeFiles/LLVMMCParser.dir/AsmLexer.cpp.o
[469/5247][  8%][26.501s] Building CXX object lib/MC/CMakeFiles/LLVMMC.dir/MachObjectWriter.cpp.o
[470/5247][  8%][26.571s] Building CXX object lib/MC/MCParser/CMakeFiles/LLVMMCParser.dir/GOFFAsmParser.cpp.o
[471/5247][  8%][26.646s] Building CXX object lib/IRReader/CMakeFiles/LLVMIRReader.dir/IRReader.cpp.o
[472/5247][  8%][26.684s] Building CXX object lib/AsmParser/CMakeFiles/LLVMAsmParser.dir/LLLexer.cpp.o
[473/5247][  9%][26.705s] Building CXX object lib/MC/CMakeFiles/LLVMMC.dir/WinCOFFObjectWriter.cpp.o
[474/5247][  9%][26.795s] Building CXX object lib/MC/MCParser/CMakeFiles/LLVMMCParser.dir/COFFAsmParser.cpp.o
[475/5247][  9%][26.842s] Building CXX object lib/MC/MCParser/CMakeFiles/LLVMMCParser.dir/COFFMasmParser.cpp.o
[476/5247][  9%][26.899s] Building CXX object lib/Bitcode/Reader/CMakeFiles/LLVMBitReader.dir/BitcodeReader.cpp.o
[477/5247][  9%][26.922s] Linking CXX static library lib/libLLVMBitReader.a
[478/5247][  9%][26.963s] Building CXX object lib/MC/MCParser/CMakeFiles/LLVMMCParser.dir/MCAsmLexer.cpp.o
[479/5247][  9%][27.016s] Building CXX object lib/MC/CMakeFiles/LLVMMC.dir/XCOFFObjectWriter.cpp.o
[480/5247][  9%][27.145s] Building CXX object lib/AsmParser/CMakeFiles/LLVMAsmParser.dir/Parser.cpp.o
[481/5247][  9%][27.207s] Building CXX object lib/MC/MCParser/CMakeFiles/LLVMMCParser.dir/MCAsmParser.cpp.o
[482/5247][  9%][27.273s] Building CXX object lib/MC/MCParser/CMakeFiles/LLVMMCParser.dir/XCOFFAsmParser.cpp.o
[483/5247][  9%][27.399s] Building CXX object lib/TextAPI/CMakeFiles/LLVMTextAPI.dir/ArchitectureSet.cpp.o
[484/5247][  9%][27.407s] Building CXX object lib/TextAPI/CMakeFiles/LLVMTextAPI.dir/Architecture.cpp.o
[485/5247][  9%][27.486s] Building CXX object lib/MC/MCParser/CMakeFiles/LLVMMCParser.dir/MCTargetAsmParser.cpp.o
[486/5247][  9%][27.511s] Building CXX object lib/MC/MCParser/CMakeFiles/LLVMMCParser.dir/MCAsmParserExtension.cpp.o
[487/5247][  9%][27.586s] Building CXX object lib/MC/CMakeFiles/LLVMMC.dir/WasmObjectWriter.cpp.o
[488/5247][  9%][27.587s] Building CXX object lib/MC/MCParser/CMakeFiles/LLVMMCParser.dir/ELFAsmParser.cpp.o
[489/5247][  9%][27.621s] Building CXX object lib/MC/MCParser/CMakeFiles/LLVMMCParser.dir/DarwinAsmParser.cpp.o
[490/5247][  9%][27.672s] Linking CXX static library lib/libLLVMMC.a
[491/5247][  9%][27.678s] Building CXX object lib/TextAPI/CMakeFiles/LLVMTextAPI.dir/PackedVersion.cpp.o
[492/5247][  9%][27.755s] Building CXX object lib/MC/MCParser/CMakeFiles/LLVMMCParser.dir/WasmAsmParser.cpp.o
[493/5247][  9%][27.956s] Building CXX object lib/TextAPI/CMakeFiles/LLVMTextAPI.dir/Platform.cpp.o
[494/5247][  9%][28.068s] Building CXX object lib/TextAPI/CMakeFiles/LLVMTextAPI.dir/RecordVisitor.cpp.o
[495/5247][  9%][28.110s] Building CXX object lib/TextAPI/CMakeFiles/LLVMTextAPI.dir/Symbol.cpp.o
[496/5247][  9%][28.116s] Building CXX object lib/TextAPI/CMakeFiles/LLVMTextAPI.dir/TextAPIError.cpp.o
[497/5247][  9%][28.204s] Building CXX object lib/TextAPI/CMakeFiles/LLVMTextAPI.dir/Target.cpp.o
[498/5247][  9%][28.240s] Building CXX object lib/TextAPI/CMakeFiles/LLVMTextAPI.dir/SymbolSet.cpp.o
[499/5247][  9%][28.501s] Building CXX object lib/TextAPI/CMakeFiles/LLVMTextAPI.dir/Utils.cpp.o
[500/5247][  9%][28.515s] Building CXX object lib/TextAPI/CMakeFiles/LLVMTextAPI.dir/InterfaceFile.cpp.o
[501/5247][  9%][28.539s] Building CXX object lib/TextAPI/CMakeFiles/LLVMTextAPI.dir/RecordsSlice.cpp.o
[502/5247][  9%][28.635s] Building CXX object lib/TextAPI/CMakeFiles/LLVMTextAPI.dir/TextStubCommon.cpp.o
[503/5247][  9%][28.759s] Building CXX object lib/MC/MCParser/CMakeFiles/LLVMMCParser.dir/AsmParser.cpp.o
[504/5247][  9%][29.061s] Building CXX object lib/Object/CMakeFiles/LLVMObject.dir/Decompressor.cpp.o
[505/5247][  9%][29.129s] Building CXX object lib/Object/CMakeFiles/LLVMObject.dir/Binary.cpp.o
[506/5247][  9%][29.214s] Building CXX object lib/Object/CMakeFiles/LLVMObject.dir/COFFImportFile.cpp.o
[507/5247][  9%][29.216s] Building CXX object lib/Object/CMakeFiles/LLVMObject.dir/COFFModuleDefinition.cpp.o
[508/5247][  9%][29.296s] Building CXX object lib/Object/CMakeFiles/LLVMObject.dir/DXContainer.cpp.o
[509/5247][  9%][29.356s] Building CXX object lib/Object/CMakeFiles/LLVMObject.dir/Archive.cpp.o
[510/5247][  9%][29.537s] Building CXX object lib/Object/CMakeFiles/LLVMObject.dir/BuildID.cpp.o
[511/5247][  9%][29.627s] Building CXX object lib/TextAPI/CMakeFiles/LLVMTextAPI.dir/TextStubV5.cpp.o
[512/5247][  9%][29.697s] Building CXX object lib/Object/CMakeFiles/LLVMObject.dir/FaultMapParser.cpp.o
[513/5247][  9%][29.707s] Building CXX object lib/Object/CMakeFiles/LLVMObject.dir/Error.cpp.o
[514/5247][  9%][29.716s] Building CXX object lib/Object/CMakeFiles/LLVMObject.dir/COFFObjectFile.cpp.o
[515/5247][  9%][29.783s] Building CXX object lib/Object/CMakeFiles/LLVMObject.dir/ArchiveWriter.cpp.o
[516/5247][  9%][29.957s] Building CXX object lib/Object/CMakeFiles/LLVMObject.dir/GOFFObjectFile.cpp.o
[517/5247][  9%][30.039s] Building CXX object lib/TextAPI/CMakeFiles/LLVMTextAPI.dir/TextStub.cpp.o
[518/5247][  9%][30.251s] Building CXX object lib/Object/CMakeFiles/LLVMObject.dir/IRObjectFile.cpp.o
[519/5247][  9%][30.430s] Building CXX object lib/Object/CMakeFiles/LLVMObject.dir/Minidump.cpp.o
[520/5247][  9%][30.453s] Building CXX object lib/Object/CMakeFiles/LLVMObject.dir/Object.cpp.o
[521/5247][  9%][30.490s] Building CXX object lib/Object/CMakeFiles/LLVMObject.dir/MachOUniversal.cpp.o
[522/5247][  9%][30.631s] Building CXX object lib/Object/CMakeFiles/LLVMObject.dir/IRSymtab.cpp.o
[523/5247][  9%][30.719s] Building CXX object lib/Object/CMakeFiles/LLVMObject.dir/ObjectFile.cpp.o
[524/5247][  9%][30.895s] Building CXX object lib/MC/MCParser/CMakeFiles/LLVMMCParser.dir/MasmParser.cpp.o
[525/5247][ 10%][30.932s] Linking CXX static library lib/libLLVMMCParser.a
[526/5247][ 10%][30.978s] Building CXX object lib/Object/CMakeFiles/LLVMObject.dir/ModuleSymbolTable.cpp.o
[527/5247][ 10%][31.174s] Building CXX object lib/Object/CMakeFiles/LLVMObject.dir/SymbolicFile.cpp.o
[528/5247][ 10%][31.190s] Building CXX object lib/Object/CMakeFiles/LLVMObject.dir/RecordStreamer.cpp.o
[529/5247][ 10%][31.204s] Building CXX object lib/Object/CMakeFiles/LLVMObject.dir/OffloadBinary.cpp.o
[530/5247][ 10%][31.207s] Building CXX object lib/Object/CMakeFiles/LLVMObject.dir/TapiFile.cpp.o
[531/5247][ 10%][31.226s] Building CXX object lib/Object/CMakeFiles/LLVMObject.dir/WindowsMachineFlag.cpp.o
[532/5247][ 10%][31.227s] Linking CXX static library lib/libLLVMTextAPI.a
[533/5247][ 10%][31.309s] Building CXX object lib/Object/CMakeFiles/LLVMObject.dir/RelocationResolver.cpp.o
[534/5247][ 10%][31.338s] Building CXX object lib/Object/CMakeFiles/LLVMObject.dir/TapiUniversal.cpp.o
[535/5247][ 10%][31.430s] Building CXX object lib/Object/CMakeFiles/LLVMObject.dir/SymbolSize.cpp.o
[536/5247][ 10%][31.437s] Building CXX object lib/AsmParser/CMakeFiles/LLVMAsmParser.dir/LLParser.cpp.o
[537/5247][ 10%][31.466s] Linking CXX static library lib/libLLVMAsmParser.a
[538/5247][ 10%][31.498s] Linking CXX static library lib/libLLVMIRReader.a
[539/5247][ 10%][31.774s] Building CXX object lib/Object/CMakeFiles/LLVMObject.dir/MachOUniversalWriter.cpp.o
[540/5247][ 10%][31.840s] Building CXX object lib/DebugInfo/DWARF/CMakeFiles/LLVMDebugInfoDWARF.dir/DWARFAddressRange.cpp.o
[541/5247][ 10%][31.943s] Building CXX object lib/DebugInfo/DWARF/CMakeFiles/LLVMDebugInfoDWARF.dir/DWARFCompileUnit.cpp.o
[542/5247][ 10%][31.993s] Building CXX object lib/DebugInfo/DWARF/CMakeFiles/LLVMDebugInfoDWARF.dir/DWARFAbbreviationDeclaration.cpp.o
[543/5247][ 10%][32.055s] Building CXX object lib/DebugInfo/DWARF/CMakeFiles/LLVMDebugInfoDWARF.dir/DWARFDataExtractor.cpp.o
[544/5247][ 10%][32.270s] Building CXX object lib/DebugInfo/DWARF/CMakeFiles/LLVMDebugInfoDWARF.dir/DWARFDebugAbbrev.cpp.o
[545/5247][ 10%][32.425s] Building CXX object lib/Object/CMakeFiles/LLVMObject.dir/XCOFFObjectFile.cpp.o
[546/5247][ 10%][32.533s] Building CXX object lib/Object/CMakeFiles/LLVMObject.dir/MachOObjectFile.cpp.o
[547/5247][ 10%][32.645s] Building CXX object lib/Object/CMakeFiles/LLVMObject.dir/WindowsResource.cpp.o
[548/5247][ 10%][32.683s] Building CXX object lib/DebugInfo/DWARF/CMakeFiles/LLVMDebugInfoDWARF.dir/DWARFDebugArangeSet.cpp.o
[549/5247][ 10%][32.713s] Building CXX object lib/DebugInfo/DWARF/CMakeFiles/LLVMDebugInfoDWARF.dir/DWARFDebugAddr.cpp.o
[550/5247][ 10%][32.881s] Building CXX object lib/DebugInfo/DWARF/CMakeFiles/LLVMDebugInfoDWARF.dir/DWARFAcceleratorTable.cpp.o
[551/5247][ 10%][32.932s] Building CXX object lib/DebugInfo/DWARF/CMakeFiles/LLVMDebugInfoDWARF.dir/DWARFDebugAranges.cpp.o
[552/5247][ 10%][33.029s] Building CXX object lib/DebugInfo/DWARF/CMakeFiles/LLVMDebugInfoDWARF.dir/DWARFDebugInfoEntry.cpp.o
[553/5247][ 10%][33.072s] Building CXX object lib/Object/CMakeFiles/LLVMObject.dir/WasmObjectFile.cpp.o
[554/5247][ 10%][33.088s] Building CXX object lib/DebugInfo/DWARF/CMakeFiles/LLVMDebugInfoDWARF.dir/DWARFTypePrinter.cpp.o
[555/5247][ 10%][33.271s] Building CXX object lib/DebugInfo/DWARF/CMakeFiles/LLVMDebugInfoDWARF.dir/DWARFDebugPubTable.cpp.o
[556/5247][ 10%][33.394s] Building CXX object lib/DebugInfo/DWARF/CMakeFiles/LLVMDebugInfoDWARF.dir/DWARFDebugMacro.cpp.o
[557/5247][ 10%][33.492s] Building CXX object lib/DebugInfo/DWARF/CMakeFiles/LLVMDebugInfoDWARF.dir/DWARFDebugFrame.cpp.o
[558/5247][ 10%][33.493s] Building CXX object lib/DebugInfo/DWARF/CMakeFiles/LLVMDebugInfoDWARF.dir/DWARFDebugRangeList.cpp.o
[559/5247][ 10%][33.523s] Building CXX object lib/DebugInfo/DWARF/CMakeFiles/LLVMDebugInfoDWARF.dir/DWARFDebugLoc.cpp.o
[560/5247][ 10%][33.686s] Building CXX object lib/DebugInfo/DWARF/CMakeFiles/LLVMDebugInfoDWARF.dir/DWARFDebugRnglists.cpp.o
[561/5247][ 10%][33.731s] Building CXX object lib/DebugInfo/DWARF/CMakeFiles/LLVMDebugInfoDWARF.dir/DWARFGdbIndex.cpp.o
[562/5247][ 10%][33.828s] Linking CXX static library lib/libLLVMDebugInfoMSF.a
[563/5247][ 10%][34.140s] Building CXX object lib/DebugInfo/DWARF/CMakeFiles/LLVMDebugInfoDWARF.dir/DWARFListTable.cpp.o
[564/5247][ 10%][34.146s] Building CXX object lib/DebugInfo/DWARF/CMakeFiles/LLVMDebugInfoDWARF.dir/DWARFLocationExpression.cpp.o
[565/5247][ 10%][34.176s] Building CXX object lib/DebugInfo/DWARF/CMakeFiles/LLVMDebugInfoDWARF.dir/DWARFFormValue.cpp.o
[566/5247][ 10%][34.273s] Building CXX object lib/DebugInfo/DWARF/CMakeFiles/LLVMDebugInfoDWARF.dir/DWARFUnitIndex.cpp.o
[567/5247][ 10%][34.298s] Building CXX object lib/DebugInfo/DWARF/CMakeFiles/LLVMDebugInfoDWARF.dir/DWARFExpression.cpp.o
[568/5247][ 10%][34.300s] Building CXX object lib/DebugInfo/DWARF/CMakeFiles/LLVMDebugInfoDWARF.dir/DWARFDie.cpp.o
[569/5247][ 10%][34.352s] Building CXX object lib/DebugInfo/DWARF/CMakeFiles/LLVMDebugInfoDWARF.dir/DWARFTypeUnit.cpp.o
[570/5247][ 10%][34.357s] Building CXX object lib/DebugInfo/PDB/CMakeFiles/LLVMDebugInfoPDB.dir/GenericError.cpp.o
[571/5247][ 10%][34.374s] Building CXX object lib/DebugInfo/DWARF/CMakeFiles/LLVMDebugInfoDWARF.dir/DWARFDebugLine.cpp.o
[572/5247][ 10%][34.497s] Building CXX object lib/DebugInfo/DWARF/CMakeFiles/LLVMDebugInfoDWARF.dir/DWARFContext.cpp.o
[573/5247][ 10%][34.537s] Building CXX object lib/Object/CMakeFiles/LLVMObject.dir/ELF.cpp.o
[574/5247][ 10%][34.620s] Building CXX object lib/Object/CMakeFiles/LLVMObject.dir/ELFObjectFile.cpp.o
[575/5247][ 10%][34.674s] Linking CXX static library lib/libLLVMObject.a
[576/5247][ 10%][34.707s] Building CXX object lib/DebugInfo/PDB/CMakeFiles/LLVMDebugInfoPDB.dir/IPDBSourceFile.cpp.o
[577/5247][ 10%][34.796s] Building CXX object lib/DebugInfo/PDB/CMakeFiles/LLVMDebugInfoPDB.dir/PDB.cpp.o
[578/5247][ 11%][34.838s] Building CXX object lib/DebugInfo/PDB/CMakeFiles/LLVMDebugInfoPDB.dir/PDBInterfaceAnchors.cpp.o
[579/5247][ 11%][34.881s] Building CXX object lib/DebugInfo/PDB/CMakeFiles/LLVMDebugInfoPDB.dir/PDBSymbolAnnotation.cpp.o
[580/5247][ 11%][34.941s] Building CXX object lib/DebugInfo/PDB/CMakeFiles/LLVMDebugInfoPDB.dir/PDBSymbolBlock.cpp.o
[581/5247][ 11%][34.952s] Building CXX object lib/DebugInfo/PDB/CMakeFiles/LLVMDebugInfoPDB.dir/PDBContext.cpp.o
[582/5247][ 11%][34.970s] Building CXX object lib/DebugInfo/PDB/CMakeFiles/LLVMDebugInfoPDB.dir/PDBExtras.cpp.o
[583/5247][ 11%][34.976s] Building CXX object lib/DebugInfo/PDB/CMakeFiles/LLVMDebugInfoPDB.dir/PDBSymbol.cpp.o
[584/5247][ 11%][35.030s] Building CXX object lib/DebugInfo/PDB/CMakeFiles/LLVMDebugInfoPDB.dir/PDBSymbolCompiland.cpp.o
[585/5247][ 11%][35.046s] Building CXX object lib/DebugInfo/PDB/CMakeFiles/LLVMDebugInfoPDB.dir/PDBSymbolCompilandDetails.cpp.o
[586/5247][ 11%][35.071s] Building CXX object lib/DebugInfo/PDB/CMakeFiles/LLVMDebugInfoPDB.dir/PDBSymbolCompilandEnv.cpp.o
[587/5247][ 11%][35.188s] Building CXX object lib/DebugInfo/PDB/CMakeFiles/LLVMDebugInfoPDB.dir/PDBSymbolCustom.cpp.o
[588/5247][ 11%][35.223s] Building CXX object lib/DebugInfo/DWARF/CMakeFiles/LLVMDebugInfoDWARF.dir/DWARFUnit.cpp.o
[589/5247][ 11%][35.241s] Building CXX object lib/DebugInfo/PDB/CMakeFiles/LLVMDebugInfoPDB.dir/PDBSymbolData.cpp.o
[590/5247][ 11%][35.318s] Building CXX object lib/DebugInfo/PDB/CMakeFiles/LLVMDebugInfoPDB.dir/PDBSymbolExe.cpp.o
[591/5247][ 11%][35.415s] Building CXX object lib/DebugInfo/PDB/CMakeFiles/LLVMDebugInfoPDB.dir/PDBSymbolFuncDebugEnd.cpp.o
[592/5247][ 11%][35.456s] Building CXX object lib/DebugInfo/PDB/CMakeFiles/LLVMDebugInfoPDB.dir/PDBSymbolLabel.cpp.o
[593/5247][ 11%][35.462s] Building CXX object lib/DebugInfo/PDB/CMakeFiles/LLVMDebugInfoPDB.dir/PDBSymbolFuncDebugStart.cpp.o
[594/5247][ 11%][35.499s] Building CXX object lib/DebugInfo/PDB/CMakeFiles/LLVMDebugInfoPDB.dir/PDBSymbolFunc.cpp.o
[595/5247][ 11%][35.501s] Building CXX object lib/DebugInfo/PDB/CMakeFiles/LLVMDebugInfoPDB.dir/PDBSymbolThunk.cpp.o
[596/5247][ 11%][35.508s] Building CXX object lib/DebugInfo/PDB/CMakeFiles/LLVMDebugInfoPDB.dir/PDBSymbolPublicSymbol.cpp.o
[597/5247][ 11%][35.563s] Building CXX object lib/DebugInfo/PDB/CMakeFiles/LLVMDebugInfoPDB.dir/PDBSymbolTypeBaseClass.cpp.o
[598/5247][ 11%][35.601s] Building CXX object lib/DebugInfo/PDB/CMakeFiles/LLVMDebugInfoPDB.dir/PDBSymbolTypeBuiltin.cpp.o
[599/5247][ 11%][35.616s] Building CXX object lib/DebugInfo/PDB/CMakeFiles/LLVMDebugInfoPDB.dir/PDBSymbolTypeArray.cpp.o
[600/5247][ 11%][35.745s] Building CXX object lib/DebugInfo/PDB/CMakeFiles/LLVMDebugInfoPDB.dir/PDBSymbolTypeCustom.cpp.o
[601/5247][ 11%][35.762s] Building CXX object lib/DebugInfo/PDB/CMakeFiles/LLVMDebugInfoPDB.dir/PDBSymbolTypeDimension.cpp.o
[602/5247][ 11%][35.828s] Building CXX object lib/DebugInfo/PDB/CMakeFiles/LLVMDebugInfoPDB.dir/PDBSymbolTypeEnum.cpp.o
[603/5247][ 11%][35.898s] Building CXX object lib/DebugInfo/PDB/CMakeFiles/LLVMDebugInfoPDB.dir/PDBSymbolTypeFriend.cpp.o
[604/5247][ 11%][35.981s] Building CXX object lib/DebugInfo/PDB/CMakeFiles/LLVMDebugInfoPDB.dir/PDBSymbolTypeManaged.cpp.o
[605/5247][ 11%][35.982s] Building CXX object lib/DebugInfo/PDB/CMakeFiles/LLVMDebugInfoPDB.dir/PDBSymbolTypeFunctionArg.cpp.o
[606/5247][ 11%][36.028s] Building CXX object lib/DebugInfo/PDB/CMakeFiles/LLVMDebugInfoPDB.dir/PDBSymbolTypeUDT.cpp.o
[607/5247][ 11%][36.056s] Building CXX object lib/DebugInfo/PDB/CMakeFiles/LLVMDebugInfoPDB.dir/PDBSymbolTypeTypedef.cpp.o
[608/5247][ 11%][36.059s] Building CXX object lib/DebugInfo/PDB/CMakeFiles/LLVMDebugInfoPDB.dir/PDBSymbolTypeFunctionSig.cpp.o
[609/5247][ 11%][36.104s] Building CXX object lib/DebugInfo/PDB/CMakeFiles/LLVMDebugInfoPDB.dir/PDBSymbolTypePointer.cpp.o
[610/5247][ 11%][36.126s] Building CXX object lib/DebugInfo/PDB/CMakeFiles/LLVMDebugInfoPDB.dir/PDBSymbolTypeVTableShape.cpp.o
[611/5247][ 11%][36.147s] Building CXX object lib/DebugInfo/PDB/CMakeFiles/LLVMDebugInfoPDB.dir/PDBSymbolTypeVTable.cpp.o
[612/5247][ 11%][36.152s] Building CXX object lib/DebugInfo/PDB/CMakeFiles/LLVMDebugInfoPDB.dir/PDBSymbolUnknown.cpp.o
[613/5247][ 11%][36.303s] Building CXX object lib/DebugInfo/PDB/CMakeFiles/LLVMDebugInfoPDB.dir/PDBSymbolUsingNamespace.cpp.o
[614/5247][ 11%][36.334s] Building CXX object lib/DebugInfo/PDB/CMakeFiles/LLVMDebugInfoPDB.dir/PDBSymDumper.cpp.o
[615/5247][ 11%][36.408s] Building CXX object lib/DebugInfo/PDB/CMakeFiles/LLVMDebugInfoPDB.dir/Native/DbiModuleDescriptor.cpp.o
[616/5247][ 11%][36.552s] Building CXX object lib/DebugInfo/PDB/CMakeFiles/LLVMDebugInfoPDB.dir/Native/Hash.cpp.o
[617/5247][ 11%][36.682s] Building CXX object lib/DebugInfo/PDB/CMakeFiles/LLVMDebugInfoPDB.dir/Native/EnumTables.cpp.o
[618/5247][ 11%][36.691s] Building CXX object lib/DebugInfo/PDB/CMakeFiles/LLVMDebugInfoPDB.dir/Native/DbiModuleDescriptorBuilder.cpp.o
[619/5247][ 11%][36.715s] Building CXX object lib/DebugInfo/DWARF/CMakeFiles/LLVMDebugInfoDWARF.dir/DWARFVerifier.cpp.o
[620/5247][ 11%][36.724s] Building CXX object lib/DebugInfo/PDB/CMakeFiles/LLVMDebugInfoPDB.dir/Native/HashTable.cpp.o
[621/5247][ 11%][36.734s] Building CXX object lib/DebugInfo/PDB/CMakeFiles/LLVMDebugInfoPDB.dir/Native/DbiModuleList.cpp.o
[622/5247][ 11%][36.820s] Building CXX object lib/DebugInfo/PDB/CMakeFiles/LLVMDebugInfoPDB.dir/UDTLayout.cpp.o
[623/5247][ 11%][36.821s] Building CXX object lib/DebugInfo/PDB/CMakeFiles/LLVMDebugInfoPDB.dir/Native/FormatUtil.cpp.o
[624/5247][ 11%][36.929s] Building CXX object lib/DebugInfo/PDB/CMakeFiles/LLVMDebugInfoPDB.dir/Native/DbiStream.cpp.o
[625/5247][ 11%][36.939s] Building CXX object lib/DebugInfo/PDB/CMakeFiles/LLVMDebugInfoPDB.dir/Native/GlobalsStream.cpp.o
[626/5247][ 11%][36.960s] Building CXX object lib/DebugInfo/PDB/CMakeFiles/LLVMDebugInfoPDB.dir/Native/InfoStreamBuilder.cpp.o
[627/5247][ 11%][37.007s] Building CXX object lib/DebugInfo/PDB/CMakeFiles/LLVMDebugInfoPDB.dir/Native/InfoStream.cpp.o
[628/5247][ 11%][37.115s] Building CXX object lib/DebugInfo/PDB/CMakeFiles/LLVMDebugInfoPDB.dir/Native/InjectedSourceStream.cpp.o
[629/5247][ 11%][37.286s] Building CXX object lib/DebugInfo/PDB/CMakeFiles/LLVMDebugInfoPDB.dir/Native/DbiStreamBuilder.cpp.o
[630/5247][ 12%][37.336s] Building CXX object lib/DebugInfo/PDB/CMakeFiles/LLVMDebugInfoPDB.dir/Native/NativeEnumLineNumbers.cpp.o
[631/5247][ 12%][37.387s] Building CXX object lib/DebugInfo/PDB/CMakeFiles/LLVMDebugInfoPDB.dir/Native/NativeCompilandSymbol.cpp.o
[632/5247][ 12%][37.428s] Building CXX object lib/DebugInfo/PDB/CMakeFiles/LLVMDebugInfoPDB.dir/Native/NativeEnumInjectedSources.cpp.o
[633/5247][ 12%][37.452s] Building CXX object lib/DebugInfo/PDB/CMakeFiles/LLVMDebugInfoPDB.dir/Native/NativeEnumModules.cpp.o
[634/5247][ 12%][37.475s] Building CXX object lib/DebugInfo/PDB/CMakeFiles/LLVMDebugInfoPDB.dir/Native/ModuleDebugStream.cpp.o
[635/5247][ 12%][37.514s] Building CXX object lib/DebugInfo/PDB/CMakeFiles/LLVMDebugInfoPDB.dir/Native/NativeEnumGlobals.cpp.o
[636/5247][ 12%][37.550s] Building CXX object lib/DebugInfo/PDB/CMakeFiles/LLVMDebugInfoPDB.dir/Native/NativeEnumSymbols.cpp.o
[637/5247][ 12%][37.611s] Building CXX object lib/DebugInfo/PDB/CMakeFiles/LLVMDebugInfoPDB.dir/Native/NativeEnumTypes.cpp.o
[638/5247][ 12%][37.755s] Building CXX object lib/DebugInfo/PDB/CMakeFiles/LLVMDebugInfoPDB.dir/Native/LinePrinter.cpp.o
[639/5247][ 12%][37.794s] Building CXX object lib/DebugInfo/PDB/CMakeFiles/LLVMDebugInfoPDB.dir/Native/NativeExeSymbol.cpp.o
[640/5247][ 12%][37.945s] Building CXX object lib/DebugInfo/PDB/CMakeFiles/LLVMDebugInfoPDB.dir/Native/NativeLineNumber.cpp.o
[641/5247][ 12%][37.947s] Building CXX object lib/DebugInfo/PDB/CMakeFiles/LLVMDebugInfoPDB.dir/Native/InputFile.cpp.o
[642/5247][ 12%][37.982s] Building CXX object lib/DebugInfo/PDB/CMakeFiles/LLVMDebugInfoPDB.dir/Native/NativePublicSymbol.cpp.o
[643/5247][ 12%][38.035s] Building CXX object lib/DebugInfo/PDB/CMakeFiles/LLVMDebugInfoPDB.dir/Native/NativeTypeBuiltin.cpp.o
[644/5247][ 12%][38.043s] Building CXX object lib/DebugInfo/PDB/CMakeFiles/LLVMDebugInfoPDB.dir/Native/NativeRawSymbol.cpp.o
[645/5247][ 12%][38.096s] Building CXX object lib/DebugInfo/PDB/CMakeFiles/LLVMDebugInfoPDB.dir/Native/NativeTypeArray.cpp.o
[646/5247][ 12%][38.116s] Building CXX object lib/DebugInfo/PDB/CMakeFiles/LLVMDebugInfoPDB.dir/Native/NativeFunctionSymbol.cpp.o
[647/5247][ 12%][38.132s] Building CXX object lib/DebugInfo/PDB/CMakeFiles/LLVMDebugInfoPDB.dir/Native/NativeSymbolEnumerator.cpp.o
[648/5247][ 12%][38.189s] Building CXX object lib/DebugInfo/PDB/CMakeFiles/LLVMDebugInfoPDB.dir/Native/NativeSourceFile.cpp.o
[649/5247][ 12%][38.286s] Building CXX object lib/DebugInfo/PDB/CMakeFiles/LLVMDebugInfoPDB.dir/Native/NativeInlineSiteSymbol.cpp.o
[650/5247][ 12%][38.372s] Building CXX object lib/DebugInfo/PDB/CMakeFiles/LLVMDebugInfoPDB.dir/Native/NativeTypePointer.cpp.o
[651/5247][ 12%][38.375s] Building CXX object lib/DebugInfo/PDB/CMakeFiles/LLVMDebugInfoPDB.dir/Native/NativeTypeFunctionSig.cpp.o
[652/5247][ 12%][38.432s] Building CXX object lib/DebugInfo/PDB/CMakeFiles/LLVMDebugInfoPDB.dir/Native/NativeTypeTypedef.cpp.o
[653/5247][ 12%][38.516s] Building CXX object lib/DebugInfo/PDB/CMakeFiles/LLVMDebugInfoPDB.dir/Native/NativeTypeEnum.cpp.o
[654/5247][ 12%][38.578s] Building CXX object lib/DebugInfo/PDB/CMakeFiles/LLVMDebugInfoPDB.dir/Native/NativeTypeVTShape.cpp.o
[655/5247][ 12%][38.628s] Building CXX object lib/DebugInfo/PDB/CMakeFiles/LLVMDebugInfoPDB.dir/Native/NativeTypeUDT.cpp.o
[656/5247][ 12%][38.786s] Building CXX object lib/DebugInfo/PDB/CMakeFiles/LLVMDebugInfoPDB.dir/Native/NamedStreamMap.cpp.o
[657/5247][ 12%][38.808s] Building CXX object lib/DebugInfo/PDB/CMakeFiles/LLVMDebugInfoPDB.dir/Native/RawError.cpp.o
[658/5247][ 12%][38.811s] Building CXX object lib/DebugInfo/PDB/CMakeFiles/LLVMDebugInfoPDB.dir/Native/PDBStringTable.cpp.o
[659/5247][ 12%][38.825s] Building CXX object lib/DebugInfo/PDB/CMakeFiles/LLVMDebugInfoPDB.dir/Native/PDBStringTableBuilder.cpp.o
[660/5247][ 12%][38.851s] Linking CXX static library lib/libLLVMDebugInfoDWARF.a
[661/5247][ 12%][38.920s] Building CXX object lib/DebugInfo/PDB/CMakeFiles/LLVMDebugInfoPDB.dir/Native/PublicsStream.cpp.o
[662/5247][ 12%][39.071s] Building CXX object lib/DebugInfo/PDB/CMakeFiles/LLVMDebugInfoPDB.dir/Native/PDBFile.cpp.o
[663/5247][ 12%][39.096s] Building CXX object lib/DebugInfo/PDB/CMakeFiles/LLVMDebugInfoPDB.dir/Native/SymbolStream.cpp.o
[664/5247][ 12%][39.231s] Building CXX object lib/DebugInfo/PDB/CMakeFiles/LLVMDebugInfoPDB.dir/Native/TpiHashing.cpp.o
[665/5247][ 12%][39.259s] Building CXX object lib/DebugInfo/PDB/CMakeFiles/LLVMDebugInfoPDB.dir/Native/PDBFileBuilder.cpp.o
[666/5247][ 12%][39.440s] Building CXX object lib/DebugInfo/PDB/CMakeFiles/LLVMDebugInfoPDB.dir/Native/TpiStreamBuilder.cpp.o
[667/5247][ 12%][39.467s] Building CXX object lib/DebugInfo/Symbolize/CMakeFiles/LLVMSymbolize.dir/Markup.cpp.o
[668/5247][ 12%][39.524s] Building CXX object lib/DebugInfo/BTF/CMakeFiles/LLVMDebugInfoBTF.dir/BTFContext.cpp.o
[669/5247][ 12%][39.594s] Building CXX object lib/DebugInfo/PDB/CMakeFiles/LLVMDebugInfoPDB.dir/Native/TpiStream.cpp.o
[670/5247][ 12%][39.645s] Building CXX object lib/DebugInfo/PDB/CMakeFiles/LLVMDebugInfoPDB.dir/Native/NativeSession.cpp.o
[671/5247][ 12%][39.756s] Building CXX object lib/DebugInfo/PDB/CMakeFiles/LLVMDebugInfoPDB.dir/Native/GSIStreamBuilder.cpp.o
[672/5247][ 12%][39.802s] Building CXX object lib/DebugInfo/Symbolize/CMakeFiles/LLVMSymbolize.dir/DIPrinter.cpp.o
[673/5247][ 12%][39.817s] Building CXX object lib/DebugInfo/BTF/CMakeFiles/LLVMDebugInfoBTF.dir/BTFParser.cpp.o
[674/5247][ 12%][39.836s] Linking CXX static library lib/libLLVMDebugInfoBTF.a
[675/5247][ 12%][40.337s] Building CXX object lib/DebugInfo/PDB/CMakeFiles/LLVMDebugInfoPDB.dir/Native/SymbolCache.cpp.o
[676/5247][ 12%][40.408s] Linking CXX static library lib/libLLVMDebugInfoPDB.a
[677/5247][ 12%][40.498s] Building CXX object lib/DebugInfo/Symbolize/CMakeFiles/LLVMSymbolize.dir/MarkupFilter.cpp.o
[678/5247][ 12%][40.580s] Building CXX object lib/DebugInfo/Symbolize/CMakeFiles/LLVMSymbolize.dir/SymbolizableObjectFile.cpp.o
[679/5247][ 12%][40.665s] Building CXX object lib/ProfileData/CMakeFiles/LLVMProfileData.dir/MemProf.cpp.o
[680/5247][ 12%][40.778s] Building CXX object lib/ProfileData/CMakeFiles/LLVMProfileData.dir/GCOV.cpp.o
[681/5247][ 12%][41.148s] Building CXX object lib/ProfileData/CMakeFiles/LLVMProfileData.dir/SymbolRemappingReader.cpp.o
[682/5247][ 12%][41.316s] Building CXX object tools/clang/utils/TableGen/CMakeFiles/clang-tblgen.dir/ClangDataCollectorsEmitter.cpp.o
[683/5247][ 13%][41.411s] Building CXX object lib/DebugInfo/Symbolize/CMakeFiles/LLVMSymbolize.dir/Symbolize.cpp.o
[684/5247][ 13%][41.425s] Building CXX object lib/ProfileData/CMakeFiles/LLVMProfileData.dir/InstrProfCorrelator.cpp.o
[685/5247][ 13%][41.426s] Building CXX object lib/ProfileData/CMakeFiles/LLVMProfileData.dir/ProfileSummaryBuilder.cpp.o
[686/5247][ 13%][41.433s] Linking CXX static library lib/libLLVMSymbolize.a
[687/5247][ 13%][41.741s] Building CXX object lib/ProfileData/CMakeFiles/LLVMProfileData.dir/InstrProf.cpp.o
[688/5247][ 13%][42.237s] Building CXX object tools/clang/utils/TableGen/CMakeFiles/clang-tblgen.dir/ClangSACheckersEmitter.cpp.o
[689/5247][ 13%][42.303s] Building CXX object tools/clang/utils/TableGen/CMakeFiles/clang-tblgen.dir/ClangOpcodesEmitter.cpp.o
[690/5247][ 13%][42.349s] Building CXX object lib/ProfileData/CMakeFiles/LLVMProfileData.dir/SampleProf.cpp.o
[691/5247][ 13%][42.404s] Building CXX object tools/clang/utils/TableGen/CMakeFiles/clang-tblgen.dir/ClangTypeNodesEmitter.cpp.o
[692/5247][ 13%][42.413s] Building CXX object tools/clang/utils/TableGen/CMakeFiles/clang-tblgen.dir/ClangSyntaxEmitter.cpp.o
[693/5247][ 13%][42.440s] Building CXX object lib/ProfileData/CMakeFiles/LLVMProfileData.dir/InstrProfWriter.cpp.o
[694/5247][ 13%][42.636s] Building CXX object lib/ProfileData/CMakeFiles/LLVMProfileData.dir/RawMemProfReader.cpp.o
[695/5247][ 13%][42.656s] Building CXX object lib/ProfileData/CMakeFiles/LLVMProfileData.dir/InstrProfReader.cpp.o
[696/5247][ 13%][42.795s] Building CXX object lib/ProfileData/CMakeFiles/LLVMProfileData.dir/SampleProfWriter.cpp.o
[697/5247][ 13%][42.845s] Building CXX object tools/clang/utils/TableGen/CMakeFiles/clang-tblgen.dir/ClangOptionDocEmitter.cpp.o
[698/5247][ 13%][42.956s] Building CXX object lib/ProfileData/CMakeFiles/LLVMProfileData.dir/ItaniumManglingCanonicalizer.cpp.o
[699/5247][ 13%][42.964s] Building CXX object tools/clang/utils/TableGen/CMakeFiles/clang-tblgen.dir/ClangOpenCLBuiltinEmitter.cpp.o
[700/5247][ 13%][43.185s] Building CXX object lib/ProfileData/CMakeFiles/LLVMProfileData.dir/SampleProfReader.cpp.o
[701/5247][ 13%][43.243s] Building CXX object tools/clang/utils/TableGen/CMakeFiles/clang-tblgen.dir/ClangDiagnosticsEmitter.cpp.o
[702/5247][ 13%][43.255s] Building CXX object tools/clang/utils/TableGen/CMakeFiles/clang-tblgen.dir/TableGen.cpp.o
[703/5247][ 13%][43.354s] Building CXX object tools/clang/lib/Support/CMakeFiles/obj.clangSupport.dir/RISCVVIntrinsicUtils.cpp.o
[704/5247][ 13%][43.509s] Building CXX object lib/Analysis/CMakeFiles/LLVMAnalysis.dir/Analysis.cpp.o
[705/5247][ 13%][43.652s] Building CXX object tools/clang/utils/TableGen/CMakeFiles/clang-tblgen.dir/RISCVVEmitter.cpp.o
[706/5247][ 13%][43.910s] Building CXX object lib/Analysis/CMakeFiles/LLVMAnalysis.dir/AliasAnalysisEvaluator.cpp.o
[707/5247][ 13%][44.240s] Building CXX object lib/Analysis/CMakeFiles/LLVMAnalysis.dir/AliasAnalysis.cpp.o
[708/5247][ 13%][44.338s] Building CXX object lib/Analysis/CMakeFiles/LLVMAnalysis.dir/AssumeBundleQueries.cpp.o
[709/5247][ 13%][44.519s] Building CXX object tools/clang/utils/TableGen/CMakeFiles/clang-tblgen.dir/SveEmitter.cpp.o
[710/5247][ 13%][44.522s] Building CXX object lib/Analysis/CMakeFiles/LLVMAnalysis.dir/AliasSetTracker.cpp.o
[711/5247][ 13%][44.645s] Building CXX object lib/Analysis/CMakeFiles/LLVMAnalysis.dir/CFG.cpp.o
[712/5247][ 13%][44.815s] Building CXX object lib/Analysis/CMakeFiles/LLVMAnalysis.dir/CFGSCCPrinter.cpp.o
[713/5247][ 13%][44.834s] Building CXX object lib/Analysis/CMakeFiles/LLVMAnalysis.dir/AssumptionCache.cpp.o
[714/5247][ 13%][44.898s] Building CXX object lib/Analysis/CMakeFiles/LLVMAnalysis.dir/BlockFrequencyInfoImpl.cpp.o
[715/5247][ 13%][45.068s] Building CXX object tools/clang/utils/TableGen/CMakeFiles/clang-tblgen.dir/MveEmitter.cpp.o
[716/5247][ 13%][45.158s] Building CXX object tools/clang/utils/TableGen/CMakeFiles/clang-tblgen.dir/NeonEmitter.cpp.o
[717/5247][ 13%][45.222s] Building CXX object lib/Analysis/CMakeFiles/LLVMAnalysis.dir/CFGPrinter.cpp.o
[718/5247][ 13%][45.436s] Building CXX object lib/Analysis/CMakeFiles/LLVMAnalysis.dir/BasicAliasAnalysis.cpp.o
[719/5247][ 13%][45.809s] Building CXX object lib/Analysis/CMakeFiles/LLVMAnalysis.dir/BranchProbabilityInfo.cpp.o
[720/5247][ 13%][45.902s] Building CXX object lib/Analysis/CMakeFiles/LLVMAnalysis.dir/CmpInstAnalysis.cpp.o
[721/5247][ 13%][45.933s] Building CXX object lib/Analysis/CMakeFiles/LLVMAnalysis.dir/CodeMetrics.cpp.o
[722/5247][ 13%][46.008s] Building CXX object lib/Analysis/CMakeFiles/LLVMAnalysis.dir/CycleAnalysis.cpp.o
[723/5247][ 13%][46.051s] Building CXX object lib/Analysis/CMakeFiles/LLVMAnalysis.dir/CallGraph.cpp.o
[724/5247][ 13%][46.170s] Building CXX object lib/Analysis/CMakeFiles/LLVMAnalysis.dir/CallGraphSCCPass.cpp.o
[725/5247][ 13%][46.180s] Building CXX object lib/Analysis/CMakeFiles/LLVMAnalysis.dir/CallPrinter.cpp.o
[726/5247][ 13%][46.183s] Building CXX object lib/Analysis/CMakeFiles/LLVMAnalysis.dir/CaptureTracking.cpp.o
[727/5247][ 13%][46.244s] Building CXX object lib/Analysis/CMakeFiles/LLVMAnalysis.dir/CostModel.cpp.o
[728/5247][ 13%][46.263s] Building CXX object lib/Analysis/CMakeFiles/LLVMAnalysis.dir/BlockFrequencyInfo.cpp.o
[729/5247][ 13%][46.495s] Building CXX object lib/Analysis/CMakeFiles/LLVMAnalysis.dir/ConstraintSystem.cpp.o
[730/5247][ 13%][46.664s] Building CXX object lib/Analysis/CMakeFiles/LLVMAnalysis.dir/DevelopmentModeInlineAdvisor.cpp.o
[731/5247][ 13%][46.698s] Building CXX object lib/Analysis/CMakeFiles/LLVMAnalysis.dir/DDGPrinter.cpp.o
[732/5247][ 13%][46.938s] Building CXX object lib/Analysis/CMakeFiles/LLVMAnalysis.dir/DDG.cpp.o
[733/5247][ 13%][47.044s] Building CXX object lib/Analysis/CMakeFiles/LLVMAnalysis.dir/CGSCCPassManager.cpp.o
[734/5247][ 13%][47.372s] Building CXX object lib/Analysis/CMakeFiles/LLVMAnalysis.dir/Delinearization.cpp.o
[735/5247][ 14%][47.423s] Building CXX object lib/Analysis/CMakeFiles/LLVMAnalysis.dir/DominanceFrontier.cpp.o
[736/5247][ 14%][47.440s] Building CXX object lib/Analysis/CMakeFiles/LLVMAnalysis.dir/ConstantFolding.cpp.o
[737/5247][ 14%][47.492s] Building CXX object lib/Analysis/CMakeFiles/LLVMAnalysis.dir/DemandedBits.cpp.o
[738/5247][ 14%][47.501s] Building CXX object lib/Analysis/CMakeFiles/LLVMAnalysis.dir/DomPrinter.cpp.o
[739/5247][ 14%][47.534s] Building CXX object lib/Analysis/CMakeFiles/LLVMAnalysis.dir/DomTreeUpdater.cpp.o
[740/5247][ 14%][47.575s] Building CXX object lib/Analysis/CMakeFiles/LLVMAnalysis.dir/HeatUtils.cpp.o
[741/5247][ 14%][47.642s] Building CXX object lib/Analysis/CMakeFiles/LLVMAnalysis.dir/FunctionPropertiesAnalysis.cpp.o
[742/5247][ 14%][47.649s] Building CXX object lib/Analysis/CMakeFiles/LLVMAnalysis.dir/GuardUtils.cpp.o
[743/5247][ 14%][47.905s] Building CXX object lib/Analysis/CMakeFiles/LLVMAnalysis.dir/DependenceGraphBuilder.cpp.o
[744/5247][ 14%][48.280s] Building CXX object lib/Analysis/CMakeFiles/LLVMAnalysis.dir/InlineSizeEstimatorAnalysis.cpp.o
[745/5247][ 14%][48.321s] Building CXX object lib/Analysis/CMakeFiles/LLVMAnalysis.dir/IndirectCallPromotionAnalysis.cpp.o
[746/5247][ 14%][48.497s] Building CXX object lib/Analysis/CMakeFiles/LLVMAnalysis.dir/ImportedFunctionsInliningStatistics.cpp.o
[747/5247][ 14%][48.565s] Building CXX object lib/Analysis/CMakeFiles/LLVMAnalysis.dir/GlobalsModRef.cpp.o
[748/5247][ 14%][48.582s] Building CXX object lib/Analysis/CMakeFiles/LLVMAnalysis.dir/DependenceAnalysis.cpp.o
[749/5247][ 14%][48.702s] Building CXX object lib/Analysis/CMakeFiles/LLVMAnalysis.dir/IVUsers.cpp.o
[750/5247][ 14%][48.802s] Building CXX object lib/Analysis/CMakeFiles/LLVMAnalysis.dir/Interval.cpp.o
[751/5247][ 14%][48.805s] Building CXX object lib/Analysis/CMakeFiles/LLVMAnalysis.dir/InstructionPrecedenceTracking.cpp.o
[752/5247][ 14%][48.872s] Building CXX object lib/Analysis/CMakeFiles/LLVMAnalysis.dir/InstCount.cpp.o
[753/5247][ 14%][48.904s] Building CXX object lib/Analysis/CMakeFiles/LLVMAnalysis.dir/IVDescriptors.cpp.o
[754/5247][ 14%][49.284s] Building CXX object lib/Analysis/CMakeFiles/LLVMAnalysis.dir/InteractiveModelRunner.cpp.o
[755/5247][ 14%][49.376s] Building CXX object lib/Analysis/CMakeFiles/LLVMAnalysis.dir/IntervalPartition.cpp.o
[756/5247][ 14%][49.499s] Building CXX object lib/Analysis/CMakeFiles/LLVMAnalysis.dir/LazyBlockFrequencyInfo.cpp.o
[757/5247][ 14%][49.503s] Building CXX object lib/Analysis/CMakeFiles/LLVMAnalysis.dir/InlineAdvisor.cpp.o
[758/5247][ 14%][49.595s] Building CXX object lib/Analysis/CMakeFiles/LLVMAnalysis.dir/InlineOrder.cpp.o
[759/5247][ 14%][49.613s] Building CXX object lib/Analysis/CMakeFiles/LLVMAnalysis.dir/LazyBranchProbabilityInfo.cpp.o
[760/5247][ 14%][49.762s] Building CXX object lib/Analysis/CMakeFiles/LLVMAnalysis.dir/Local.cpp.o
[761/5247][ 14%][50.032s] Building CXX object lib/Analysis/CMakeFiles/LLVMAnalysis.dir/IRSimilarityIdentifier.cpp.o
[762/5247][ 14%][50.639s] Building CXX object lib/Analysis/CMakeFiles/LLVMAnalysis.dir/Loads.cpp.o
[763/5247][ 14%][50.715s] Building CXX object lib/Analysis/CMakeFiles/LLVMAnalysis.dir/InlineCost.cpp.o
[764/5247][ 14%][50.885s] Building CXX object lib/Analysis/CMakeFiles/LLVMAnalysis.dir/Lint.cpp.o
[765/5247][ 14%][51.162s] Building CXX object lib/Analysis/CMakeFiles/LLVMAnalysis.dir/LoopUnrollAnalyzer.cpp.o
[766/5247][ 14%][51.179s] Building CXX object lib/Analysis/CMakeFiles/LLVMAnalysis.dir/LoopAnalysisManager.cpp.o
[767/5247][ 14%][51.223s] Building CXX object lib/Analysis/CMakeFiles/LLVMAnalysis.dir/LoopNestAnalysis.cpp.o
[768/5247][ 14%][51.249s] Building CXX object lib/Analysis/CMakeFiles/LLVMAnalysis.dir/LoopPass.cpp.o
[769/5247][ 14%][51.487s] Building CXX object lib/Analysis/CMakeFiles/LLVMAnalysis.dir/LazyCallGraph.cpp.o
[770/5247][ 14%][51.548s] Building CXX object lib/Analysis/CMakeFiles/LLVMAnalysis.dir/MemDerefPrinter.cpp.o
[771/5247][ 14%][51.600s] Building CXX object lib/Analysis/CMakeFiles/LLVMAnalysis.dir/LoopCacheAnalysis.cpp.o
[772/5247][ 14%][51.806s] Building CXX object lib/Analysis/CMakeFiles/LLVMAnalysis.dir/ModelUnderTrainingRunner.cpp.o
[773/5247][ 14%][51.858s] Building CXX object lib/Analysis/CMakeFiles/LLVMAnalysis.dir/LazyValueInfo.cpp.o
[774/5247][ 14%][52.124s] Building CXX object lib/Analysis/CMakeFiles/LLVMAnalysis.dir/InstructionSimplify.cpp.o
[775/5247][ 14%][52.358s] Building CXX object lib/Analysis/CMakeFiles/LLVMAnalysis.dir/MemoryProfileInfo.cpp.o
[776/5247][ 14%][52.426s] Building CXX object lib/Analysis/CMakeFiles/LLVMAnalysis.dir/MemoryLocation.cpp.o
[777/5247][ 14%][52.435s] Building CXX object lib/Analysis/CMakeFiles/LLVMAnalysis.dir/MLInlineAdvisor.cpp.o
[778/5247][ 14%][52.577s] Building CXX object lib/Analysis/CMakeFiles/LLVMAnalysis.dir/MemoryBuiltins.cpp.o
[779/5247][ 14%][52.662s] Building CXX object lib/Analysis/CMakeFiles/LLVMAnalysis.dir/NoInferenceModelRunner.cpp.o
[780/5247][ 14%][52.712s] Building CXX object lib/Analysis/CMakeFiles/LLVMAnalysis.dir/ModuleDebugInfoPrinter.cpp.o
[781/5247][ 14%][52.918s] Building CXX object lib/Analysis/CMakeFiles/LLVMAnalysis.dir/LoopInfo.cpp.o
[782/5247][ 14%][52.989s] Building CXX object lib/Analysis/CMakeFiles/LLVMAnalysis.dir/LoopAccessAnalysis.cpp.o
[783/5247][ 14%][53.055s] Building CXX object lib/Analysis/CMakeFiles/LLVMAnalysis.dir/ObjCARCAliasAnalysis.cpp.o
[784/5247][ 14%][53.179s] Building CXX object lib/Analysis/CMakeFiles/LLVMAnalysis.dir/ObjCARCInstKind.cpp.o
[785/5247][ 14%][53.408s] Building CXX object lib/Analysis/CMakeFiles/LLVMAnalysis.dir/ObjCARCAnalysisUtils.cpp.o
[786/5247][ 14%][53.596s] Building CXX object lib/Analysis/CMakeFiles/LLVMAnalysis.dir/OverflowInstAnalysis.cpp.o
[787/5247][ 14%][53.704s] Building CXX object lib/Analysis/CMakeFiles/LLVMAnalysis.dir/OptimizationRemarkEmitter.cpp.o
[788/5247][ 15%][53.756s] Building CXX object lib/Analysis/CMakeFiles/LLVMAnalysis.dir/MemoryDependenceAnalysis.cpp.o
[789/5247][ 15%][53.887s] Building CXX object lib/Analysis/CMakeFiles/LLVMAnalysis.dir/PostDominators.cpp.o
[790/5247][ 15%][53.911s] Building CXX object lib/Analysis/CMakeFiles/LLVMAnalysis.dir/MustExecute.cpp.o
[791/5247][ 15%][53.978s] Building CXX object lib/Analysis/CMakeFiles/LLVMAnalysis.dir/PhiValues.cpp.o
[792/5247][ 15%][54.013s] Building CXX object lib/Analysis/CMakeFiles/LLVMAnalysis.dir/PtrUseVisitor.cpp.o
[793/5247][ 15%][54.024s] Building CXX object lib/Analysis/CMakeFiles/LLVMAnalysis.dir/MemorySSAUpdater.cpp.o
[794/5247][ 15%][54.060s] Building CXX object lib/Analysis/CMakeFiles/LLVMAnalysis.dir/PHITransAddr.cpp.o
[795/5247][ 15%][54.414s] Building CXX object lib/Analysis/CMakeFiles/LLVMAnalysis.dir/MemorySSA.cpp.o
[796/5247][ 15%][54.438s] Building CXX object lib/Analysis/CMakeFiles/LLVMAnalysis.dir/TFLiteUtils.cpp.o
[797/5247][ 15%][54.468s] Building CXX object lib/Analysis/CMakeFiles/LLVMAnalysis.dir/RegionPass.cpp.o
[798/5247][ 15%][54.568s] Building CXX object lib/Analysis/CMakeFiles/LLVMAnalysis.dir/ProfileSummaryInfo.cpp.o
[799/5247][ 15%][54.820s] Building CXX object lib/Analysis/CMakeFiles/LLVMAnalysis.dir/ReplayInlineAdvisor.cpp.o
[800/5247][ 15%][55.040s] Building CXX object lib/Analysis/CMakeFiles/LLVMAnalysis.dir/ScalarEvolutionNormalization.cpp.o
[801/5247][ 15%][55.059s] Building CXX object lib/Analysis/CMakeFiles/LLVMAnalysis.dir/ScalarEvolutionDivision.cpp.o
[802/5247][ 15%][55.068s] Building CXX object lib/Analysis/CMakeFiles/LLVMAnalysis.dir/ScalarEvolutionAliasAnalysis.cpp.o
[803/5247][ 15%][55.151s] Building CXX object lib/Analysis/CMakeFiles/LLVMAnalysis.dir/RegionPrinter.cpp.o
[804/5247][ 15%][55.292s] Building CXX object lib/Analysis/CMakeFiles/LLVMAnalysis.dir/Trace.cpp.o
[805/5247][ 15%][55.390s] Building CXX object lib/Analysis/CMakeFiles/LLVMAnalysis.dir/ModuleSummaryAnalysis.cpp.o
[806/5247][ 15%][55.466s] Building CXX object lib/Analysis/CMakeFiles/LLVMAnalysis.dir/TensorSpec.cpp.o
[807/5247][ 15%][55.570s] Building CXX object lib/Analysis/CMakeFiles/LLVMAnalysis.dir/RegionInfo.cpp.o
[808/5247][ 15%][55.768s] Building CXX object lib/Analysis/CMakeFiles/LLVMAnalysis.dir/TrainingLogger.cpp.o
[809/5247][ 15%][55.826s] Building CXX object lib/Analysis/CMakeFiles/LLVMAnalysis.dir/SyntheticCountsUtils.cpp.o
[810/5247][ 15%][55.963s] Building CXX object lib/Analysis/CMakeFiles/LLVMAnalysis.dir/TargetLibraryInfo.cpp.o
[811/5247][ 15%][56.006s] Linking CXX static library lib/libLLVMProfileData.a
[812/5247][ 15%][56.052s] Building CXX object lib/Analysis/CMakeFiles/LLVMAnalysis.dir/StackLifetime.cpp.o
[813/5247][ 15%][56.067s] Building OMP.h.inc...
[814/5247][ 15%][56.082s] Building OMP.inc...
[815/5247][ 15%][56.093s] Linking CXX executable bin/clang-tblgen
ld: warning: ignoring duplicate libraries: 'lib/libLLVMSupport.a'
[816/5247][ 15%][56.126s] Building CXX object lib/Analysis/CMakeFiles/LLVMAnalysis.dir/ValueLatticeUtils.cpp.o
[817/5247][ 15%][56.205s] Building CXX object lib/Analysis/CMakeFiles/LLVMAnalysis.dir/ValueLattice.cpp.o
[818/5247][ 15%][56.324s] Building CXX object lib/Analysis/CMakeFiles/LLVMAnalysis.dir/ScopedNoAliasAA.cpp.o
[819/5247][ 15%][56.340s] Building CXX object lib/Analysis/CMakeFiles/LLVMAnalysis.dir/TypeMetadataUtils.cpp.o
[820/5247][ 15%][56.347s] Building CXX object lib/Analysis/CMakeFiles/LLVMAnalysis.dir/TypeBasedAliasAnalysis.cpp.o
[821/5247][ 15%][56.875s] Building CXX object lib/Transforms/Utils/CMakeFiles/LLVMTransformUtils.dir/ASanStackFrameLayout.cpp.o
[822/5247][ 15%][56.906s] Building CXX object lib/Analysis/CMakeFiles/LLVMAnalysis.dir/TargetTransformInfo.cpp.o
[823/5247][ 15%][56.981s] Building CXX object lib/Analysis/CMakeFiles/LLVMAnalysis.dir/VFABIDemangling.cpp.o
[824/5247][ 15%][57.210s] Building CXX object lib/Analysis/CMakeFiles/LLVMAnalysis.dir/UniformityAnalysis.cpp.o
[825/5247][ 15%][57.323s] Building CXX object lib/Transforms/Utils/CMakeFiles/LLVMTransformUtils.dir/AMDGPUEmitPrintf.cpp.o
[826/5247][ 15%][57.694s] Building CXX object lib/Analysis/CMakeFiles/LLVMAnalysis.dir/StackSafetyAnalysis.cpp.o
[827/5247][ 15%][57.703s] Building CXX object lib/Transforms/Utils/CMakeFiles/LLVMTransformUtils.dir/AddDiscriminators.cpp.o
[828/5247][ 15%][57.708s] Building CXX object lib/Transforms/Utils/CMakeFiles/LLVMTransformUtils.dir/BuildLibCalls.cpp.o
[829/5247][ 15%][57.950s] Building CXX object lib/Transforms/Utils/CMakeFiles/LLVMTransformUtils.dir/CanonicalizeAliases.cpp.o
[830/5247][ 15%][58.062s] Building CXX object lib/Transforms/Utils/CMakeFiles/LLVMTransformUtils.dir/CallGraphUpdater.cpp.o
[831/5247][ 15%][58.106s] Building CXX object lib/Transforms/Utils/CMakeFiles/LLVMTransformUtils.dir/BreakCriticalEdges.cpp.o
[832/5247][ 15%][58.119s] Building CXX object lib/Transforms/Utils/CMakeFiles/LLVMTransformUtils.dir/CallPromotionUtils.cpp.o
[833/5247][ 15%][58.206s] Building CXX object lib/Transforms/Utils/CMakeFiles/LLVMTransformUtils.dir/BypassSlowDivision.cpp.o
[834/5247][ 15%][58.317s] Building CXX object lib/Transforms/Utils/CMakeFiles/LLVMTransformUtils.dir/AssumeBundleBuilder.cpp.o
[835/5247][ 15%][58.522s] Building CXX object lib/Analysis/CMakeFiles/LLVMAnalysis.dir/VectorUtils.cpp.o
[836/5247][ 15%][58.685s] Building CXX object lib/Transforms/Utils/CMakeFiles/LLVMTransformUtils.dir/CanonicalizeFreezeInLoops.cpp.o
[837/5247][ 15%][58.723s] Building CXX object lib/Transforms/Utils/CMakeFiles/LLVMTransformUtils.dir/CloneModule.cpp.o
[838/5247][ 15%][58.764s] Building CXX object lib/Transforms/Utils/CMakeFiles/LLVMTransformUtils.dir/CountVisits.cpp.o
[839/5247][ 15%][58.954s] Building CXX object lib/Transforms/Utils/CMakeFiles/LLVMTransformUtils.dir/CtorUtils.cpp.o
[840/5247][ 16%][59.168s] Building CXX object lib/Transforms/Utils/CMakeFiles/LLVMTransformUtils.dir/BasicBlockUtils.cpp.o
[841/5247][ 16%][59.345s] Building CXX object lib/Transforms/Utils/CMakeFiles/LLVMTransformUtils.dir/CodeMoverUtils.cpp.o
[842/5247][ 16%][59.360s] Building CXX object lib/Transforms/Utils/CMakeFiles/LLVMTransformUtils.dir/DemoteRegToStack.cpp.o
[843/5247][ 16%][59.463s] Building CXX object lib/Transforms/Utils/CMakeFiles/LLVMTransformUtils.dir/CodeLayout.cpp.o
[844/5247][ 16%][59.806s] Building CXX object lib/Transforms/Utils/CMakeFiles/LLVMTransformUtils.dir/EscapeEnumerator.cpp.o
[845/5247][ 16%][59.827s] Building CXX object lib/Transforms/Utils/CMakeFiles/LLVMTransformUtils.dir/EntryExitInstrumenter.cpp.o
[846/5247][ 16%][60.308s] Building CXX object lib/Transforms/Utils/CMakeFiles/LLVMTransformUtils.dir/CloneFunction.cpp.o
[847/5247][ 16%][60.393s] Building CXX object lib/Transforms/Utils/CMakeFiles/LLVMTransformUtils.dir/FixIrreducible.cpp.o
[848/5247][ 16%][60.409s] Building CXX object lib/Transforms/Utils/CMakeFiles/LLVMTransformUtils.dir/FlattenCFG.cpp.o
[849/5247][ 16%][60.419s] Building CXX object lib/Transforms/Utils/CMakeFiles/LLVMTransformUtils.dir/Evaluator.cpp.o
[850/5247][ 16%][60.428s] Building CXX object lib/Analysis/CMakeFiles/LLVMAnalysis.dir/ValueTracking.cpp.o
[851/5247][ 16%][60.456s] Building CXX object lib/Transforms/Utils/CMakeFiles/LLVMTransformUtils.dir/HelloWorld.cpp.o
[852/5247][ 16%][60.461s] Building CXX object lib/Transforms/Utils/CMakeFiles/LLVMTransformUtils.dir/FunctionComparator.cpp.o
[853/5247][ 16%][60.477s] Building CXX object lib/Transforms/Utils/CMakeFiles/LLVMTransformUtils.dir/GlobalStatus.cpp.o
[854/5247][ 16%][60.614s] Building CXX object lib/Transforms/Utils/CMakeFiles/LLVMTransformUtils.dir/CodeExtractor.cpp.o
/Users/wezzard/Repositories/com.github~WeZZard/swift-project-6.1/llvm-project/llvm/lib/Transforms/Utils/CodeExtractor.cpp:1622:15: warning: variable 'ID' set but not used [-Wunused-but-set-variable]
 1622 |     if (auto *ID = I.getMetadata(LLVMContext::MD_DIAssignID))
      |               ^
1 warning generated.
[855/5247][ 16%][60.684s] Building CXX object lib/Transforms/Utils/CMakeFiles/LLVMTransformUtils.dir/FunctionImportUtils.cpp.o
[856/5247][ 16%][60.806s] Building CXX object lib/Transforms/Utils/CMakeFiles/LLVMTransformUtils.dir/Debugify.cpp.o
[857/5247][ 16%][60.890s] Building CXX object lib/Transforms/Utils/CMakeFiles/LLVMTransformUtils.dir/GuardUtils.cpp.o
[858/5247][ 16%][61.155s] Building CXX object lib/Transforms/Utils/CMakeFiles/LLVMTransformUtils.dir/InstructionNamer.cpp.o
[859/5247][ 16%][61.486s] Building CXX object lib/Transforms/Utils/CMakeFiles/LLVMTransformUtils.dir/IntegerDivision.cpp.o
[860/5247][ 16%][61.665s] Building CXX object lib/Transforms/Utils/CMakeFiles/LLVMTransformUtils.dir/InjectTLIMappings.cpp.o
[861/5247][ 16%][61.878s] Building CXX object lib/Transforms/Utils/CMakeFiles/LLVMTransformUtils.dir/LibCallsShrinkWrap.cpp.o
[862/5247][ 16%][62.459s] Building CXX object lib/Transforms/Utils/CMakeFiles/LLVMTransformUtils.dir/LowerAtomic.cpp.o
[863/5247][ 16%][62.682s] Building CXX object lib/Transforms/Utils/CMakeFiles/LLVMTransformUtils.dir/LCSSA.cpp.o
[864/5247][ 16%][62.901s] Building CXX object lib/Transforms/Utils/CMakeFiles/LLVMTransformUtils.dir/LoopPeel.cpp.o
[865/5247][ 16%][62.906s] Building CXX object lib/Transforms/Utils/CMakeFiles/LLVMTransformUtils.dir/LoopSimplify.cpp.o
[866/5247][ 16%][62.914s] Building CXX object lib/Transforms/Utils/CMakeFiles/LLVMTransformUtils.dir/LoopRotationUtils.cpp.o
[867/5247][ 16%][62.954s] Building CXX object lib/Transforms/Utils/CMakeFiles/LLVMTransformUtils.dir/LowerGlobalDtors.cpp.o
[868/5247][ 16%][63.031s] Building CXX object lib/Analysis/CMakeFiles/LLVMAnalysis.dir/ScalarEvolution.cpp.o
[869/5247][ 16%][63.173s] Building CXX object lib/Transforms/Utils/CMakeFiles/LLVMTransformUtils.dir/LowerIFunc.cpp.o
[870/5247][ 16%][63.454s] Building CXX object lib/Transforms/Utils/CMakeFiles/LLVMTransformUtils.dir/LoopUnrollRuntime.cpp.o
[871/5247][ 16%][63.468s] Building CXX object lib/Transforms/Utils/CMakeFiles/LLVMTransformUtils.dir/LoopUnroll.cpp.o
[872/5247][ 16%][63.499s] Building CXX object lib/Transforms/Utils/CMakeFiles/LLVMTransformUtils.dir/LoopUnrollAndJam.cpp.o
[873/5247][ 16%][63.643s] Building CXX object lib/Transforms/Utils/CMakeFiles/LLVMTransformUtils.dir/LowerInvoke.cpp.o
[874/5247][ 16%][63.845s] Building CXX object lib/Transforms/Utils/CMakeFiles/LLVMTransformUtils.dir/InlineFunction.cpp.o
[875/5247][ 16%][63.913s] Building CXX object lib/Transforms/Utils/CMakeFiles/LLVMTransformUtils.dir/LoopVersioning.cpp.o
[876/5247][ 16%][64.071s] Building CXX object lib/Transforms/Utils/CMakeFiles/LLVMTransformUtils.dir/MatrixUtils.cpp.o
[877/5247][ 16%][64.110s] Building CXX object lib/Transforms/Utils/CMakeFiles/LLVMTransformUtils.dir/Mem2Reg.cpp.o
[878/5247][ 16%][64.273s] Building CXX object lib/Transforms/Utils/CMakeFiles/LLVMTransformUtils.dir/LoopUtils.cpp.o
[879/5247][ 16%][64.388s] Building CXX object lib/Transforms/Utils/CMakeFiles/LLVMTransformUtils.dir/MemoryOpRemark.cpp.o
[880/5247][ 16%][64.474s] Building CXX object lib/Transforms/Utils/CMakeFiles/LLVMTransformUtils.dir/LowerMemIntrinsics.cpp.o
[881/5247][ 16%][64.500s] Building CXX object lib/Transforms/Utils/CMakeFiles/LLVMTransformUtils.dir/LowerSwitch.cpp.o
[882/5247][ 16%][64.508s] Building CXX object lib/Transforms/Utils/CMakeFiles/LLVMTransformUtils.dir/Local.cpp.o
[883/5247][ 16%][64.604s] Building CXX object lib/Transforms/Utils/CMakeFiles/LLVMTransformUtils.dir/MetaRenamer.cpp.o
[884/5247][ 16%][64.606s] Building CXX object lib/Transforms/Utils/CMakeFiles/LLVMTransformUtils.dir/MisExpect.cpp.o
[885/5247][ 16%][64.613s] Building CXX object lib/Transforms/Utils/CMakeFiles/LLVMTransformUtils.dir/NameAnonGlobals.cpp.o
[886/5247][ 16%][64.697s] Building CXX object lib/Transforms/Utils/CMakeFiles/LLVMTransformUtils.dir/MemoryTaggingSupport.cpp.o
[887/5247][ 16%][64.970s] Building CXX object lib/Transforms/Utils/CMakeFiles/LLVMTransformUtils.dir/ModuleUtils.cpp.o
[888/5247][ 16%][65.302s] Building CXX object lib/Transforms/Utils/CMakeFiles/LLVMTransformUtils.dir/RelLookupTableConverter.cpp.o
[889/5247][ 16%][65.334s] Building CXX object lib/Transforms/Utils/CMakeFiles/LLVMTransformUtils.dir/SanitizerStats.cpp.o
[890/5247][ 16%][65.356s] Building CXX object lib/Transforms/Utils/CMakeFiles/LLVMTransformUtils.dir/MoveAutoInit.cpp.o
[891/5247][ 16%][65.660s] Building CXX object lib/Transforms/Utils/CMakeFiles/LLVMTransformUtils.dir/StripGCRelocates.cpp.o
[892/5247][ 17%][65.885s] Building CXX object lib/Transforms/Utils/CMakeFiles/LLVMTransformUtils.dir/SampleProfileLoaderBaseUtil.cpp.o
[893/5247][ 17%][66.086s] Building CXX object lib/Transforms/Utils/CMakeFiles/LLVMTransformUtils.dir/SampleProfileInference.cpp.o
[894/5247][ 17%][66.104s] Building CXX object lib/Transforms/Utils/CMakeFiles/LLVMTransformUtils.dir/SSAUpdaterBulk.cpp.o
[895/5247][ 17%][66.107s] Building CXX object lib/Transforms/Utils/CMakeFiles/LLVMTransformUtils.dir/SSAUpdater.cpp.o
[896/5247][ 17%][66.150s] Building CXX object lib/Transforms/Utils/CMakeFiles/LLVMTransformUtils.dir/PredicateInfo.cpp.o
[897/5247][ 17%][66.351s] Building CXX object lib/Transforms/Utils/CMakeFiles/LLVMTransformUtils.dir/SizeOpts.cpp.o
[898/5247][ 17%][66.633s] Building CXX object lib/Transforms/Utils/CMakeFiles/LLVMTransformUtils.dir/Utils.cpp.o
[899/5247][ 17%][66.683s] Building CXX object lib/Transforms/Utils/CMakeFiles/LLVMTransformUtils.dir/SplitModule.cpp.o
[900/5247][ 17%][66.736s] Building CXX object lib/Transforms/Utils/CMakeFiles/LLVMTransformUtils.dir/StripNonLineTableDebugInfo.cpp.o
[901/5247][ 17%][66.754s] Building Attrs.inc...
[902/5247][ 17%][66.772s] Building CXX object lib/Transforms/Utils/CMakeFiles/LLVMTransformUtils.dir/PromoteMemoryToRegister.cpp.o
[903/5247][ 17%][66.778s] Building AttrImpl.inc...
[904/5247][ 17%][66.793s] Building AttrTextNodeDump.inc...
[905/5247][ 17%][66.816s] Building AttrVisitor.inc...
[906/5247][ 17%][66.819s] Building AttrNodeTraverse.inc...
[907/5247][ 17%][66.841s] Building StmtNodes.inc...
[908/5247][ 17%][66.848s] Building DeclNodes.inc...
[909/5247][ 17%][66.850s] Building TypeNodes.inc...
[910/5247][ 17%][66.860s] Building AbstractBasicReader.inc...
[911/5247][ 17%][66.861s] Building AbstractBasicWriter.inc...
[912/5247][ 17%][66.872s] Building AbstractTypeReader.inc...
[913/5247][ 17%][66.875s] Building AbstractTypeWriter.inc...
[914/5247][ 17%][66.879s] Linking CXX static library lib/libLLVMAnalysis.a
[915/5247][ 17%][66.887s] Building CommentHTMLTags.inc...
[916/5247][ 17%][66.889s] Building CommentNodes.inc...
[917/5247][ 17%][66.889s] Building CommentHTMLTagsProperties.inc...
[918/5247][ 17%][66.895s] Building CommentHTMLNamedCharacterReferences.inc...
[919/5247][ 17%][66.900s] Building CommentCommandInfo.inc...
[920/5247][ 17%][66.901s] Building CommentCommandList.inc...
[921/5247][ 17%][66.902s] Building StmtDataCollectors.inc...
[922/5247][ 17%][66.945s] Building DiagnosticCASKinds.inc...
[923/5247][ 17%][66.948s] Building DiagnosticASTKinds.inc...
[924/5247][ 17%][66.950s] Building DiagnosticCommentKinds.inc...
[925/5247][ 17%][66.954s] Building DiagnosticAnalysisKinds.inc...
[926/5247][ 17%][66.979s] Building DiagnosticCommonKinds.inc...
[927/5247][ 17%][66.988s] Building DiagnosticCrossTUKinds.inc...
[928/5247][ 17%][67.002s] Building DiagnosticDriverKinds.inc...
[929/5247][ 17%][67.003s] Building DiagnosticFrontendKinds.inc...
[930/5247][ 17%][67.015s] Building DiagnosticLexKinds.inc...
[931/5247][ 17%][67.039s] Building DiagnosticParseKinds.inc...
[932/5247][ 17%][67.056s] Building DiagnosticRefactoringKinds.inc...
[933/5247][ 17%][67.057s] Building DiagnosticSemaKinds.inc...
[934/5247][ 17%][67.058s] Building DiagnosticSerializationKinds.inc...
[935/5247][ 17%][67.066s] Building CXX object lib/Transforms/Utils/CMakeFiles/LLVMTransformUtils.dir/SCCPSolver.cpp.o
[936/5247][ 17%][67.072s] Building AttrSubMatchRulesList.inc...
[937/5247][ 17%][67.075s] Building DiagnosticGroups.inc...
[938/5247][ 17%][67.077s] Building AttrList.inc...
[939/5247][ 17%][67.083s] Building CXX object lib/Transforms/Utils/CMakeFiles/LLVMTransformUtils.dir/UnifyFunctionExitNodes.cpp.o
[940/5247][ 17%][67.085s] Building AttrTokenKinds.inc...
[941/5247][ 17%][67.090s] Building AttrHasAttributeImpl.inc...
[942/5247][ 17%][67.091s] Building arm_fp16.inc...
[943/5247][ 17%][67.095s] Building DiagnosticIndexName.inc...
[944/5247][ 17%][67.097s] Building arm_neon.inc...
[945/5247][ 18%][67.116s] Building arm_mve_builtin_sema.inc...
[946/5247][ 18%][67.116s] Building arm_mve_builtins.inc...
[947/5247][ 18%][67.119s] Building arm_mve_builtin_aliases.inc...
[948/5247][ 18%][67.132s] Building arm_mve_builtin_cg.inc...
[949/5247][ 18%][67.135s] Building arm_sve_typeflags.inc...
[950/5247][ 18%][67.140s] Building arm_sme_builtins.inc...
[951/5247][ 18%][67.144s] Building arm_sme_builtin_cg.inc...
[952/5247][ 18%][67.148s] Building arm_sme_sema_rangechecks.inc...
[953/5247][ 18%][67.151s] Building arm_sve_builtins.inc...
[954/5247][ 18%][67.157s] Building arm_cde_builtins.inc...
[955/5247][ 18%][67.160s] Building arm_cde_builtin_cg.inc...
[956/5247][ 18%][67.160s] Building arm_cde_builtin_sema.inc...
[957/5247][ 18%][67.161s] Building arm_sve_builtin_cg.inc...
[958/5247][ 18%][67.164s] Building arm_cde_builtin_aliases.inc...
[959/5247][ 18%][67.174s] Building arm_sve_sema_rangechecks.inc...
[960/5247][ 18%][67.174s] Building riscv_sifive_vector_builtin_cg.inc...
[961/5247][ 18%][67.176s] Building riscv_sifive_vector_builtins.inc...
[962/5247][ 18%][67.184s] Building riscv_sifive_vector_builtin_sema.inc...
[963/5247][ 18%][67.187s] Building AttrParserStringSwitches.inc...
[964/5247][ 18%][67.191s] Building AttrSubMatchRulesParserStringSwitches.inc...
[965/5247][ 18%][67.194s] Building CXX object lib/Transforms/Utils/CMakeFiles/LLVMTransformUtils.dir/SymbolRewriter.cpp.o
[966/5247][ 18%][67.197s] Building AttrTemplateInstantiate.inc...
[967/5247][ 18%][67.202s] Building AttrParsedAttrList.inc...
[968/5247][ 18%][67.207s] Building AttrParsedAttrKinds.inc...
[969/5247][ 18%][67.214s] Building riscv_vector_builtins.inc...
[970/5247][ 18%][67.215s] Building AttrSpellingListIndex.inc...
[971/5247][ 18%][67.216s] Building AttrParsedAttrImpl.inc...
[972/5247][ 18%][67.218s] Building AttrPCHRead.inc...
[973/5247][ 18%][67.221s] Building AttrPCHWrite.inc...
[974/5247][ 18%][67.226s] Building NodeClasses.inc...
[975/5247][ 18%][67.227s] Building Nodes.inc...
[976/5247][ 18%][67.229s] Building Checkers.inc...
[977/5247][ 18%][67.235s] Building riscv_vector_builtin_sema.inc...
[978/5247][ 18%][67.242s] Building riscv_vector_builtin_cg.inc...
[979/5247][ 18%][67.310s] Building CXX object lib/Transforms/Utils/CMakeFiles/LLVMTransformUtils.dir/ScalarEvolutionExpander.cpp.o
[980/5247][ 18%][67.465s] Building CXX object lib/Transforms/Utils/CMakeFiles/LLVMTransformUtils.dir/UnifyLoopExits.cpp.o
[981/5247][ 18%][67.543s] Building CXX object lib/Transforms/Utils/CMakeFiles/LLVMTransformUtils.dir/SimplifyIndVar.cpp.o
[982/5247][ 18%][67.668s] Building CXX object lib/Transforms/Utils/CMakeFiles/LLVMTransformUtils.dir/VNCoercion.cpp.o
[983/5247][ 18%][67.694s] Building CXX object lib/Transforms/Utils/CMakeFiles/LLVMTransformUtils.dir/SimplifyLibCalls.cpp.o
[984/5247][ 18%][67.903s] Building CXX object lib/Transforms/Utils/CMakeFiles/LLVMTransformUtils.dir/ValueMapper.cpp.o
[985/5247][ 18%][68.555s] Building CXX object lib/Transforms/InstCombine/CMakeFiles/LLVMInstCombine.dir/InstCombineAtomicRMW.cpp.o
[986/5247][ 18%][68.641s] Building CXX object lib/Transforms/AggressiveInstCombine/CMakeFiles/LLVMAggressiveInstCombine.dir/TruncInstCombine.cpp.o
[987/5247][ 18%][69.626s] Building CXX object lib/Transforms/AggressiveInstCombine/CMakeFiles/LLVMAggressiveInstCombine.dir/AggressiveInstCombine.cpp.o
[988/5247][ 18%][69.716s] Building CXX object lib/Transforms/InstCombine/CMakeFiles/LLVMInstCombine.dir/InstCombineNegator.cpp.o
[989/5247][ 18%][69.863s] Building CXX object lib/Transforms/InstCombine/CMakeFiles/LLVMInstCombine.dir/InstCombineLoadStoreAlloca.cpp.o
[990/5247][ 18%][69.948s] Building CXX object lib/Transforms/InstCombine/CMakeFiles/LLVMInstCombine.dir/InstCombineCasts.cpp.o
[991/5247][ 18%][69.964s] Building GenVT.inc...
[992/5247][ 18%][69.991s] Generating VCSVersion.inc
[993/5247][ 18%][70.185s] Building CXX object lib/Transforms/InstCombine/CMakeFiles/LLVMInstCombine.dir/InstCombinePHI.cpp.o
[994/5247][ 18%][70.277s] Building CXX object lib/Transforms/InstCombine/CMakeFiles/LLVMInstCombine.dir/InstCombineMulDivRem.cpp.o
[995/5247][ 18%][70.505s] Building CXX object lib/Transforms/InstCombine/CMakeFiles/LLVMInstCombine.dir/InstCombineAddSub.cpp.o
[996/5247][ 18%][70.530s] Building CXX object lib/Transforms/Utils/CMakeFiles/LLVMTransformUtils.dir/SimplifyCFG.cpp.o
[997/5247][ 19%][70.665s] Linking CXX static library lib/libLLVMTransformUtils.a
[998/5247][ 19%][70.683s] Linking CXX static library lib/libLLVMAggressiveInstCombine.a
[999/5247][ 19%][71.001s] Building CXX object lib/Transforms/InstCombine/CMakeFiles/LLVMInstCombine.dir/InstCombineShifts.cpp.o
[1000/5247][ 19%][71.173s] Building CXX object lib/Transforms/InstCombine/CMakeFiles/LLVMInstCombine.dir/InstCombineCalls.cpp.o
[1001/5247][ 19%][71.233s] Building CXX object lib/Transforms/InstCombine/CMakeFiles/LLVMInstCombine.dir/InstCombineAndOrXor.cpp.o
[1002/5247][ 19%][71.275s] Building CXX object lib/Transforms/Scalar/CMakeFiles/LLVMScalarOpts.dir/AnnotationRemarks.cpp.o
[1003/5247][ 19%][71.466s] Building CXX object lib/Transforms/Scalar/CMakeFiles/LLVMScalarOpts.dir/AlignmentFromAssumptions.cpp.o
[1004/5247][ 19%][71.510s] Building CXX object lib/Transforms/Scalar/CMakeFiles/LLVMScalarOpts.dir/BDCE.cpp.o
[1005/5247][ 19%][71.869s] Building CXX object lib/Transforms/InstCombine/CMakeFiles/LLVMInstCombine.dir/InstructionCombining.cpp.o
[1006/5247][ 19%][71.949s] Building CXX object lib/Transforms/InstCombine/CMakeFiles/LLVMInstCombine.dir/InstCombineSelect.cpp.o
[1007/5247][ 19%][71.954s] Building CXX object lib/Transforms/InstCombine/CMakeFiles/LLVMInstCombine.dir/InstCombineSimplifyDemanded.cpp.o
[1008/5247][ 19%][72.427s] Building CXX object lib/Transforms/InstCombine/CMakeFiles/LLVMInstCombine.dir/InstCombineCompares.cpp.o
[1009/5247][ 19%][72.645s] Building CXX object lib/Transforms/InstCombine/CMakeFiles/LLVMInstCombine.dir/InstCombineVectorOps.cpp.o
[1010/5247][ 19%][72.663s] Building CXX object lib/Transforms/Scalar/CMakeFiles/LLVMScalarOpts.dir/CallSiteSplitting.cpp.o
[1011/5247][ 19%][72.704s] Linking CXX static library lib/libLLVMInstCombine.a
[1012/5247][ 19%][72.754s] Building CXX object lib/Transforms/Scalar/CMakeFiles/LLVMScalarOpts.dir/ADCE.cpp.o
[1013/5247][ 19%][72.765s] Building CXX object lib/Transforms/Scalar/CMakeFiles/LLVMScalarOpts.dir/DCE.cpp.o
[1014/5247][ 19%][72.974s] Building CXX object lib/Transforms/Scalar/CMakeFiles/LLVMScalarOpts.dir/FlattenCFGPass.cpp.o
[1015/5247][ 19%][73.172s] Building CXX object lib/Transforms/Scalar/CMakeFiles/LLVMScalarOpts.dir/ConstantHoisting.cpp.o
[1016/5247][ 19%][73.337s] Building CXX object lib/Transforms/Scalar/CMakeFiles/LLVMScalarOpts.dir/CorrelatedValuePropagation.cpp.o
[1017/5247][ 19%][73.444s] Building CXX object lib/Transforms/Scalar/CMakeFiles/LLVMScalarOpts.dir/DivRemPairs.cpp.o
[1018/5247][ 19%][73.569s] Building CXX object lib/Transforms/Scalar/CMakeFiles/LLVMScalarOpts.dir/IVUsersPrinter.cpp.o
[1019/5247][ 19%][73.759s] Building CXX object lib/Transforms/Scalar/CMakeFiles/LLVMScalarOpts.dir/Float2Int.cpp.o
[1020/5247][ 19%][74.659s] Building CXX object lib/Transforms/Scalar/CMakeFiles/LLVMScalarOpts.dir/ConstraintElimination.cpp.o
[1021/5247][ 19%][74.703s] Building CXX object lib/Transforms/Scalar/CMakeFiles/LLVMScalarOpts.dir/DeadStoreElimination.cpp.o
[1022/5247][ 19%][74.719s] Building CXX object lib/Transforms/Scalar/CMakeFiles/LLVMScalarOpts.dir/EarlyCSE.cpp.o
[1023/5247][ 19%][74.872s] Building CXX object lib/Transforms/Scalar/CMakeFiles/LLVMScalarOpts.dir/InstSimplifyPass.cpp.o
[1024/5247][ 19%][75.030s] Building CXX object lib/Transforms/Scalar/CMakeFiles/LLVMScalarOpts.dir/GuardWidening.cpp.o
[1025/5247][ 19%][75.119s] Building CXX object lib/Transforms/Scalar/CMakeFiles/LLVMScalarOpts.dir/GVNSink.cpp.o
[1026/5247][ 19%][75.135s] Building CXX object lib/Transforms/Scalar/CMakeFiles/LLVMScalarOpts.dir/DFAJumpThreading.cpp.o
[1027/5247][ 19%][75.656s] Building CXX object lib/Transforms/Scalar/CMakeFiles/LLVMScalarOpts.dir/GVNHoist.cpp.o
[1028/5247][ 19%][75.659s] Building CXX object lib/Transforms/Scalar/CMakeFiles/LLVMScalarOpts.dir/InductiveRangeCheckElimination.cpp.o
[1029/5247][ 19%][75.666s] Building CXX object lib/Transforms/Scalar/CMakeFiles/LLVMScalarOpts.dir/InferAddressSpaces.cpp.o
[1030/5247][ 19%][75.994s] Building CXX object lib/Transforms/Scalar/CMakeFiles/LLVMScalarOpts.dir/LoopAccessAnalysisPrinter.cpp.o
[1031/5247][ 19%][76.135s] Building CXX object lib/Transforms/Scalar/CMakeFiles/LLVMScalarOpts.dir/IndVarSimplify.cpp.o
[1032/5247][ 19%][76.607s] Building CXX object lib/Transforms/Scalar/CMakeFiles/LLVMScalarOpts.dir/GVN.cpp.o
[1033/5247][ 19%][76.817s] Building CXX object lib/Transforms/Scalar/CMakeFiles/LLVMScalarOpts.dir/LoopBoundSplit.cpp.o
[1034/5247][ 19%][76.856s] Building CXX object lib/Transforms/Scalar/CMakeFiles/LLVMScalarOpts.dir/JumpThreading.cpp.o
[1035/5247][ 19%][76.879s] Building CXX object lib/Transforms/Scalar/CMakeFiles/LLVMScalarOpts.dir/LoopSink.cpp.o
[1036/5247][ 19%][76.976s] Building CXX object lib/Transforms/Scalar/CMakeFiles/LLVMScalarOpts.dir/LoopDeletion.cpp.o
[1037/5247][ 19%][77.068s] Building CXX object lib/Transforms/Scalar/CMakeFiles/LLVMScalarOpts.dir/LoopDataPrefetch.cpp.o
[1038/5247][ 19%][77.569s] Building CXX object lib/Transforms/Scalar/CMakeFiles/LLVMScalarOpts.dir/LoopInstSimplify.cpp.o
[1039/5247][ 19%][77.849s] Building CXX object lib/Transforms/Scalar/CMakeFiles/LLVMScalarOpts.dir/LoopDistribute.cpp.o
[1040/5247][ 19%][78.044s] Building CXX object lib/Transforms/Scalar/CMakeFiles/LLVMScalarOpts.dir/LICM.cpp.o
[1041/5247][ 19%][78.150s] Building CXX object lib/Transforms/Scalar/CMakeFiles/LLVMScalarOpts.dir/LoopFuse.cpp.o
[1042/5247][ 19%][78.434s] Building CXX object lib/Transforms/Scalar/CMakeFiles/LLVMScalarOpts.dir/LoopFlatten.cpp.o
[1043/5247][ 19%][78.551s] Building CXX object lib/Transforms/Scalar/CMakeFiles/LLVMScalarOpts.dir/LoopPassManager.cpp.o
[1044/5247][ 19%][78.878s] Building CXX object lib/Transforms/Scalar/CMakeFiles/LLVMScalarOpts.dir/LoopInterchange.cpp.o
[1045/5247][ 19%][78.886s] Building CXX object lib/Transforms/Scalar/CMakeFiles/LLVMScalarOpts.dir/LoopLoadElimination.cpp.o
[1046/5247][ 19%][78.925s] Building CXX object lib/Transforms/Scalar/CMakeFiles/LLVMScalarOpts.dir/LoopRotation.cpp.o
[1047/5247][ 19%][79.180s] Building CXX object lib/Transforms/Scalar/CMakeFiles/LLVMScalarOpts.dir/LowerAtomicPass.cpp.o
[1048/5247][ 19%][79.510s] Building CXX object lib/Transforms/Scalar/CMakeFiles/LLVMScalarOpts.dir/LoopIdiomRecognize.cpp.o
[1049/5247][ 19%][79.544s] Building CXX object lib/Transforms/Scalar/CMakeFiles/LLVMScalarOpts.dir/LoopPredication.cpp.o
[1050/5247][ 20%][79.706s] Building CXX object lib/Transforms/Scalar/CMakeFiles/LLVMScalarOpts.dir/LoopUnrollAndJamPass.cpp.o
[1051/5247][ 20%][79.733s] Building CXX object lib/Transforms/Scalar/CMakeFiles/LLVMScalarOpts.dir/LoopSimplifyCFG.cpp.o
[1052/5247][ 20%][79.825s] Building CXX object lib/Transforms/Scalar/CMakeFiles/LLVMScalarOpts.dir/LowerGuardIntrinsic.cpp.o
[1053/5247][ 20%][79.908s] Building CXX object lib/Transforms/Scalar/CMakeFiles/LLVMScalarOpts.dir/LowerExpectIntrinsic.cpp.o
[1054/5247][ 20%][80.160s] Building CXX object lib/Transforms/Scalar/CMakeFiles/LLVMScalarOpts.dir/LoopRerollPass.cpp.o
[1055/5247][ 20%][80.177s] Building CXX object lib/Transforms/Scalar/CMakeFiles/LLVMScalarOpts.dir/LowerWidenableCondition.cpp.o
[1056/5247][ 20%][80.181s] Building CXX object lib/Transforms/Scalar/CMakeFiles/LLVMScalarOpts.dir/LoopVersioningLICM.cpp.o
[1057/5247][ 20%][80.272s] Building CXX object lib/Transforms/Scalar/CMakeFiles/LLVMScalarOpts.dir/LowerConstantIntrinsics.cpp.o
[1058/5247][ 20%][80.327s] Building CXX object lib/Transforms/Scalar/CMakeFiles/LLVMScalarOpts.dir/MakeGuardsExplicit.cpp.o
[1059/5247][ 20%][80.740s] Building CXX object lib/Transforms/Scalar/CMakeFiles/LLVMScalarOpts.dir/LoopUnrollPass.cpp.o
[1060/5247][ 20%][81.133s] Building CXX object lib/Transforms/Scalar/CMakeFiles/LLVMScalarOpts.dir/MergedLoadStoreMotion.cpp.o
[1061/5247][ 20%][81.161s] Building CXX object lib/Transforms/Scalar/CMakeFiles/LLVMScalarOpts.dir/Scalar.cpp.o
[1062/5247][ 20%][81.444s] Building CXX object lib/Transforms/Scalar/CMakeFiles/LLVMScalarOpts.dir/Reg2Mem.cpp.o
[1063/5247][ 20%][81.557s] Building CXX object lib/Transforms/Scalar/CMakeFiles/LLVMScalarOpts.dir/PartiallyInlineLibCalls.cpp.o
[1064/5247][ 20%][81.625s] Building CXX object lib/Transforms/Scalar/CMakeFiles/LLVMScalarOpts.dir/SCCP.cpp.o
[1065/5247][ 20%][82.125s] Building CXX object lib/Transforms/Scalar/CMakeFiles/LLVMScalarOpts.dir/NaryReassociate.cpp.o
[1066/5247][ 20%][82.308s] Building CXX object lib/Transforms/Scalar/CMakeFiles/LLVMScalarOpts.dir/MemCpyOptimizer.cpp.o
[1067/5247][ 20%][82.422s] Building CXX object lib/Transforms/Scalar/CMakeFiles/LLVMScalarOpts.dir/MergeICmps.cpp.o
[1068/5247][ 20%][82.712s] Building CXX object lib/Transforms/Scalar/CMakeFiles/LLVMScalarOpts.dir/PlaceSafepoints.cpp.o
[1069/5247][ 20%][83.515s] Building CXX object lib/Transforms/Scalar/CMakeFiles/LLVMScalarOpts.dir/ScalarizeMaskedMemIntrin.cpp.o
[1070/5247][ 20%][83.951s] Building CXX object lib/Transforms/Scalar/CMakeFiles/LLVMScalarOpts.dir/LowerMatrixIntrinsics.cpp.o
[1071/5247][ 20%][83.958s] Building CXX object lib/Transforms/Scalar/CMakeFiles/LLVMScalarOpts.dir/Sink.cpp.o
[1072/5247][ 20%][84.123s] Building CXX object lib/Transforms/Scalar/CMakeFiles/LLVMScalarOpts.dir/Scalarizer.cpp.o
[1073/5247][ 20%][84.157s] Building CXX object lib/Transforms/Scalar/CMakeFiles/LLVMScalarOpts.dir/LoopStrengthReduce.cpp.o
[1074/5247][ 20%][84.164s] Building CXX object lib/Transforms/Scalar/CMakeFiles/LLVMScalarOpts.dir/SeparateConstOffsetFromGEP.cpp.o
[1075/5247][ 20%][84.200s] Building CXX object lib/Transforms/Scalar/CMakeFiles/LLVMScalarOpts.dir/Reassociate.cpp.o
[1076/5247][ 20%][84.375s] Building CXX object tools/clang/lib/Basic/CMakeFiles/obj.clangBasic.dir/CLWarnings.cpp.o
[1077/5247][ 20%][84.432s] Building CXX object lib/Transforms/Scalar/CMakeFiles/LLVMScalarOpts.dir/SimplifyCFGPass.cpp.o
[1078/5247][ 20%][84.474s] Building CXX object lib/Transforms/Scalar/CMakeFiles/LLVMScalarOpts.dir/SpeculativeExecution.cpp.o
[1079/5247][ 20%][84.749s] Building CXX object tools/clang/lib/Basic/CMakeFiles/obj.clangBasic.dir/CharInfo.cpp.o
[1080/5247][ 20%][84.861s] Building CXX object tools/clang/lib/Basic/CMakeFiles/obj.clangBasic.dir/Cuda.cpp.o
[1081/5247][ 20%][84.889s] Building CXX object tools/clang/lib/Basic/CMakeFiles/obj.clangBasic.dir/CodeGenOptions.cpp.o
[1082/5247][ 20%][84.940s] Building CXX object lib/Transforms/Scalar/CMakeFiles/LLVMScalarOpts.dir/StraightLineStrengthReduce.cpp.o
[1083/5247][ 20%][85.112s] Building CXX object tools/clang/lib/Basic/CMakeFiles/obj.clangBasic.dir/Builtins.cpp.o
[1084/5247][ 20%][85.129s] Building CXX object lib/Transforms/Scalar/CMakeFiles/LLVMScalarOpts.dir/RewriteStatepointsForGC.cpp.o
[1085/5247][ 20%][85.176s] Building CXX object tools/clang/lib/Basic/CMakeFiles/obj.clangBasic.dir/ExpressionTraits.cpp.o
[1086/5247][ 20%][85.336s] Building CXX object tools/clang/lib/Basic/CMakeFiles/obj.clangBasic.dir/DiagnosticOptions.cpp.o
[1087/5247][ 20%][85.655s] Building CXX object lib/Transforms/Scalar/CMakeFiles/LLVMScalarOpts.dir/TLSVariableHoist.cpp.o
[1088/5247][ 20%][85.682s] Building CXX object tools/clang/lib/Basic/CMakeFiles/obj.clangBasic.dir/FileEntry.cpp.o
[1089/5247][ 20%][85.683s] Building CXX object lib/Transforms/Scalar/CMakeFiles/LLVMScalarOpts.dir/WarnMissedTransforms.cpp.o
[1090/5247][ 20%][85.887s] Building CXX object tools/clang/lib/Basic/CMakeFiles/obj.clangBasic.dir/DarwinSDKInfo.cpp.o
[1091/5247][ 20%][85.909s] Building CXX object lib/Transforms/Scalar/CMakeFiles/LLVMScalarOpts.dir/NewGVN.cpp.o
[1092/5247][ 20%][85.930s] Building CXX object tools/clang/lib/Basic/CMakeFiles/obj.clangBasic.dir/FileSystemStatCache.cpp.o
[1093/5247][ 20%][86.058s] Building CXX object tools/clang/lib/Basic/CMakeFiles/obj.clangBasic.dir/DiagnosticIDs.cpp.o
[1094/5247][ 20%][86.075s] Building CXX object tools/clang/lib/Basic/CMakeFiles/obj.clangBasic.dir/LangStandards.cpp.o
[1095/5247][ 20%][86.188s] Building CXX object lib/Transforms/Scalar/CMakeFiles/LLVMScalarOpts.dir/TailRecursionElimination.cpp.o
[1096/5247][ 20%][86.267s] Building CXX object tools/clang/lib/Basic/CMakeFiles/obj.clangBasic.dir/LangOptions.cpp.o
[1097/5247][ 20%][86.270s] Building CXX object tools/clang/lib/Basic/CMakeFiles/obj.clangBasic.dir/MakeSupport.cpp.o
[1098/5247][ 20%][86.279s] Building CXX object tools/clang/lib/Basic/CMakeFiles/obj.clangBasic.dir/OperatorPrecedence.cpp.o
[1099/5247][ 20%][86.324s] Building CXX object tools/clang/lib/Basic/CMakeFiles/obj.clangBasic.dir/ObjCRuntime.cpp.o
[1100/5247][ 20%][86.330s] Building CXX object lib/Transforms/Scalar/CMakeFiles/LLVMScalarOpts.dir/SROA.cpp.o
[1101/5247][ 20%][86.380s] Building CXX object tools/clang/lib/Basic/CMakeFiles/obj.clangBasic.dir/FileManager.cpp.o
[1102/5247][ 21%][86.386s] Building CXX object tools/clang/lib/Basic/CMakeFiles/obj.clangBasic.dir/Diagnostic.cpp.o
[1103/5247][ 21%][86.696s] Building CXX object tools/clang/lib/Basic/CMakeFiles/obj.clangBasic.dir/ParsedAttrInfo.cpp.o
[1104/5247][ 21%][86.728s] Building CXX object tools/clang/lib/Basic/CMakeFiles/obj.clangBasic.dir/OpenMPKinds.cpp.o
[1105/5247][ 21%][86.841s] Building CXX object tools/clang/lib/Basic/CMakeFiles/obj.clangBasic.dir/SanitizerSpecialCaseList.cpp.o
[1106/5247][ 21%][86.859s] Building CXX object lib/Transforms/Scalar/CMakeFiles/LLVMScalarOpts.dir/StructurizeCFG.cpp.o
[1107/5247][ 21%][86.861s] Building CXX object tools/clang/lib/Basic/CMakeFiles/obj.clangBasic.dir/Sanitizers.cpp.o
[1108/5247][ 21%][86.909s] Building CXX object tools/clang/lib/Basic/CMakeFiles/obj.clangBasic.dir/OpenCLOptions.cpp.o
[1109/5247][ 21%][87.044s] Building CXX object tools/clang/lib/Basic/CMakeFiles/obj.clangBasic.dir/NoSanitizeList.cpp.o
[1110/5247][ 21%][87.144s] Building CXX object tools/clang/lib/Basic/CMakeFiles/obj.clangBasic.dir/Stack.cpp.o
[1111/5247][ 21%][87.196s] Building CXX object tools/clang/lib/Basic/CMakeFiles/obj.clangBasic.dir/SourceLocation.cpp.o
[1112/5247][ 21%][87.237s] Building CXX object tools/clang/lib/Basic/CMakeFiles/obj.clangBasic.dir/ProfileList.cpp.o
[1113/5247][ 21%][87.415s] Building CXX object tools/clang/lib/Basic/CMakeFiles/obj.clangBasic.dir/Module.cpp.o
[1114/5247][ 21%][87.492s] Building CXX object tools/clang/lib/Basic/CMakeFiles/obj.clangBasic.dir/TargetID.cpp.o
[1115/5247][ 21%][87.503s] Building CXX object tools/clang/lib/Basic/CMakeFiles/obj.clangBasic.dir/IdentifierTable.cpp.o
[1116/5247][ 21%][87.625s] Building CXX object tools/clang/lib/Basic/CMakeFiles/obj.clangBasic.dir/SourceMgrAdapter.cpp.o
[1117/5247][ 21%][87.828s] Building CXX object tools/clang/lib/Basic/CMakeFiles/obj.clangBasic.dir/Attributes.cpp.o
[1118/5247][ 21%][87.925s] Building CXX object tools/clang/lib/Basic/CMakeFiles/obj.clangBasic.dir/TargetInfo.cpp.o
[1119/5247][ 21%][87.995s] Building CXX object tools/clang/lib/Basic/CMakeFiles/obj.clangBasic.dir/Targets/ARC.cpp.o
[1120/5247][ 21%][88.058s] Building CXX object tools/clang/lib/Basic/CMakeFiles/obj.clangBasic.dir/Sarif.cpp.o
[1121/5247][ 21%][88.239s] Building CXX object tools/clang/lib/Basic/CMakeFiles/obj.clangBasic.dir/Targets/CSKY.cpp.o
[1122/5247][ 21%][88.251s] Building CXX object tools/clang/lib/Basic/CMakeFiles/obj.clangBasic.dir/Targets/AMDGPU.cpp.o
[1123/5247][ 21%][88.357s] Building CXX object tools/clang/lib/Basic/CMakeFiles/obj.clangBasic.dir/Targets/BPF.cpp.o
[1124/5247][ 21%][88.360s] Building CXX object tools/clang/lib/Basic/CMakeFiles/obj.clangBasic.dir/Targets/AVR.cpp.o
[1125/5247][ 21%][88.365s] Building CXX object tools/clang/lib/Basic/CMakeFiles/obj.clangBasic.dir/Targets/DirectX.cpp.o
[1126/5247][ 21%][88.537s] Building CXX object lib/Transforms/Scalar/CMakeFiles/LLVMScalarOpts.dir/SimpleLoopUnswitch.cpp.o
[1127/5247][ 21%][88.643s] Building CXX object tools/clang/lib/Basic/CMakeFiles/obj.clangBasic.dir/Targets/Lanai.cpp.o
[1128/5247][ 21%][88.803s] Building CXX object tools/clang/lib/Basic/CMakeFiles/obj.clangBasic.dir/Targets/AArch64.cpp.o
[1129/5247][ 21%][88.806s] Building CXX object tools/clang/lib/Basic/CMakeFiles/obj.clangBasic.dir/Targets/ARM.cpp.o
[1130/5247][ 21%][88.853s] Building CXX object tools/clang/lib/Basic/CMakeFiles/obj.clangBasic.dir/Targets/Hexagon.cpp.o
[1131/5247][ 21%][88.997s] Building CXX object tools/clang/lib/Basic/CMakeFiles/obj.clangBasic.dir/Targets/Le64.cpp.o
[1132/5247][ 21%][89.121s] Building CXX object tools/clang/lib/Basic/CMakeFiles/obj.clangBasic.dir/SourceManager.cpp.o
[1133/5247][ 21%][89.231s] Building CXX object tools/clang/lib/Basic/CMakeFiles/obj.clangBasic.dir/Targets/M68k.cpp.o
[1134/5247][ 21%][89.238s] Building CXX object tools/clang/lib/Basic/CMakeFiles/obj.clangBasic.dir/Targets/LoongArch.cpp.o
[1135/5247][ 21%][89.241s] Building CXX object tools/clang/lib/Basic/CMakeFiles/obj.clangBasic.dir/Targets/MSP430.cpp.o
[1136/5247][ 21%][89.268s] Building CXX object tools/clang/lib/Basic/CMakeFiles/obj.clangBasic.dir/Targets/OSTargets.cpp.o
[1137/5247][ 21%][89.405s] Building CXX object tools/clang/lib/Basic/CMakeFiles/obj.clangBasic.dir/Targets/PNaCl.cpp.o
[1138/5247][ 21%][89.442s] Building CXX object tools/clang/lib/Basic/CMakeFiles/obj.clangBasic.dir/Targets/NVPTX.cpp.o
[1139/5247][ 21%][89.495s] Building CXX object tools/clang/lib/Basic/CMakeFiles/obj.clangBasic.dir/TypeTraits.cpp.o
[1140/5247][ 21%][89.516s] Building CXX object tools/clang/lib/Basic/CMakeFiles/obj.clangBasic.dir/TokenKinds.cpp.o
[1141/5247][ 21%][89.566s] Building CXX object tools/clang/lib/Basic/CMakeFiles/obj.clangBasic.dir/Targets/Mips.cpp.o
[1142/5247][ 21%][89.626s] Building CXX object tools/clang/lib/Basic/CMakeFiles/obj.clangBasic.dir/Targets/SPIR.cpp.o
[1143/5247][ 21%][89.706s] Building CXX object tools/clang/lib/Basic/CMakeFiles/obj.clangBasic.dir/Targets/Sparc.cpp.o
[1144/5247][ 21%][89.860s] Building CXX object tools/clang/lib/Basic/CMakeFiles/obj.clangBasic.dir/Targets/TCE.cpp.o
[1145/5247][ 21%][89.932s] Building CXX object tools/clang/lib/Basic/CMakeFiles/obj.clangBasic.dir/XRayInstr.cpp.o
[1146/5247][ 21%][89.959s] Building CXX object tools/clang/lib/Basic/CMakeFiles/obj.clangBasic.dir/Version.cpp.o
[1147/5247][ 21%][89.991s] Building CXX object tools/clang/lib/Basic/CMakeFiles/obj.clangBasic.dir/Targets/PPC.cpp.o
[1148/5247][ 21%][90.084s] Building CXX object tools/clang/lib/Basic/CMakeFiles/obj.clangBasic.dir/Targets/SystemZ.cpp.o
[1149/5247][ 21%][90.090s] Building CXX object tools/clang/lib/Basic/CMakeFiles/obj.clangBasic.dir/Warnings.cpp.o
[1150/5247][ 21%][90.092s] Building CXX object tools/clang/lib/Basic/CMakeFiles/obj.clangBasic.dir/Targets/XCore.cpp.o
[1151/5247][ 21%][90.121s] Building CXX object tools/clang/lib/Basic/CMakeFiles/obj.clangBasic.dir/Targets/VE.cpp.o
[1152/5247][ 21%][90.128s] Building CXX object tools/clang/lib/Basic/CMakeFiles/obj.clangBasic.dir/Targets.cpp.o
[1153/5247][ 21%][90.186s] Building CXX object tools/clang/lib/Basic/CMakeFiles/obj.clangBasic.dir/Targets/RISCV.cpp.o
[1154/5247][ 21%][90.211s] Building CXX object tools/clang/lib/Basic/CMakeFiles/obj.clangBasic.dir/Targets/WebAssembly.cpp.o
[1155/5247][ 22%][90.232s] Building CXX object lib/CodeGen/CMakeFiles/LLVMCodeGenTypes.dir/LowLevelType.cpp.o
[1156/5247][ 22%][90.246s] Linking CXX static library lib/libLLVMScalarOpts.a
[1157/5247][ 22%][90.478s] Building CXX object lib/Frontend/OpenMP/CMakeFiles/LLVMFrontendOpenMP.dir/OMP.cpp.o
[1158/5247][ 22%][90.495s] Building CXX object tools/clang/lib/Basic/CMakeFiles/obj.clangBasic.dir/XRayLists.cpp.o
[1159/5247][ 22%][90.728s] Building CXX object tools/clang/lib/Basic/CMakeFiles/obj.clangBasic.dir/Targets/X86.cpp.o
[1160/5247][ 22%][90.790s] Building CXX object tools/clang/lib/Lex/CMakeFiles/obj.clangLex.dir/HeaderMap.cpp.o
[1161/5247][ 22%][90.801s] Building CXX object lib/Frontend/OpenMP/CMakeFiles/LLVMFrontendOpenMP.dir/OMPContext.cpp.o
[1162/5247][ 22%][90.811s] Linking CXX static library lib/libclangBasic.a
[1163/5247][ 22%][91.068s] Building CXX object tools/clang/lib/Lex/CMakeFiles/obj.clangLex.dir/DependencyDirectivesScanner.cpp.o
[1164/5247][ 22%][91.402s] Building CXX object tools/clang/lib/Lex/CMakeFiles/obj.clangLex.dir/PPCallbacks.cpp.o
[1165/5247][ 22%][91.609s] Building CXX object tools/clang/lib/Lex/CMakeFiles/obj.clangLex.dir/MacroInfo.cpp.o
[1166/5247][ 22%][91.641s] Building CXX object tools/clang/lib/Lex/CMakeFiles/obj.clangLex.dir/MacroArgs.cpp.o
[1167/5247][ 22%][91.738s] Building CXX object tools/clang/lib/Lex/CMakeFiles/obj.clangLex.dir/InitHeaderSearch.cpp.o
[1168/5247][ 22%][91.800s] Building CXX object tools/clang/lib/Lex/CMakeFiles/obj.clangLex.dir/PPCaching.cpp.o
[1169/5247][ 22%][91.825s] Building CXX object tools/clang/lib/Lex/CMakeFiles/obj.clangLex.dir/PPConditionalDirectiveRecord.cpp.o
[1170/5247][ 22%][92.257s] Building CXX object tools/clang/lib/Lex/CMakeFiles/obj.clangLex.dir/LiteralSupport.cpp.o
[1171/5247][ 22%][92.480s] Building CXX object tools/clang/lib/Lex/CMakeFiles/obj.clangLex.dir/Lexer.cpp.o
[1172/5247][ 22%][92.616s] Building CXX object tools/clang/lib/Lex/CMakeFiles/obj.clangLex.dir/HeaderSearch.cpp.o
[1173/5247][ 22%][92.631s] Building Opcodes.inc...
[1174/5247][ 22%][92.668s] Building AttrDocTable.inc...
[1175/5247][ 22%][92.676s] Building CXX object tools/clang/lib/Lex/CMakeFiles/obj.clangLex.dir/ScratchBuffer.cpp.o
[1176/5247][ 22%][92.697s] Building CXX object tools/clang/lib/Lex/CMakeFiles/obj.clangLex.dir/PPExpressions.cpp.o
[1177/5247][ 22%][92.934s] Building CXX object tools/clang/lib/Lex/CMakeFiles/obj.clangLex.dir/PPLexerChange.cpp.o
[1178/5247][ 22%][92.964s] Building CXX object tools/clang/lib/Lex/CMakeFiles/obj.clangLex.dir/PreprocessingRecord.cpp.o
[1179/5247][ 22%][93.056s] Building CXX object utils/TableGen/GlobalISel/CMakeFiles/LLVMTableGenGlobalISel.dir/GIMatchDagEdge.cpp.o
[1180/5247][ 22%][93.249s] Building CXX object tools/clang/lib/Lex/CMakeFiles/obj.clangLex.dir/PreprocessorLexer.cpp.o
[1181/5247][ 22%][93.382s] Building CXX object utils/TableGen/GlobalISel/CMakeFiles/LLVMTableGenGlobalISel.dir/CodeExpander.cpp.o
[1182/5247][ 22%][93.601s] Building CXX object utils/TableGen/GlobalISel/CMakeFiles/LLVMTableGenGlobalISel.dir/GIMatchDagOperands.cpp.o
[1183/5247][ 22%][93.649s] Linking CXX static library lib/libLLVMCodeGenTypes.a
[1184/5247][ 22%][93.760s] Building CXX object utils/TableGen/GlobalISel/CMakeFiles/LLVMTableGenGlobalISel.dir/GIMatchDagPredicateDependencyEdge.cpp.o
[1185/5247][ 22%][93.791s] Building CXX object utils/TableGen/GlobalISel/CMakeFiles/LLVMTableGenGlobalISel.dir/GIMatchDagInstr.cpp.o
[1186/5247][ 22%][93.808s] Building CXX object utils/TableGen/GlobalISel/CMakeFiles/LLVMTableGenGlobalISel.dir/GIMatchDag.cpp.o
[1187/5247][ 22%][93.816s] Building CXX object tools/clang/lib/Lex/CMakeFiles/obj.clangLex.dir/TokenConcatenation.cpp.o
[1188/5247][ 22%][93.851s] Building CXX object tools/clang/lib/Lex/CMakeFiles/obj.clangLex.dir/PPDirectives.cpp.o
[1189/5247][ 22%][93.890s] Building CXX object utils/TableGen/GlobalISel/CMakeFiles/LLVMTableGenGlobalISel.dir/GIMatchDagPredicate.cpp.o
[1190/5247][ 22%][94.196s] Building CXX object tools/clang/lib/Lex/CMakeFiles/obj.clangLex.dir/TokenLexer.cpp.o
[1191/5247][ 22%][94.282s] Building CXX object tools/clang/lib/Lex/CMakeFiles/obj.clangLex.dir/Pragma.cpp.o
[1192/5247][ 22%][94.326s] Building CXX object tools/clang/lib/Lex/CMakeFiles/obj.clangLex.dir/PPMacroExpansion.cpp.o
[1193/5247][ 22%][94.512s] Building CXX object tools/clang/lib/Lex/CMakeFiles/obj.clangLex.dir/ModuleMap.cpp.o
[1194/5247][ 22%][94.569s] Building CXX object tools/clang/lib/Lex/CMakeFiles/obj.clangLex.dir/Preprocessor.cpp.o
[1195/5247][ 22%][94.647s] Linking CXX static library lib/libclangLex.a
[1196/5247][ 22%][94.742s] Building CXX object tools/clang/lib/AST/CMakeFiles/obj.clangAST.dir/ASTConsumer.cpp.o
[1197/5247][ 22%][95.082s] Building CXX object tools/clang/lib/AST/CMakeFiles/obj.clangAST.dir/ASTConcept.cpp.o
[1198/5247][ 22%][95.530s] Building CXX object tools/clang/lib/AST/CMakeFiles/obj.clangAST.dir/AttrDocTable.cpp.o
[1199/5247][ 22%][95.821s] Building CXX object tools/clang/lib/AST/CMakeFiles/obj.clangAST.dir/APValue.cpp.o
[1200/5247][ 22%][96.039s] Building CXX object tools/clang/lib/AST/CMakeFiles/obj.clangAST.dir/CommentCommandTraits.cpp.o
[1201/5247][ 22%][96.109s] Building CXX object tools/clang/lib/AST/CMakeFiles/obj.clangAST.dir/ASTTypeTraits.cpp.o
[1202/5247][ 22%][96.117s] Building CXX object tools/clang/lib/AST/CMakeFiles/obj.clangAST.dir/CommentBriefParser.cpp.o
[1203/5247][ 22%][96.120s] Building CXX object utils/TableGen/GlobalISel/CMakeFiles/LLVMTableGenGlobalISel.dir/GIMatchTree.cpp.o
[1204/5247][ 22%][96.510s] Building CXX object tools/clang/lib/AST/CMakeFiles/obj.clangAST.dir/Comment.cpp.o
[1205/5247][ 22%][96.546s] Building CXX object tools/clang/lib/AST/CMakeFiles/obj.clangAST.dir/ASTDiagnostic.cpp.o
[1206/5247][ 22%][96.850s] Building CXX object tools/clang/lib/AST/CMakeFiles/obj.clangAST.dir/CommentLexer.cpp.o
[1207/5247][ 23%][97.264s] Building CXX object lib/Frontend/OpenMP/CMakeFiles/LLVMFrontendOpenMP.dir/OMPIRBuilder.cpp.o
[1208/5247][ 23%][97.303s] Building CXX object tools/clang/lib/AST/CMakeFiles/obj.clangAST.dir/ASTStructuralEquivalence.cpp.o
[1209/5247][ 23%][97.305s] Linking CXX static library lib/libLLVMFrontendOpenMP.a
[1210/5247][ 23%][97.339s] Building CXX object tools/clang/lib/AST/CMakeFiles/obj.clangAST.dir/CommentParser.cpp.o
[1211/5247][ 23%][97.487s] Building CXX object tools/clang/lib/AST/CMakeFiles/obj.clangAST.dir/ComparisonCategories.cpp.o
[1212/5247][ 23%][97.708s] Building CXX object tools/clang/lib/AST/CMakeFiles/obj.clangAST.dir/DataCollection.cpp.o
[1213/5247][ 23%][97.978s] Building CXX object tools/clang/lib/AST/CMakeFiles/obj.clangAST.dir/ComputeDependence.cpp.o
[1214/5247][ 23%][98.446s] Building CXX object tools/clang/lib/AST/CMakeFiles/obj.clangAST.dir/CXXInheritance.cpp.o
[1215/5247][ 23%][98.668s] Building CXX object tools/clang/lib/AST/CMakeFiles/obj.clangAST.dir/DeclGroup.cpp.o
[1216/5247][ 23%][98.734s] Building CXX object tools/clang/lib/AST/CMakeFiles/obj.clangAST.dir/CommentSema.cpp.o
[1217/5247][ 23%][98.776s] Building CXX object tools/clang/lib/AST/CMakeFiles/obj.clangAST.dir/DeclFriend.cpp.o
[1218/5247][ 23%][98.832s] Building CXX object tools/clang/lib/AST/CMakeFiles/obj.clangAST.dir/DeclarationName.cpp.o
[1219/5247][ 23%][99.727s] Building CXX object tools/clang/lib/AST/CMakeFiles/obj.clangAST.dir/DeclOpenMP.cpp.o
[1220/5247][ 23%][100.126s] Building CXX object tools/clang/lib/AST/CMakeFiles/obj.clangAST.dir/DeclBase.cpp.o
[1221/5247][ 23%][100.164s] Building CXX object tools/clang/lib/AST/CMakeFiles/obj.clangAST.dir/ASTImporterLookupTable.cpp.o
[1222/5247][ 23%][100.253s] Building CXX object tools/clang/lib/AST/CMakeFiles/obj.clangAST.dir/DeclObjC.cpp.o
[1223/5247][ 23%][100.271s] Building CXX object tools/clang/lib/AST/CMakeFiles/obj.clangAST.dir/DeclCXX.cpp.o
[1224/5247][ 23%][100.378s] Building CXX object tools/clang/lib/AST/CMakeFiles/obj.clangAST.dir/ASTDumper.cpp.o
[1225/5247][ 23%][100.669s] Building CXX object tools/clang/lib/AST/CMakeFiles/obj.clangAST.dir/Decl.cpp.o
[1226/5247][ 23%][101.080s] Building CXX object tools/clang/lib/AST/CMakeFiles/obj.clangAST.dir/DeclTemplate.cpp.o
[1227/5247][ 23%][101.296s] Building CXX object tools/clang/lib/AST/CMakeFiles/obj.clangAST.dir/DeclPrinter.cpp.o
[1228/5247][ 23%][101.412s] Building CXX object tools/clang/lib/AST/CMakeFiles/obj.clangAST.dir/ExprClassification.cpp.o
[1229/5247][ 23%][101.647s] Building CXX object tools/clang/lib/AST/CMakeFiles/obj.clangAST.dir/ExprConcepts.cpp.o
[1230/5247][ 23%][101.745s] Building CXX object tools/clang/lib/AST/CMakeFiles/obj.clangAST.dir/ExprObjC.cpp.o
[1231/5247][ 23%][102.013s] Building CXX object tools/clang/lib/AST/CMakeFiles/obj.clangAST.dir/ExternalASTSource.cpp.o
[1232/5247][ 23%][102.289s] Building CXX object tools/clang/lib/AST/CMakeFiles/obj.clangAST.dir/ExprCXX.cpp.o
[1233/5247][ 23%][102.460s] Building CXX object tools/clang/lib/AST/CMakeFiles/obj.clangAST.dir/FormatString.cpp.o
[1234/5247][ 23%][102.537s] Building CXX object tools/clang/lib/AST/CMakeFiles/obj.clangAST.dir/ExternalASTMerger.cpp.o
[1235/5247][ 23%][102.581s] Building CXX object tools/clang/lib/AST/CMakeFiles/obj.clangAST.dir/Interp/ByteCodeGenError.cpp.o
[1236/5247][ 23%][102.626s] Building CXX object tools/clang/lib/AST/CMakeFiles/obj.clangAST.dir/ASTImporter.cpp.o
[1237/5247][ 23%][102.764s] Building CXX object tools/clang/lib/AST/CMakeFiles/obj.clangAST.dir/InheritViz.cpp.o
[1238/5247][ 23%][102.971s] Building CXX object tools/clang/lib/AST/CMakeFiles/obj.clangAST.dir/Interp/Frame.cpp.o
[1239/5247][ 23%][103.647s] Building CXX object tools/clang/lib/AST/CMakeFiles/obj.clangAST.dir/Interp/Descriptor.cpp.o
[1240/5247][ 23%][103.686s] Building CXX object tools/clang/lib/AST/CMakeFiles/obj.clangAST.dir/Expr.cpp.o
[1241/5247][ 23%][103.832s] Building CXX object tools/clang/lib/AST/CMakeFiles/obj.clangAST.dir/Interp/Function.cpp.o
[1242/5247][ 23%][103.859s] Building CXX object tools/clang/lib/AST/CMakeFiles/obj.clangAST.dir/Interp/ByteCodeEmitter.cpp.o
[1243/5247][ 23%][104.086s] Building CXX object tools/clang/lib/AST/CMakeFiles/obj.clangAST.dir/AttrImpl.cpp.o
[1244/5247][ 23%][104.093s] Building CXX object tools/clang/lib/AST/CMakeFiles/obj.clangAST.dir/Interp/Floating.cpp.o
[1245/5247][ 23%][104.198s] Building CXX object tools/clang/lib/AST/CMakeFiles/obj.clangAST.dir/Interp/ByteCodeStmtGen.cpp.o
/Users/wezzard/Repositories/com.github~WeZZard/swift-project-6.1/llvm-project/clang/lib/AST/Interp/ByteCodeStmtGen.cpp:281:13: warning: variable 'CondInit' set but not used [-Wunused-but-set-variable]
  281 |   if (auto *CondInit = IS->getInit())
      |             ^
1 warning generated.
[1246/5247][ 23%][104.423s] Building CXX object tools/clang/lib/AST/CMakeFiles/obj.clangAST.dir/Interp/InterpBuiltin.cpp.o
[1247/5247][ 23%][104.787s] Building CXX object tools/clang/lib/AST/CMakeFiles/obj.clangAST.dir/Interp/Context.cpp.o
[1248/5247][ 23%][104.814s] Building CXX object tools/clang/lib/AST/CMakeFiles/obj.clangAST.dir/Interp/InterpBlock.cpp.o
[1249/5247][ 23%][105.118s] Building CXX object tools/clang/lib/AST/CMakeFiles/obj.clangAST.dir/ParentMapContext.cpp.o
[1250/5247][ 23%][105.138s] Building CXX object tools/clang/lib/AST/CMakeFiles/obj.clangAST.dir/Interp/ByteCodeExprGen.cpp.o
[1251/5247][ 23%][105.331s] Building CXX object tools/clang/lib/AST/CMakeFiles/obj.clangAST.dir/Interp/InterpStack.cpp.o
[1252/5247][ 23%][105.346s] Building CXX object tools/clang/lib/AST/CMakeFiles/obj.clangAST.dir/Interp/InterpState.cpp.o
[1253/5247][ 23%][105.366s] Building CXX object tools/clang/lib/AST/CMakeFiles/obj.clangAST.dir/Interp/Pointer.cpp.o
[1254/5247][ 23%][105.485s] Building CXX object tools/clang/lib/AST/CMakeFiles/obj.clangAST.dir/Interp/PrimType.cpp.o
[1255/5247][ 23%][105.591s] Building CXX object tools/clang/lib/AST/CMakeFiles/obj.clangAST.dir/Interp/InterpFrame.cpp.o
[1256/5247][ 23%][106.111s] Building CXX object tools/clang/lib/AST/CMakeFiles/obj.clangAST.dir/Interp/Record.cpp.o
[1257/5247][ 23%][106.224s] Building CXX object tools/clang/lib/AST/CMakeFiles/obj.clangAST.dir/Interp/Source.cpp.o
[1258/5247][ 23%][106.291s] Building CXX object tools/clang/lib/AST/CMakeFiles/obj.clangAST.dir/Interp/Disasm.cpp.o
[1259/5247][ 23%][106.791s] Building CXX object tools/clang/lib/AST/CMakeFiles/obj.clangAST.dir/Interp/State.cpp.o
[1260/5247][ 24%][107.065s] Building CXX object tools/clang/lib/AST/CMakeFiles/obj.clangAST.dir/Interp/Program.cpp.o
[1261/5247][ 24%][107.536s] Building CXX object tools/clang/lib/AST/CMakeFiles/obj.clangAST.dir/NSAPI.cpp.o
[1262/5247][ 24%][107.539s] Building CXX object tools/clang/lib/AST/CMakeFiles/obj.clangAST.dir/ItaniumCXXABI.cpp.o
[1263/5247][ 24%][107.579s] Building CXX object tools/clang/lib/AST/CMakeFiles/obj.clangAST.dir/MicrosoftCXXABI.cpp.o
[1264/5247][ 24%][107.764s] Building CXX object tools/clang/lib/AST/CMakeFiles/obj.clangAST.dir/NestedNameSpecifier.cpp.o
[1265/5247][ 24%][107.846s] Building CXX object tools/clang/lib/AST/CMakeFiles/obj.clangAST.dir/Mangle.cpp.o
[1266/5247][ 24%][108.220s] Building CXX object tools/clang/lib/AST/CMakeFiles/obj.clangAST.dir/Interp/EvalEmitter.cpp.o
[1267/5247][ 24%][108.963s] Building CXX object tools/clang/lib/AST/CMakeFiles/obj.clangAST.dir/ParentMap.cpp.o
[1268/5247][ 24%][109.001s] Building CXX object tools/clang/lib/AST/CMakeFiles/obj.clangAST.dir/OSLog.cpp.o
[1269/5247][ 24%][109.050s] Building CXX object tools/clang/lib/AST/CMakeFiles/obj.clangAST.dir/PrintfFormatString.cpp.o
[1270/5247][ 24%][109.383s] Building CXX object tools/clang/lib/AST/CMakeFiles/obj.clangAST.dir/ODRHash.cpp.o
[1271/5247][ 24%][109.581s] Building CXX object tools/clang/lib/AST/CMakeFiles/obj.clangAST.dir/JSONNodeDumper.cpp.o
[1272/5247][ 24%][109.628s] Building CXX object tools/clang/lib/AST/CMakeFiles/obj.clangAST.dir/QualTypeNames.cpp.o
[1273/5247][ 24%][109.659s] Building CXX object tools/clang/lib/AST/CMakeFiles/obj.clangAST.dir/Interp/Interp.cpp.o
[1274/5247][ 24%][109.760s] Building CXX object tools/clang/lib/AST/CMakeFiles/obj.clangAST.dir/ODRDiagsEmitter.cpp.o
[1275/5247][ 24%][109.827s] Building CXX object tools/clang/lib/AST/CMakeFiles/obj.clangAST.dir/Randstruct.cpp.o
[1276/5247][ 24%][110.027s] Building CXX object tools/clang/lib/AST/CMakeFiles/obj.clangAST.dir/StableHash.cpp.o
[1277/5247][ 24%][110.287s] Building CXX object tools/clang/lib/AST/CMakeFiles/obj.clangAST.dir/MicrosoftMangle.cpp.o
[1278/5247][ 24%][110.315s] Building CXX object tools/clang/lib/AST/CMakeFiles/obj.clangAST.dir/ItaniumMangle.cpp.o
[1279/5247][ 24%][110.418s] Building CXX object tools/clang/lib/AST/CMakeFiles/obj.clangAST.dir/OpenMPClause.cpp.o
[1280/5247][ 24%][110.498s] Building CXX object tools/clang/lib/AST/CMakeFiles/obj.clangAST.dir/RawCommentList.cpp.o
[1281/5247][ 24%][110.530s] Building CXX object tools/clang/lib/AST/CMakeFiles/obj.clangAST.dir/SelectorLocationsKind.cpp.o
[1282/5247][ 24%][110.557s] Building CXX object tools/clang/lib/AST/CMakeFiles/obj.clangAST.dir/RecordLayout.cpp.o
[1283/5247][ 24%][110.708s] Building CXX object tools/clang/lib/AST/CMakeFiles/obj.clangAST.dir/StmtIterator.cpp.o
[1284/5247][ 24%][110.753s] Building CXX object tools/clang/lib/AST/CMakeFiles/obj.clangAST.dir/ScanfFormatString.cpp.o
[1285/5247][ 24%][111.132s] Building CXX object tools/clang/lib/AST/CMakeFiles/obj.clangAST.dir/StmtObjC.cpp.o
[1286/5247][ 24%][111.157s] Building CXX object tools/clang/lib/AST/CMakeFiles/obj.clangAST.dir/StmtCXX.cpp.o
[1287/5247][ 24%][111.548s] Building CXX object tools/clang/lib/AST/CMakeFiles/obj.clangAST.dir/ExprConstant.cpp.o
[1288/5247][ 24%][111.798s] Building CXX object tools/clang/lib/AST/CMakeFiles/obj.clangAST.dir/StmtViz.cpp.o
[1289/5247][ 24%][112.184s] Building CXX object tools/clang/lib/AST/CMakeFiles/obj.clangAST.dir/TemplateName.cpp.o
[1290/5247][ 24%][112.265s] Building CXX object tools/clang/lib/AST/CMakeFiles/obj.clangAST.dir/TemplateBase.cpp.o
[1291/5247][ 24%][112.293s] Building CXX object tools/clang/lib/AST/CMakeFiles/obj.clangAST.dir/RecordLayoutBuilder.cpp.o
[1292/5247][ 24%][112.575s] Building CXX object tools/clang/lib/AST/CMakeFiles/obj.clangAST.dir/Stmt.cpp.o
[1293/5247][ 24%][112.750s] Building CXX object tools/clang/lib/AST/CMakeFiles/obj.clangAST.dir/StmtOpenMP.cpp.o
[1294/5247][ 24%][113.102s] Building CXX object utils/TableGen/CMakeFiles/llvm-tblgen.dir/AsmWriterInst.cpp.o
[1295/5247][ 24%][113.122s] Building CXX object tools/clang/lib/AST/CMakeFiles/obj.clangAST.dir/VTTBuilder.cpp.o
[1296/5247][ 24%][113.127s] Building CXX object tools/clang/lib/AST/CMakeFiles/obj.clangAST.dir/StmtProfile.cpp.o
[1297/5247][ 24%][113.206s] Building CXX object tools/clang/lib/AST/CMakeFiles/obj.clangAST.dir/ASTContext.cpp.o
[1298/5247][ 24%][113.365s] Building CXX object tools/clang/lib/AST/CMakeFiles/obj.clangAST.dir/TypeLoc.cpp.o
[1299/5247][ 24%][113.512s] Building CXX object utils/TableGen/CMakeFiles/llvm-tblgen.dir/CTagsEmitter.cpp.o
[1300/5247][ 24%][113.706s] Building CXX object tools/clang/lib/AST/CMakeFiles/obj.clangAST.dir/StmtPrinter.cpp.o
[1301/5247][ 24%][113.968s] Building CXX object utils/TableGen/CMakeFiles/llvm-tblgen.dir/CodeGenHwModes.cpp.o
[1302/5247][ 24%][114.028s] Building CXX object utils/TableGen/CMakeFiles/llvm-tblgen.dir/CallingConvEmitter.cpp.o
[1303/5247][ 24%][114.282s] Building CXX object tools/clang/lib/AST/CMakeFiles/obj.clangAST.dir/Type.cpp.o
[1304/5247][ 24%][114.296s] Building CXX object tools/clang/lib/AST/CMakeFiles/obj.clangAST.dir/TypePrinter.cpp.o
[1305/5247][ 24%][114.330s] Building CXX object utils/TableGen/CMakeFiles/llvm-tblgen.dir/CodeGenInstAlias.cpp.o
[1306/5247][ 24%][114.369s] Building CXX object utils/TableGen/CMakeFiles/llvm-tblgen.dir/CodeEmitterGen.cpp.o
[1307/5247][ 24%][114.446s] Building CXX object utils/TableGen/CMakeFiles/llvm-tblgen.dir/CodeGenInstruction.cpp.o
[1308/5247][ 24%][114.697s] Building CXX object utils/TableGen/CMakeFiles/llvm-tblgen.dir/CodeGenMapTable.cpp.o
[1309/5247][ 24%][115.105s] Building CXX object utils/TableGen/CMakeFiles/llvm-tblgen.dir/AsmWriterEmitter.cpp.o
[1310/5247][ 24%][115.484s] Building CXX object utils/TableGen/CMakeFiles/llvm-tblgen.dir/DAGISelMatcherOpt.cpp.o
[1311/5247][ 24%][115.565s] Building CXX object utils/TableGen/CMakeFiles/llvm-tblgen.dir/DAGISelEmitter.cpp.o
[1312/5247][ 25%][115.761s] Building CXX object utils/TableGen/CMakeFiles/llvm-tblgen.dir/DAGISelMatcher.cpp.o
[1313/5247][ 25%][116.037s] Building CXX object utils/TableGen/CMakeFiles/llvm-tblgen.dir/DAGISelMatcherGen.cpp.o
[1314/5247][ 25%][116.150s] Building CXX object utils/TableGen/CMakeFiles/llvm-tblgen.dir/DAGISelMatcherEmitter.cpp.o
[1315/5247][ 25%][116.180s] Building CXX object utils/TableGen/CMakeFiles/llvm-tblgen.dir/CodeGenTarget.cpp.o
[1316/5247][ 25%][116.377s] Building CXX object utils/TableGen/CMakeFiles/llvm-tblgen.dir/DisassemblerEmitter.cpp.o
[1317/5247][ 25%][116.902s] Building CXX object utils/TableGen/CMakeFiles/llvm-tblgen.dir/AsmMatcherEmitter.cpp.o
[1318/5247][ 25%][116.956s] Building CXX object tools/clang/lib/AST/CMakeFiles/obj.clangAST.dir/VTableBuilder.cpp.o
[1319/5247][ 25%][116.973s] Building CXX object tools/clang/lib/AST/CMakeFiles/obj.clangAST.dir/TextNodeDumper.cpp.o
[1320/5247][ 25%][116.980s] Building CXX object utils/TableGen/CMakeFiles/llvm-tblgen.dir/DFAEmitter.cpp.o
[1321/5247][ 25%][117.088s] Building CXX object utils/TableGen/CMakeFiles/llvm-tblgen.dir/CodeGenSchedule.cpp.o
[1322/5247][ 25%][117.176s] Building CXX object utils/TableGen/CMakeFiles/llvm-tblgen.dir/ExegesisEmitter.cpp.o
[1323/5247][ 25%][117.247s] Building CXX object utils/TableGen/CMakeFiles/llvm-tblgen.dir/DFAPacketizerEmitter.cpp.o
[1324/5247][ 25%][117.501s] Building CXX object utils/TableGen/CMakeFiles/llvm-tblgen.dir/DecoderEmitter.cpp.o
[1325/5247][ 25%][117.543s] Building CXX object utils/TableGen/CMakeFiles/llvm-tblgen.dir/DXILEmitter.cpp.o
[1326/5247][ 25%][117.831s] Building CXX object utils/TableGen/CMakeFiles/llvm-tblgen.dir/OptEmitter.cpp.o
[1327/5247][ 25%][117.899s] Building CXX object utils/TableGen/CMakeFiles/llvm-tblgen.dir/CodeGenDAGPatterns.cpp.o
[1328/5247][ 25%][118.051s] Building CXX object utils/TableGen/CMakeFiles/llvm-tblgen.dir/InfoByHwMode.cpp.o
[1329/5247][ 25%][118.186s] Building CXX object utils/TableGen/CMakeFiles/llvm-tblgen.dir/OptRSTEmitter.cpp.o
[1330/5247][ 25%][118.354s] Building CXX object utils/TableGen/CMakeFiles/llvm-tblgen.dir/InstrDocsEmitter.cpp.o
[1331/5247][ 25%][118.370s] Building CXX object utils/TableGen/CMakeFiles/llvm-tblgen.dir/GlobalISelMatchTableExecutorEmitter.cpp.o
[1332/5247][ 25%][118.479s] Building CXX object utils/TableGen/CMakeFiles/llvm-tblgen.dir/CodeGenRegisters.cpp.o
[1333/5247][ 25%][118.570s] Building CXX object utils/TableGen/CMakeFiles/llvm-tblgen.dir/FastISelEmitter.cpp.o
[1334/5247][ 25%][118.578s] Building CXX object utils/TableGen/CMakeFiles/llvm-tblgen.dir/PredicateExpander.cpp.o
[1335/5247][ 25%][118.596s] Building CXX object utils/TableGen/CMakeFiles/llvm-tblgen.dir/OptParserEmitter.cpp.o
[1336/5247][ 25%][118.637s] Building CXX object utils/TableGen/CMakeFiles/llvm-tblgen.dir/Types.cpp.o
[1337/5247][ 25%][118.780s] Building CXX object utils/TableGen/CMakeFiles/llvm-tblgen.dir/GICombinerEmitter.cpp.o
[1338/5247][ 25%][119.154s] Building CXX object utils/TableGen/CMakeFiles/llvm-tblgen.dir/PseudoLoweringEmitter.cpp.o
[1339/5247][ 25%][119.367s] Building CXX object utils/TableGen/CMakeFiles/llvm-tblgen.dir/TableGen.cpp.o
[1340/5247][ 25%][119.384s] Building CXX object utils/TableGen/CMakeFiles/llvm-tblgen.dir/SubtargetFeatureInfo.cpp.o
[1341/5247][ 25%][119.435s] Building CXX object utils/TableGen/CMakeFiles/llvm-tblgen.dir/RegisterBankEmitter.cpp.o
[1342/5247][ 25%][119.472s] Building CXX object utils/TableGen/CMakeFiles/llvm-tblgen.dir/X86ModRMFilters.cpp.o
[1343/5247][ 25%][119.673s] Building CXX object utils/TableGen/CMakeFiles/llvm-tblgen.dir/X86DisassemblerTables.cpp.o
[1344/5247][ 25%][119.866s] Building CXX object utils/TableGen/CMakeFiles/llvm-tblgen.dir/CompressInstEmitter.cpp.o
[1345/5247][ 25%][119.889s] Linking CXX static library lib/libLLVMTableGenGlobalISel.a
[1346/5247][ 25%][119.918s] Building CXX object utils/TableGen/CMakeFiles/llvm-tblgen.dir/VarLenCodeEmitterGen.cpp.o
[1347/5247][ 25%][119.974s] Building CXX object utils/TableGen/CMakeFiles/llvm-tblgen.dir/GlobalISelCombinerMatchTableEmitter.cpp.o
[1348/5247][ 25%][120.151s] Building CXX object utils/TableGen/CMakeFiles/llvm-tblgen.dir/X86EVEX2VEXTablesEmitter.cpp.o
[1349/5247][ 25%][120.191s] Linking CXX static library lib/libclangAST.a
[1350/5247][ 25%][120.268s] Building CXX object utils/TableGen/CMakeFiles/llvm-tblgen.dir/X86MnemonicTables.cpp.o
[1351/5247][ 25%][120.348s] Building CXX object utils/TableGen/CMakeFiles/llvm-tblgen.dir/InstrInfoEmitter.cpp.o
[1352/5247][ 25%][120.426s] Building CXX object utils/TableGen/CMakeFiles/llvm-tblgen.dir/X86RecognizableInstr.cpp.o
[1353/5247][ 25%][120.513s] Building CXX object utils/TableGen/CMakeFiles/llvm-tblgen.dir/WebAssemblyDisassemblerEmitter.cpp.o
[1354/5247][ 25%][120.660s] Building CXX object utils/TableGen/CMakeFiles/llvm-tblgen.dir/X86FoldTablesEmitter.cpp.o
[1355/5247][ 25%][120.672s] Building CXX object utils/TableGen/CMakeFiles/llvm-tblgen.dir/SearchableTableEmitter.cpp.o
[1356/5247][ 25%][120.756s] Building CXX object lib/Option/CMakeFiles/LLVMOption.dir/Arg.cpp.o
[1357/5247][ 25%][120.932s] Building CXX object lib/Option/CMakeFiles/LLVMOption.dir/Option.cpp.o
[1358/5247][ 25%][120.957s] Building CXX object lib/Frontend/HLSL/CMakeFiles/LLVMFrontendHLSL.dir/HLSLResource.cpp.o
[1359/5247][ 25%][120.980s] Building CXX object lib/Option/CMakeFiles/LLVMOption.dir/ArgList.cpp.o
[1360/5247][ 25%][121.286s] Building CXX object utils/TableGen/CMakeFiles/llvm-tblgen.dir/GlobalISelMatchTable.cpp.o
[1361/5247][ 25%][121.333s] Building OpenCLBuiltins.inc...
[1362/5247][ 25%][121.342s] Building CXX object tools/clang/lib/APINotes/CMakeFiles/obj.clangAPINotes.dir/Types.cpp.o
[1363/5247][ 25%][121.354s] Building CXX object tools/clang/lib/APINotes/CMakeFiles/obj.clangAPINotes.dir/APINotesTypes.cpp.o
[1364/5247][ 25%][121.389s] Building CXX object utils/TableGen/CMakeFiles/llvm-tblgen.dir/SubtargetEmitter.cpp.o
[1365/5247][ 26%][121.436s] Building CXX object lib/Option/CMakeFiles/LLVMOption.dir/OptTable.cpp.o
[1366/5247][ 26%][121.628s] Building CXX object utils/TableGen/CMakeFiles/llvm-tblgen.dir/GlobalISelEmitter.cpp.o
[1367/5247][ 26%][122.125s] Building CXX object tools/clang/lib/APINotes/CMakeFiles/obj.clangAPINotes.dir/APINotesManager.cpp.o
[1368/5247][ 26%][122.691s] Building CXX object utils/TableGen/CMakeFiles/llvm-tblgen.dir/RegisterInfoEmitter.cpp.o
[1369/5247][ 26%][122.839s] Linking CXX executable bin/llvm-tblgen
ld: warning: ignoring duplicate libraries: 'lib/libLLVMCodeGenTypes.a', 'lib/libLLVMSupport.a', 'lib/libLLVMTableGen.a'
[1370/5247][ 26%][122.991s] Building CXX object tools/clang/lib/APINotes/CMakeFiles/obj.clangAPINotes.dir/APINotesYAMLCompiler.cpp.o
[1371/5247][ 26%][123.087s] Building CXX object tools/clang/lib/APINotes/CMakeFiles/obj.clangAPINotes.dir/APINotesReader.cpp.o
[1372/5247][ 26%][123.110s] Building CXX object tools/clang/lib/Analysis/CMakeFiles/obj.clangAnalysis.dir/BodyFarm.cpp.o
[1373/5247][ 26%][123.197s] Building CXX object tools/clang/lib/Analysis/CMakeFiles/obj.clangAnalysis.dir/CFGStmtMap.cpp.o
[1374/5247][ 26%][123.206s] Building CXX object tools/clang/lib/Analysis/CMakeFiles/obj.clangAnalysis.dir/CFGReachabilityAnalysis.cpp.o
[1375/5247][ 26%][123.224s] Building CXX object tools/clang/lib/Analysis/CMakeFiles/obj.clangAnalysis.dir/CodeInjector.cpp.o
[1376/5247][ 26%][123.695s] Building CXX object tools/clang/lib/ASTMatchers/CMakeFiles/obj.clangASTMatchers.dir/GtestMatchers.cpp.o
[1377/5247][ 26%][123.843s] Building CXX object tools/clang/lib/Analysis/CMakeFiles/obj.clangAnalysis.dir/CocoaConventions.cpp.o
[1378/5247][ 26%][123.990s] Building CXX object tools/clang/lib/Analysis/CMakeFiles/obj.clangAnalysis.dir/AnalysisDeclContext.cpp.o
[1379/5247][ 26%][124.665s] Building CXX object tools/clang/lib/Analysis/CMakeFiles/obj.clangAnalysis.dir/ConstructionContext.cpp.o
[1380/5247][ 26%][124.877s] Building CXX object tools/clang/lib/Analysis/CMakeFiles/obj.clangAnalysis.dir/Dominators.cpp.o
[1381/5247][ 26%][124.879s] Building CXX object tools/clang/lib/Analysis/CMakeFiles/obj.clangAnalysis.dir/CallGraph.cpp.o
[1382/5247][ 26%][125.241s] Building CXX object tools/clang/lib/ASTMatchers/CMakeFiles/obj.clangASTMatchers.dir/ASTMatchersInternal.cpp.o
[1383/5247][ 26%][125.322s] Building CXX object tools/clang/lib/Analysis/CMakeFiles/obj.clangAnalysis.dir/IntervalPartition.cpp.o
[1384/5247][ 26%][125.460s] Building CXX object tools/clang/lib/Analysis/CMakeFiles/obj.clangAnalysis.dir/CloneDetection.cpp.o
[1385/5247][ 26%][125.536s] Building CXX object tools/clang/lib/Analysis/CMakeFiles/obj.clangAnalysis.dir/IssueHash.cpp.o
[1386/5247][ 26%][125.547s] Building CXX object tools/clang/lib/Analysis/CMakeFiles/obj.clangAnalysis.dir/Consumed.cpp.o
[1387/5247][ 26%][125.787s] Building CXX object tools/clang/lib/APINotes/CMakeFiles/obj.clangAPINotes.dir/APINotesWriter.cpp.o
[1388/5247][ 26%][125.931s] Building CXX object tools/clang/lib/Analysis/CMakeFiles/obj.clangAnalysis.dir/CFG.cpp.o
[1389/5247][ 26%][126.016s] Building CXX object tools/clang/lib/Analysis/CMakeFiles/obj.clangAnalysis.dir/ObjCNoReturn.cpp.o
[1390/5247][ 26%][126.360s] Building CXX object tools/clang/lib/Analysis/CMakeFiles/obj.clangAnalysis.dir/MacroExpansionContext.cpp.o
[1391/5247][ 26%][126.677s] Building CXX object tools/clang/lib/Analysis/CMakeFiles/obj.clangAnalysis.dir/ThreadSafetyLogical.cpp.o
[1392/5247][ 26%][126.735s] Building CXX object tools/clang/lib/Analysis/CMakeFiles/obj.clangAnalysis.dir/ThreadSafetyTIL.cpp.o
[1393/5247][ 26%][126.859s] Building CXX object tools/clang/lib/Analysis/CMakeFiles/obj.clangAnalysis.dir/PostOrderCFGView.cpp.o
[1394/5247][ 26%][126.862s] Building CXX object tools/clang/lib/Analysis/CMakeFiles/obj.clangAnalysis.dir/LiveVariables.cpp.o
[1395/5247][ 26%][127.254s] Building CXX object tools/clang/lib/Analysis/CMakeFiles/obj.clangAnalysis.dir/ProgramPoint.cpp.o
[1396/5247][ 26%][127.382s] Building CXX object tools/clang/lib/Analysis/CMakeFiles/obj.clangAnalysis.dir/PathDiagnostic.cpp.o
[1397/5247][ 26%][127.747s] Building CXX object tools/clang/lib/Analysis/CMakeFiles/obj.clangAnalysis.dir/CalledOnceCheck.cpp.o
[1398/5247][ 26%][127.809s] Building CXX object tools/clang/lib/Analysis/CMakeFiles/obj.clangAnalysis.dir/ReachableCode.cpp.o
[1399/5247][ 26%][127.812s] Building CXX object tools/clang/lib/Edit/CMakeFiles/obj.clangEdit.dir/Commit.cpp.o
[1400/5247][ 26%][128.107s] Building CXX object tools/clang/lib/Rewrite/CMakeFiles/obj.clangRewrite.dir/DeltaTree.cpp.o
[1401/5247][ 26%][128.178s] Building CXX object tools/clang/lib/Edit/CMakeFiles/obj.clangEdit.dir/EditedSource.cpp.o
[1402/5247][ 26%][128.221s] Building CXX object tools/clang/lib/Rewrite/CMakeFiles/obj.clangRewrite.dir/RewriteRope.cpp.o
[1403/5247][ 26%][128.232s] Building CXX object tools/clang/lib/Analysis/CMakeFiles/obj.clangAnalysis.dir/ThreadSafetyCommon.cpp.o
[1404/5247][ 26%][128.248s] Linking CXX static library lib/libLLVMOption.a
[1405/5247][ 26%][128.256s] Linking CXX static library lib/libLLVMFrontendHLSL.a
[1406/5247][ 26%][128.850s] Building CXX object lib/RemoteCachingService/NullService/CMakeFiles/LLVMRemoteNullService.dir/NullService.cpp.o
[1407/5247][ 26%][128.924s] Building Options.inc...
[1408/5247][ 26%][128.942s] Building CXX object tools/clang/lib/Analysis/CMakeFiles/obj.clangAnalysis.dir/UninitializedValues.cpp.o
[1409/5247][ 26%][128.959s] Building CXX object lib/WindowsDriver/CMakeFiles/LLVMWindowsDriver.dir/MSVCPaths.cpp.o
[1410/5247][ 26%][129.007s] Linking CXX static library lib/libclangAPINotes.a
[1411/5247][ 26%][129.042s] Building CXX object tools/clang/lib/Rewrite/CMakeFiles/obj.clangRewrite.dir/TokenRewriter.cpp.o
[1412/5247][ 26%][129.050s] Building CXX object tools/clang/lib/Analysis/CMakeFiles/obj.clangAnalysis.dir/RetainSummaryManager.cpp.o
[1413/5247][ 26%][129.104s] Building CXX object tools/clang/lib/Rewrite/CMakeFiles/obj.clangRewrite.dir/Rewriter.cpp.o
[1414/5247][ 26%][129.107s] Building CXX object tools/clang/lib/Edit/CMakeFiles/obj.clangEdit.dir/FillInMissingProtocolStubs.cpp.o
[1415/5247][ 26%][129.140s] Building CXX object tools/clang/lib/Edit/CMakeFiles/obj.clangEdit.dir/RewriteObjCFoundationAPI.cpp.o
[1416/5247][ 26%][129.364s] Building CXX object tools/clang/lib/Rewrite/CMakeFiles/obj.clangRewrite.dir/HTMLRewrite.cpp.o
[1417/5247][ 27%][129.400s] Building CXX object tools/clang/lib/Edit/CMakeFiles/obj.clangEdit.dir/FillInMissingSwitchEnumCases.cpp.o
[1418/5247][ 27%][129.618s] Building CXX object tools/clang/lib/Analysis/CMakeFiles/obj.clangAnalysis.dir/ThreadSafety.cpp.o
[1419/5247][ 27%][129.780s] Building CXX object tools/clang/lib/CAS/CMakeFiles/obj.clangCAS.dir/CASOptions.cpp.o
[1420/5247][ 27%][130.260s] Building CXX object tools/clang/lib/Analysis/CMakeFiles/obj.clangAnalysis.dir/ExprMutationAnalyzer.cpp.o
[1421/5247][ 27%][130.489s] Building CXX object tools/clang/lib/Sema/CMakeFiles/obj.clangSema.dir/IdentifierResolver.cpp.o
[1422/5247][ 27%][130.534s] Building CXX object tools/clang/lib/Sema/CMakeFiles/obj.clangSema.dir/Scope.cpp.o
[1423/5247][ 27%][130.591s] Building CXX object tools/clang/lib/ASTMatchers/CMakeFiles/obj.clangASTMatchers.dir/ASTMatchFinder.cpp.o
[1424/5247][ 27%][130.622s] Linking CXX static library lib/libclangASTMatchers.a
[1425/5247][ 27%][130.778s] Building CXX object tools/clang/lib/CAS/CMakeFiles/obj.clangCAS.dir/IncludeTree.cpp.o
[1426/5247][ 27%][131.341s] Building CXX object tools/clang/lib/Sema/CMakeFiles/obj.clangSema.dir/DelayedDiagnostic.cpp.o
[1427/5247][ 27%][131.884s] Building CXX object tools/clang/lib/Sema/CMakeFiles/obj.clangSema.dir/HLSLExternalSemaSource.cpp.o
[1428/5247][ 27%][131.912s] Building CXX object tools/clang/lib/Sema/CMakeFiles/obj.clangSema.dir/DeclSpec.cpp.o
[1429/5247][ 27%][131.931s] Building CXX object tools/clang/lib/Sema/CMakeFiles/obj.clangSema.dir/MultiplexExternalSemaSource.cpp.o
[1430/5247][ 27%][131.964s] Building CXX object tools/clang/lib/Sema/CMakeFiles/obj.clangSema.dir/ScopeInfo.cpp.o
[1431/5247][ 27%][132.216s] Building CXX object tools/clang/lib/Sema/CMakeFiles/obj.clangSema.dir/CodeCompleteConsumer.cpp.o
[1432/5247][ 27%][132.287s] Building CXX object tools/clang/lib/Sema/CMakeFiles/obj.clangSema.dir/JumpDiagnostics.cpp.o
[1433/5247][ 27%][132.333s] Building CXX object tools/clang/lib/Sema/CMakeFiles/obj.clangSema.dir/SemaConsumer.cpp.o
[1434/5247][ 27%][133.792s] Building CXX object tools/clang/lib/Sema/CMakeFiles/obj.clangSema.dir/SemaAccess.cpp.o
[1435/5247][ 27%][134.321s] Building CXX object tools/clang/lib/Sema/CMakeFiles/obj.clangSema.dir/SemaAttr.cpp.o
[1436/5247][ 27%][134.653s] Building CXX object tools/clang/lib/Sema/CMakeFiles/obj.clangSema.dir/SemaAPINotes.cpp.o
[1437/5247][ 27%][134.909s] Building CXX object tools/clang/lib/Sema/CMakeFiles/obj.clangSema.dir/ParsedAttr.cpp.o
[1438/5247][ 27%][134.936s] Building CXX object tools/clang/lib/Sema/CMakeFiles/obj.clangSema.dir/SemaCXXScopeSpec.cpp.o
[1439/5247][ 27%][136.067s] Building CXX object tools/clang/lib/Sema/CMakeFiles/obj.clangSema.dir/SemaCast.cpp.o
[1440/5247][ 27%][136.162s] Building CXX object tools/clang/lib/Sema/CMakeFiles/obj.clangSema.dir/SemaCoroutine.cpp.o
[1441/5247][ 27%][136.575s] Building CXX object tools/clang/lib/Sema/CMakeFiles/obj.clangSema.dir/Sema.cpp.o
[1442/5247][ 27%][137.333s] Building CXX object tools/clang/lib/Sema/CMakeFiles/obj.clangSema.dir/SemaCUDA.cpp.o
[1443/5247][ 27%][138.935s] Building CXX object tools/clang/lib/Analysis/CMakeFiles/obj.clangAnalysis.dir/UnsafeBufferUsage.cpp.o
/Users/wezzard/Repositories/com.github~WeZZard/swift-project-6.1/llvm-project/clang/lib/Analysis/UnsafeBufferUsage.cpp:2208:26: warning: variable 'CArrTy' set but not used [-Wunused-but-set-variable]
 2208 |   } else if (const auto *CArrTy = Ctx.getAsConstantArrayType(
      |                          ^
/Users/wezzard/Repositories/com.github~WeZZard/swift-project-6.1/llvm-project/clang/lib/Analysis/UnsafeBufferUsage.cpp:1676:20: warning: unused function 'getAPIntText' [-Wunused-function]
 1676 | static std::string getAPIntText(APInt Val) {
      |                    ^~~~~~~~~~~~
2 warnings generated.
[1444/5247][ 27%][139.708s] Building CXX object tools/clang/lib/Sema/CMakeFiles/obj.clangSema.dir/SemaExceptionSpec.cpp.o
[1445/5247][ 27%][139.750s] Building CXX object tools/clang/lib/Sema/CMakeFiles/obj.clangSema.dir/AnalysisBasedWarnings.cpp.o
[1446/5247][ 27%][141.257s] Building CXX object tools/clang/lib/Sema/CMakeFiles/obj.clangSema.dir/SemaChecking.cpp.o
[1447/5247][ 27%][141.448s] Building CXX object tools/clang/lib/Sema/CMakeFiles/obj.clangSema.dir/SemaExprMember.cpp.o
[1448/5247][ 27%][142.336s] Building CXX object tools/clang/lib/Sema/CMakeFiles/obj.clangSema.dir/SemaConcept.cpp.o
[1449/5247][ 27%][142.497s] Building CXX object tools/clang/lib/Sema/CMakeFiles/obj.clangSema.dir/SemaHLSL.cpp.o
[1450/5247][ 27%][142.821s] Building CXX object tools/clang/lib/Sema/CMakeFiles/obj.clangSema.dir/SemaFixItUtils.cpp.o
[1451/5247][ 27%][143.086s] Building CXX object tools/clang/lib/Sema/CMakeFiles/obj.clangSema.dir/SemaAvailability.cpp.o
[1452/5247][ 27%][143.260s] Building CXX object tools/clang/lib/Sema/CMakeFiles/obj.clangSema.dir/SemaCodeComplete.cpp.o
[1453/5247][ 27%][143.659s] Building CXX object tools/clang/lib/Sema/CMakeFiles/obj.clangSema.dir/SemaDeclObjC.cpp.o
[1454/5247][ 27%][144.128s] Building CXX object tools/clang/lib/Sema/CMakeFiles/obj.clangSema.dir/SemaExprObjC.cpp.o
[1455/5247][ 27%][145.197s] Building CXX object tools/clang/lib/Sema/CMakeFiles/obj.clangSema.dir/SemaDeclAttr.cpp.o
[1456/5247][ 27%][145.296s] Building CXX object tools/clang/lib/Sema/CMakeFiles/obj.clangSema.dir/SemaLambda.cpp.o
[1457/5247][ 27%][146.140s] Building CXX object tools/clang/lib/Sema/CMakeFiles/obj.clangSema.dir/SemaModule.cpp.o
[1458/5247][ 27%][147.125s] Building CXX object tools/clang/lib/Sema/CMakeFiles/obj.clangSema.dir/SemaDecl.cpp.o
/Users/wezzard/Repositories/com.github~WeZZard/swift-project-6.1/llvm-project/clang/lib/Sema/SemaDecl.cpp:2975:24: warning: variable 'SupA' set but not used [-Wunused-but-set-variable]
 2975 |   else if (const auto *SupA = dyn_cast<SuppressAttr>(Attr))
      |                        ^
1 warning generated.
[1459/5247][ 27%][147.208s] Building CXX object tools/clang/lib/Sema/CMakeFiles/obj.clangSema.dir/SemaObjCProperty.cpp.o
[1460/5247][ 27%][147.414s] Building CXX object tools/clang/lib/Sema/CMakeFiles/obj.clangSema.dir/SemaRISCVVectorLookup.cpp.o
[1461/5247][ 27%][147.696s] Building CXX object tools/clang/lib/Sema/CMakeFiles/obj.clangSema.dir/SemaPseudoObject.cpp.o
[1462/5247][ 27%][147.831s] Building CXX object tools/clang/lib/Sema/CMakeFiles/obj.clangSema.dir/SemaInit.cpp.o
[1463/5247][ 27%][149.235s] Building CXX object tools/clang/lib/Sema/CMakeFiles/obj.clangSema.dir/SemaStmtAsm.cpp.o
[1464/5247][ 27%][149.587s] Building CXX object tools/clang/lib/Sema/CMakeFiles/obj.clangSema.dir/SemaStmtAttr.cpp.o
[1465/5247][ 27%][149.691s] Building CXX object tools/clang/lib/Sema/CMakeFiles/obj.clangSema.dir/SemaSYCL.cpp.o
[1466/5247][ 27%][149.780s] Building CXX object tools/clang/lib/Sema/CMakeFiles/obj.clangSema.dir/SemaLookup.cpp.o
[1467/5247][ 27%][150.138s] Linking CXX static library lib/libclangAnalysis.a
[1468/5247][ 27%][150.208s] Linking CXX static library lib/libclangEdit.a
[1469/5247][ 27%][150.272s] Linking CXX static library lib/libclangRewrite.a
[1470/5247][ 28%][150.592s] Building CXX object tools/clang/lib/Sema/CMakeFiles/obj.clangSema.dir/SemaDeclCXX.cpp.o
[1471/5247][ 28%][151.047s] Building CXX object tools/clang/lib/Sema/CMakeFiles/obj.clangSema.dir/TypeLocBuilder.cpp.o
[1472/5247][ 28%][151.123s] Linking CXX static library lib/libclangSupport.a
[1473/5247][ 28%][151.240s] Building CXX object tools/clang/lib/Tooling/Core/CMakeFiles/obj.clangToolingCore.dir/Diagnostic.cpp.o
[1474/5247][ 28%][151.261s] Building CXX object tools/clang/lib/Sema/CMakeFiles/obj.clangSema.dir/SemaOverload.cpp.o
[1475/5247][ 28%][151.950s] Building CXX object lib/MCCAS/CMakeFiles/LLVMMCCAS.dir/MCCASDebugV1.cpp.o
[1476/5247][ 28%][152.207s] Building CXX object tools/clang/lib/Tooling/Core/CMakeFiles/obj.clangToolingCore.dir/Replacement.cpp.o
[1477/5247][ 28%][152.221s] Linking CXX static library lib/libLLVMRemoteNullService.a
[1478/5247][ 28%][152.238s] Linking CXX static library lib/libLLVMWindowsDriver.a
[1479/5247][ 28%][152.260s] Linking CXX static library lib/libclangCAS.a
[1480/5247][ 28%][152.368s] Building CXX object lib/MCCAS/CMakeFiles/LLVMMCCAS.dir/MCCASFormatSchemaBase.cpp.o
[1481/5247][ 28%][152.514s] Building CXX object lib/RemoteCachingService/CMakeFiles/LLVMRemoteCachingService.dir/RemoteCachingService.cpp.o
[1482/5247][ 28%][154.205s] Building CXX object tools/clang/lib/Sema/CMakeFiles/obj.clangSema.dir/SemaExprCXX.cpp.o
[1483/5247][ 28%][154.935s] Building CXX object tools/clang/lib/Sema/CMakeFiles/obj.clangSema.dir/SemaStmt.cpp.o
[1484/5247][ 28%][155.117s] Building CXX object tools/clang/lib/Parse/CMakeFiles/obj.clangParse.dir/ParseAST.cpp.o
[1485/5247][ 28%][155.845s] Building CXX object tools/clang/lib/Parse/CMakeFiles/obj.clangParse.dir/ParseCXXInlineMethods.cpp.o
[1486/5247][ 28%][156.322s] Building CXX object tools/clang/lib/Sema/CMakeFiles/obj.clangSema.dir/SemaType.cpp.o
[1487/5247][ 28%][156.681s] Building CXX object tools/clang/lib/Sema/CMakeFiles/obj.clangSema.dir/SemaTemplateVariadic.cpp.o
[1488/5247][ 28%][157.505s] Building CXX object tools/clang/lib/Sema/CMakeFiles/obj.clangSema.dir/SemaTemplateInstantiate.cpp.o
[1489/5247][ 28%][158.014s] Building CXX object tools/clang/lib/Parse/CMakeFiles/obj.clangParse.dir/ParseDecl.cpp.o
[1490/5247][ 28%][158.156s] Building CXX object lib/MCCAS/CMakeFiles/LLVMMCCAS.dir/MCCASObjectV1.cpp.o
[1491/5247][ 28%][158.512s] Building CXX object tools/clang/lib/Parse/CMakeFiles/obj.clangParse.dir/ParseDeclCXX.cpp.o
[1492/5247][ 28%][158.735s] Building CXX object tools/clang/lib/Parse/CMakeFiles/obj.clangParse.dir/ParseExpr.cpp.o
[1493/5247][ 28%][158.896s] Building CXX object tools/clang/lib/Parse/CMakeFiles/obj.clangParse.dir/ParseHLSL.cpp.o
[1494/5247][ 28%][159.150s] Building CXX object tools/clang/lib/Parse/CMakeFiles/obj.clangParse.dir/ParseExprCXX.cpp.o
[1495/5247][ 28%][159.221s] Building CXX object tools/clang/lib/Parse/CMakeFiles/obj.clangParse.dir/ParseInit.cpp.o
[1496/5247][ 28%][159.464s] Building CXX object tools/clang/lib/Sema/CMakeFiles/obj.clangSema.dir/SemaTemplateInstantiateDecl.cpp.o
[1497/5247][ 28%][159.831s] Building CXX object tools/clang/lib/Driver/CMakeFiles/obj.clangDriver.dir/Action.cpp.o
[1498/5247][ 28%][160.412s] Building CXX object tools/clang/lib/Driver/CMakeFiles/obj.clangDriver.dir/Distro.cpp.o
[1499/5247][ 28%][160.553s] Building CXX object tools/clang/lib/Parse/CMakeFiles/obj.clangParse.dir/ParseObjc.cpp.o
[1500/5247][ 28%][160.597s] Building CXX object tools/clang/lib/Driver/CMakeFiles/obj.clangDriver.dir/Compilation.cpp.o
[1501/5247][ 28%][160.767s] Building CXX object tools/clang/lib/Sema/CMakeFiles/obj.clangSema.dir/SemaTemplateDeduction.cpp.o
[1502/5247][ 28%][161.406s] Building CXX object tools/clang/lib/Driver/CMakeFiles/obj.clangDriver.dir/DriverOptions.cpp.o
[1503/5247][ 28%][161.663s] Building CXX object tools/clang/lib/Parse/CMakeFiles/obj.clangParse.dir/ParseStmt.cpp.o
[1504/5247][ 28%][161.695s] Building CXX object tools/clang/lib/Driver/CMakeFiles/obj.clangDriver.dir/Multilib.cpp.o
[1505/5247][ 28%][161.734s] Building CXX object tools/clang/lib/Parse/CMakeFiles/obj.clangParse.dir/ParseTentative.cpp.o
[1506/5247][ 28%][161.763s] Building CXX object tools/clang/lib/Driver/CMakeFiles/obj.clangDriver.dir/Job.cpp.o
[1507/5247][ 28%][161.776s] Building CXX object tools/clang/lib/Driver/CMakeFiles/obj.clangDriver.dir/Phases.cpp.o
[1508/5247][ 28%][161.920s] Building CXX object tools/clang/lib/Parse/CMakeFiles/obj.clangParse.dir/ParseOpenMP.cpp.o
[1509/5247][ 28%][162.224s] Building CXX object tools/clang/lib/Parse/CMakeFiles/obj.clangParse.dir/ParseTemplate.cpp.o
[1510/5247][ 28%][162.236s] Building CXX object tools/clang/lib/Parse/CMakeFiles/obj.clangParse.dir/ParseStmtAsm.cpp.o
[1511/5247][ 28%][162.247s] Building CXX object tools/clang/lib/Driver/CMakeFiles/obj.clangDriver.dir/Tool.cpp.o
[1512/5247][ 28%][162.347s] Building CXX object tools/clang/lib/Driver/CMakeFiles/obj.clangDriver.dir/OptionUtils.cpp.o
[1513/5247][ 28%][162.409s] Building CXX object tools/clang/lib/Driver/CMakeFiles/obj.clangDriver.dir/MultilibBuilder.cpp.o
[1514/5247][ 28%][162.553s] Building CXX object tools/clang/lib/Parse/CMakeFiles/obj.clangParse.dir/ParsePragma.cpp.o
[1515/5247][ 28%][163.088s] Building CXX object tools/clang/lib/Parse/CMakeFiles/obj.clangParse.dir/Parser.cpp.o
[1516/5247][ 28%][163.175s] Building CXX object tools/clang/lib/Driver/CMakeFiles/obj.clangDriver.dir/OffloadBundler.cpp.o
[1517/5247][ 28%][163.217s] Building CXX object tools/clang/lib/Driver/CMakeFiles/obj.clangDriver.dir/ToolChains/Arch/CSKY.cpp.o
[1518/5247][ 28%][163.278s] Building CXX object tools/clang/lib/Driver/CMakeFiles/obj.clangDriver.dir/ToolChains/Arch/M68k.cpp.o
[1519/5247][ 28%][163.405s] Building CXX object tools/clang/lib/Driver/CMakeFiles/obj.clangDriver.dir/ToolChains/Arch/LoongArch.cpp.o
[1520/5247][ 28%][163.503s] Building CXX object tools/clang/lib/Driver/CMakeFiles/obj.clangDriver.dir/ToolChains/Arch/AArch64.cpp.o
[1521/5247][ 28%][163.575s] Building CXX object tools/clang/lib/Sema/CMakeFiles/obj.clangSema.dir/SemaOpenMP.cpp.o
[1522/5247][ 29%][163.687s] Building CXX object tools/clang/lib/Driver/CMakeFiles/obj.clangDriver.dir/SanitizerArgs.cpp.o
[1523/5247][ 29%][163.786s] Building CXX object tools/clang/lib/Driver/CMakeFiles/obj.clangDriver.dir/ToolChains/Arch/Mips.cpp.o
[1524/5247][ 29%][163.801s] Building CXX object tools/clang/lib/Driver/CMakeFiles/obj.clangDriver.dir/ToolChains/Arch/ARM.cpp.o
[1525/5247][ 29%][163.939s] Building CXX object tools/clang/lib/Sema/CMakeFiles/obj.clangSema.dir/SemaExpr.cpp.o
[1526/5247][ 29%][163.948s] Building CXX object tools/clang/lib/Driver/CMakeFiles/obj.clangDriver.dir/ToolChain.cpp.o
[1527/5247][ 29%][164.107s] Building CXX object tools/clang/lib/Driver/CMakeFiles/obj.clangDriver.dir/ToolChains/Arch/PPC.cpp.o
[1528/5247][ 29%][164.218s] Building CXX object tools/clang/lib/Driver/CMakeFiles/obj.clangDriver.dir/ToolChains/Arch/Sparc.cpp.o
[1529/5247][ 29%][164.270s] Building CXX object tools/clang/lib/Driver/CMakeFiles/obj.clangDriver.dir/ToolChains/Arch/SystemZ.cpp.o
[1530/5247][ 29%][164.290s] Building CXX object tools/clang/lib/Driver/CMakeFiles/obj.clangDriver.dir/ToolChains/Arch/VE.cpp.o
[1531/5247][ 29%][164.788s] Building CXX object tools/clang/lib/Driver/CMakeFiles/obj.clangDriver.dir/ToolChains/Arch/RISCV.cpp.o
[1532/5247][ 29%][164.817s] Building CXX object tools/clang/lib/Driver/CMakeFiles/obj.clangDriver.dir/ToolChains/Arch/X86.cpp.o
[1533/5247][ 29%][164.860s] Building CXX object tools/clang/lib/Driver/CMakeFiles/obj.clangDriver.dir/ToolChains/Ananas.cpp.o
[1534/5247][ 29%][165.109s] Building CXX object tools/clang/lib/Driver/CMakeFiles/obj.clangDriver.dir/ToolChains/Contiki.cpp.o
[1535/5247][ 29%][165.191s] Building CXX object tools/clang/lib/Driver/CMakeFiles/obj.clangDriver.dir/ToolChains/AIX.cpp.o
[1536/5247][ 29%][165.272s] Building CXX object tools/clang/lib/Driver/CMakeFiles/obj.clangDriver.dir/ToolChains/AMDGPUOpenMP.cpp.o
[1537/5247][ 29%][165.334s] Building CXX object tools/clang/lib/Driver/CMakeFiles/obj.clangDriver.dir/ToolChains/AVR.cpp.o
[1538/5247][ 29%][165.366s] Building CXX object tools/clang/lib/Driver/CMakeFiles/obj.clangDriver.dir/ToolChains/CloudABI.cpp.o
[1539/5247][ 29%][165.655s] Building CXX object tools/clang/lib/Driver/CMakeFiles/obj.clangDriver.dir/ToolChains/BareMetal.cpp.o
[1540/5247][ 29%][165.819s] Building CXX object tools/clang/lib/Driver/CMakeFiles/obj.clangDriver.dir/ToolChains/AMDGPU.cpp.o
[1541/5247][ 29%][165.964s] Building CXX object tools/clang/lib/Driver/CMakeFiles/obj.clangDriver.dir/ToolChains/CrossWindows.cpp.o
[1542/5247][ 29%][166.118s] Building CXX object tools/clang/lib/Driver/CMakeFiles/obj.clangDriver.dir/ToolChains/CSKYToolChain.cpp.o
[1543/5247][ 29%][166.263s] Building CXX object tools/clang/lib/Driver/CMakeFiles/obj.clangDriver.dir/ToolChains/DragonFly.cpp.o
[1544/5247][ 29%][166.294s] Building CXX object tools/clang/lib/Driver/CMakeFiles/obj.clangDriver.dir/Driver.cpp.o
[1545/5247][ 29%][166.351s] Building CXX object tools/clang/lib/Driver/CMakeFiles/obj.clangDriver.dir/ToolChains/Flang.cpp.o
[1546/5247][ 29%][166.556s] Building CXX object tools/clang/lib/Driver/CMakeFiles/obj.clangDriver.dir/ToolChains/Cuda.cpp.o
[1547/5247][ 29%][166.623s] Building CXX object tools/clang/lib/Sema/CMakeFiles/obj.clangSema.dir/SemaTemplate.cpp.o
[1548/5247][ 29%][166.626s] Building CXX object tools/clang/lib/Driver/CMakeFiles/obj.clangDriver.dir/ToolChains/Haiku.cpp.o
[1549/5247][ 29%][166.630s] Building CXX object tools/clang/lib/Driver/CMakeFiles/obj.clangDriver.dir/ToolChains/FreeBSD.cpp.o
[1550/5247][ 29%][166.932s] Building CXX object tools/clang/lib/Driver/CMakeFiles/obj.clangDriver.dir/ToolChains/Fuchsia.cpp.o
[1551/5247][ 29%][167.038s] Building CXX object tools/clang/lib/Driver/CMakeFiles/obj.clangDriver.dir/ToolChains/HIPUtility.cpp.o
[1552/5247][ 29%][167.052s] Building CXX object tools/clang/lib/Driver/CMakeFiles/obj.clangDriver.dir/ToolChains/CommonArgs.cpp.o
[1553/5247][ 29%][167.439s] Building CXX object tools/clang/lib/Driver/CMakeFiles/obj.clangDriver.dir/ToolChains/HIPSPV.cpp.o
[1554/5247][ 29%][167.451s] Building CXX object tools/clang/lib/Driver/CMakeFiles/obj.clangDriver.dir/ToolChains/HIPAMD.cpp.o
[1555/5247][ 29%][167.475s] Building CXX object tools/clang/lib/Driver/CMakeFiles/obj.clangDriver.dir/ToolChains/HLSL.cpp.o
[1556/5247][ 29%][167.693s] Building CXX object tools/clang/lib/Driver/CMakeFiles/obj.clangDriver.dir/ToolChains/Hurd.cpp.o
[1557/5247][ 29%][167.717s] Linking CXX static library lib/libclangSema.a
[1558/5247][ 29%][167.772s] Building CXX object tools/clang/lib/Driver/CMakeFiles/obj.clangDriver.dir/ToolChains/MipsLinux.cpp.o
[1559/5247][ 29%][167.792s] Building CXX object tools/clang/lib/Driver/CMakeFiles/obj.clangDriver.dir/ToolChains/Hexagon.cpp.o
[1560/5247][ 29%][168.168s] Building CXX object tools/clang/lib/Driver/CMakeFiles/obj.clangDriver.dir/ToolChains/Darwin.cpp.o
[1561/5247][ 29%][168.183s] Building CXX object tools/clang/lib/Driver/CMakeFiles/obj.clangDriver.dir/ToolChains/Linux.cpp.o
[1562/5247][ 29%][168.185s] Building CXX object tools/clang/lib/Driver/CMakeFiles/obj.clangDriver.dir/ToolChains/Minix.cpp.o
[1563/5247][ 29%][168.404s] Building CXX object tools/clang/lib/Driver/CMakeFiles/obj.clangDriver.dir/ToolChains/MSP430.cpp.o
[1564/5247][ 29%][168.653s] Building CXX object tools/clang/lib/Driver/CMakeFiles/obj.clangDriver.dir/ToolChains/Myriad.cpp.o
[1565/5247][ 29%][168.675s] Building CXX object tools/clang/lib/Driver/CMakeFiles/obj.clangDriver.dir/ToolChains/MinGW.cpp.o
[1566/5247][ 29%][168.757s] Building CXX object tools/clang/lib/Driver/CMakeFiles/obj.clangDriver.dir/ToolChains/NaCl.cpp.o
[1567/5247][ 29%][169.002s] Building CXX object tools/clang/lib/Driver/CMakeFiles/obj.clangDriver.dir/ToolChains/NetBSD.cpp.o
[1568/5247][ 29%][169.021s] Building CXX object tools/clang/lib/Driver/CMakeFiles/obj.clangDriver.dir/ToolChains/OpenBSD.cpp.o
[1569/5247][ 29%][169.025s] Building CXX object tools/clang/lib/Driver/CMakeFiles/obj.clangDriver.dir/ToolChains/MSVC.cpp.o
[1570/5247][ 29%][169.100s] Building CXX object tools/clang/lib/Driver/CMakeFiles/obj.clangDriver.dir/ToolChains/SPIRV.cpp.o
[1571/5247][ 29%][169.146s] Building CXX object tools/clang/lib/Driver/CMakeFiles/obj.clangDriver.dir/ToolChains/PS4CPU.cpp.o
[1572/5247][ 29%][169.174s] Building CXX object tools/clang/lib/Driver/CMakeFiles/obj.clangDriver.dir/ToolChains/Gnu.cpp.o
[1573/5247][ 29%][169.193s] Building CXX object tools/clang/lib/Driver/CMakeFiles/obj.clangDriver.dir/ToolChains/TCE.cpp.o
[1574/5247][ 29%][169.221s] Building CXX object tools/clang/lib/Driver/CMakeFiles/obj.clangDriver.dir/ToolChains/Solaris.cpp.o
[1575/5247][ 30%][169.390s] Building CXX object tools/clang/lib/Driver/CMakeFiles/obj.clangDriver.dir/ToolChains/OHOS.cpp.o
[1576/5247][ 30%][169.425s] Building CXX object tools/clang/lib/Driver/CMakeFiles/obj.clangDriver.dir/ToolChains/RISCVToolchain.cpp.o
[1577/5247][ 30%][169.771s] Building CXX object tools/clang/lib/Driver/CMakeFiles/obj.clangDriver.dir/ToolChains/PPCFreeBSD.cpp.o
[1578/5247][ 30%][169.773s] Building CXX object tools/clang/lib/Driver/CMakeFiles/obj.clangDriver.dir/ToolChains/VEToolchain.cpp.o
[1579/5247][ 30%][169.928s] Building CXX object tools/clang/lib/Driver/CMakeFiles/obj.clangDriver.dir/ToolChains/XCore.cpp.o
[1580/5247][ 30%][170.022s] Building CXX object tools/clang/lib/Driver/CMakeFiles/obj.clangDriver.dir/ToolChains/PPCLinux.cpp.o
[1581/5247][ 30%][170.054s] Building CXX object tools/clang/lib/Driver/CMakeFiles/obj.clangDriver.dir/ToolChains/WebAssembly.cpp.o
[1582/5247][ 30%][170.086s] Building CXX object tools/clang/lib/Driver/CMakeFiles/obj.clangDriver.dir/Types.cpp.o
[1583/5247][ 30%][170.149s] Building CXX object tools/clang/lib/Driver/CMakeFiles/obj.clangDriver.dir/ToolChains/InterfaceStubs.cpp.o
[1584/5247][ 30%][170.487s] Building CXX object tools/clang/lib/Serialization/CMakeFiles/obj.clangSerialization.dir/InMemoryModuleCache.cpp.o
[1585/5247][ 30%][170.490s] Building CXX object tools/clang/lib/Driver/CMakeFiles/obj.clangDriver.dir/ToolChains/ZOS.cpp.o
[1586/5247][ 30%][170.560s] Building CXX object tools/clang/lib/Driver/CMakeFiles/obj.clangDriver.dir/XRayArgs.cpp.o
[1587/5247][ 30%][170.846s] Building CXX object tools/clang/lib/Serialization/CMakeFiles/obj.clangSerialization.dir/ASTCommon.cpp.o
[1588/5247][ 30%][170.855s] Building CXX object tools/clang/lib/Serialization/CMakeFiles/obj.clangSerialization.dir/ModuleFileExtension.cpp.o
[1589/5247][ 30%][170.864s] Linking CXX static library lib/libclangToolingCore.a
[1590/5247][ 30%][171.216s] Building CXX object tools/clang/lib/Serialization/CMakeFiles/obj.clangSerialization.dir/PCHContainerOperations.cpp.o
[1591/5247][ 30%][171.222s] Building CXX object tools/clang/lib/Driver/CMakeFiles/obj.clangDriver.dir/ToolChains/Clang.cpp.o
[1592/5247][ 30%][171.245s] Building CXX object tools/clang/lib/Serialization/CMakeFiles/obj.clangSerialization.dir/ModuleFile.cpp.o
[1593/5247][ 30%][171.261s] Linking CXX static library lib/libLLVMMCCAS.a
[1594/5247][ 30%][171.271s] Linking CXX static library lib/libLLVMRemoteCachingService.a
[1595/5247][ 30%][171.355s] Linking CXX static library lib/libclangParse.a
[1596/5247][ 30%][171.376s] Linking CXX static library lib/libclangDriver.a
[1597/5247][ 30%][171.780s] Building CXX object tools/clang/lib/Tooling/Inclusions/CMakeFiles/obj.clangToolingInclusions.dir/IncludeStyle.cpp.o
[1598/5247][ 30%][171.875s] Building CXX object tools/clang/lib/Tooling/Inclusions/CMakeFiles/obj.clangToolingInclusions.dir/HeaderAnalysis.cpp.o
[1599/5247][ 30%][172.220s] Building CXX object tools/clang/lib/Tooling/Inclusions/CMakeFiles/obj.clangToolingInclusions.dir/HeaderIncludes.cpp.o
[1600/5247][ 30%][172.435s] Building CXX object tools/clang/lib/Serialization/CMakeFiles/obj.clangSerialization.dir/ModuleManager.cpp.o
[1601/5247][ 30%][172.466s] Building CXX object tools/clang/lib/Serialization/CMakeFiles/obj.clangSerialization.dir/GlobalModuleIndex.cpp.o
[1602/5247][ 30%][172.854s] Building CXX object tools/clang/lib/Serialization/CMakeFiles/obj.clangSerialization.dir/GeneratePCH.cpp.o
[1603/5247][ 30%][172.859s] Building CXX object tools/clang/lib/Frontend/CMakeFiles/obj.clangFrontend.dir/ChainedDiagnosticConsumer.cpp.o
[1604/5247][ 30%][173.097s] Building CXX object tools/clang/lib/Frontend/CMakeFiles/obj.clangFrontend.dir/CASDependencyCollector.cpp.o
[1605/5247][ 30%][173.583s] Building CXX object tools/clang/lib/Frontend/CMakeFiles/obj.clangFrontend.dir/CachedDiagnostics.cpp.o
[1606/5247][ 30%][173.843s] Building CXX object tools/clang/lib/Frontend/CMakeFiles/obj.clangFrontend.dir/CompileJobCacheResult.cpp.o
[1607/5247][ 30%][173.944s] Building CXX object tools/clang/lib/Serialization/CMakeFiles/obj.clangSerialization.dir/ASTWriterStmt.cpp.o
[1608/5247][ 30%][174.146s] Building CXX object tools/clang/lib/Frontend/CMakeFiles/obj.clangFrontend.dir/ASTMerge.cpp.o
[1609/5247][ 30%][174.246s] Building CXX object tools/clang/lib/Serialization/CMakeFiles/obj.clangSerialization.dir/ASTReaderStmt.cpp.o
[1610/5247][ 30%][174.367s] Building CXX object tools/clang/lib/Serialization/CMakeFiles/obj.clangSerialization.dir/ASTWriterDecl.cpp.o
[1611/5247][ 30%][175.206s] Building CXX object tools/clang/lib/Frontend/CMakeFiles/obj.clangFrontend.dir/CompileJobCacheKey.cpp.o
[1612/5247][ 30%][175.662s] Building CXX object tools/clang/lib/Frontend/CMakeFiles/obj.clangFrontend.dir/DiagnosticRenderer.cpp.o
[1613/5247][ 30%][175.700s] Building CXX object tools/clang/lib/Frontend/CMakeFiles/obj.clangFrontend.dir/DependencyGraph.cpp.o
[1614/5247][ 30%][176.241s] Building CXX object tools/clang/lib/Frontend/CMakeFiles/obj.clangFrontend.dir/FrontendOptions.cpp.o
[1615/5247][ 30%][176.368s] Building CXX object tools/clang/lib/Frontend/CMakeFiles/obj.clangFrontend.dir/ChainedIncludesSource.cpp.o
[1616/5247][ 30%][176.560s] Building CXX object tools/clang/lib/Frontend/CMakeFiles/obj.clangFrontend.dir/CreateInvocationFromCommandLine.cpp.o
[1617/5247][ 30%][177.044s] Building CXX object tools/clang/lib/Frontend/CMakeFiles/obj.clangFrontend.dir/CompileJobCache.cpp.o
[1618/5247][ 30%][177.504s] Building CXX object tools/clang/lib/Frontend/CMakeFiles/obj.clangFrontend.dir/DependencyFile.cpp.o
[1619/5247][ 30%][177.508s] Building CXX object tools/clang/lib/Serialization/CMakeFiles/obj.clangSerialization.dir/ASTReaderDecl.cpp.o
[1620/5247][ 30%][177.602s] Building CXX object tools/clang/lib/Frontend/CMakeFiles/obj.clangFrontend.dir/HeaderIncludeGen.cpp.o
[1621/5247][ 30%][177.929s] Building CXX object tools/clang/lib/Frontend/CMakeFiles/obj.clangFrontend.dir/ASTUnit.cpp.o
[1622/5247][ 30%][177.976s] Building CXX object tools/clang/lib/Frontend/CMakeFiles/obj.clangFrontend.dir/IncludeTreePPActions.cpp.o
[1623/5247][ 30%][178.351s] Building CXX object tools/clang/lib/Frontend/CMakeFiles/obj.clangFrontend.dir/LogDiagnosticPrinter.cpp.o
[1624/5247][ 30%][178.364s] Building CXX object tools/clang/lib/Frontend/CMakeFiles/obj.clangFrontend.dir/LayoutOverrideSource.cpp.o
[1625/5247][ 30%][178.367s] Building CXX object tools/clang/lib/Frontend/CMakeFiles/obj.clangFrontend.dir/MultiplexConsumer.cpp.o
[1626/5247][ 30%][178.852s] Building CXX object tools/clang/lib/Frontend/CMakeFiles/obj.clangFrontend.dir/ASTConsumers.cpp.o
[1627/5247][ 31%][179.315s] Building CXX object tools/clang/lib/Frontend/CMakeFiles/obj.clangFrontend.dir/PrintPreprocessedOutput.cpp.o
[1628/5247][ 31%][179.370s] Building CXX object tools/clang/lib/Frontend/CMakeFiles/obj.clangFrontend.dir/SARIFDiagnosticPrinter.cpp.o
[1629/5247][ 31%][179.465s] Building CXX object tools/clang/lib/Frontend/CMakeFiles/obj.clangFrontend.dir/SARIFDiagnostic.cpp.o
[1630/5247][ 31%][179.735s] Building CXX object tools/clang/lib/Frontend/CMakeFiles/obj.clangFrontend.dir/CompilerInstance.cpp.o
[1631/5247][ 31%][179.785s] Building CXX object tools/clang/lib/Frontend/CMakeFiles/obj.clangFrontend.dir/SerializedDiagnosticReader.cpp.o
[1632/5247][ 31%][179.907s] Building CXX object tools/clang/lib/Frontend/CMakeFiles/obj.clangFrontend.dir/InitPreprocessor.cpp.o
[1633/5247][ 31%][180.039s] Building CXX object tools/clang/lib/Frontend/CMakeFiles/obj.clangFrontend.dir/TextDiagnosticBuffer.cpp.o
[1634/5247][ 31%][180.056s] Linking CXX static library lib/libclangToolingInclusions.a
[1635/5247][ 31%][180.151s] Building CXX object tools/clang/lib/Frontend/CMakeFiles/obj.clangFrontend.dir/SerializedDiagnosticPrinter.cpp.o
[1636/5247][ 31%][180.466s] Building CXX object tools/clang/lib/Frontend/CMakeFiles/obj.clangFrontend.dir/FrontendAction.cpp.o
[1637/5247][ 31%][180.589s] Building CXX object tools/clang/lib/Frontend/CMakeFiles/obj.clangFrontend.dir/TextDiagnosticPrinter.cpp.o
[1638/5247][ 31%][180.759s] Building CXX object tools/clang/lib/Frontend/CMakeFiles/obj.clangFrontend.dir/TextDiagnostic.cpp.o
[1639/5247][ 31%][180.961s] Building CXX object tools/clang/lib/Frontend/CMakeFiles/obj.clangFrontend.dir/ModuleDependencyCollector.cpp.o
[1640/5247][ 31%][181.135s] Building CXX object tools/clang/lib/Format/CMakeFiles/obj.clangFormat.dir/AffectedRangeManager.cpp.o
[1641/5247][ 31%][181.484s] Building CXX object tools/clang/lib/Format/CMakeFiles/obj.clangFormat.dir/BreakableToken.cpp.o
[1642/5247][ 31%][181.566s] Building CXX object tools/clang/lib/Frontend/CMakeFiles/obj.clangFrontend.dir/FrontendActions.cpp.o
[1643/5247][ 31%][181.634s] Building CXX object tools/clang/lib/Frontend/CMakeFiles/obj.clangFrontend.dir/PrecompiledPreamble.cpp.o
[1644/5247][ 31%][181.696s] Building CXX object tools/clang/lib/Frontend/CMakeFiles/obj.clangFrontend.dir/VerifyDiagnosticConsumer.cpp.o
[1645/5247][ 31%][181.841s] Building CXX object tools/clang/lib/Format/CMakeFiles/obj.clangFormat.dir/FormatToken.cpp.o
[1646/5247][ 31%][182.006s] Building CXX object tools/clang/lib/Serialization/CMakeFiles/obj.clangSerialization.dir/ASTWriter.cpp.o
[1647/5247][ 31%][182.007s] Building CXX object tools/clang/lib/Format/CMakeFiles/obj.clangFormat.dir/DefinitionBlockSeparator.cpp.o
[1648/5247][ 31%][182.419s] Building CXX object tools/clang/lib/Frontend/CMakeFiles/obj.clangFrontend.dir/TestModuleFileExtension.cpp.o
[1649/5247][ 31%][182.487s] Building CXX object tools/clang/lib/Format/CMakeFiles/obj.clangFormat.dir/ContinuationIndenter.cpp.o
[1650/5247][ 31%][182.584s] Building CXX object tools/clang/lib/Format/CMakeFiles/obj.clangFormat.dir/IntegerLiteralSeparatorFixer.cpp.o
[1651/5247][ 31%][182.693s] Building CXX object tools/clang/lib/Serialization/CMakeFiles/obj.clangSerialization.dir/ASTReader.cpp.o
[1652/5247][ 31%][182.777s] Linking CXX static library lib/libclangSerialization.a
[1653/5247][ 31%][182.787s] Building CXX object tools/clang/lib/Format/CMakeFiles/obj.clangFormat.dir/MacroCallReconstructor.cpp.o
[1654/5247][ 31%][182.920s] Building CXX object tools/clang/lib/Format/CMakeFiles/obj.clangFormat.dir/FormatTokenLexer.cpp.o
[1655/5247][ 31%][182.992s] Building CXX object tools/clang/lib/Format/CMakeFiles/obj.clangFormat.dir/NamespaceEndCommentsFixer.cpp.o
[1656/5247][ 31%][183.321s] Building CXX object tools/clang/lib/Format/CMakeFiles/obj.clangFormat.dir/MacroExpander.cpp.o
[1657/5247][ 31%][183.443s] Building CXX object tools/clang/lib/Format/CMakeFiles/obj.clangFormat.dir/QualifierAlignmentFixer.cpp.o
[1658/5247][ 31%][183.498s] Building CXX object tools/clang/lib/Format/CMakeFiles/obj.clangFormat.dir/TokenAnalyzer.cpp.o
[1659/5247][ 31%][183.672s] Building CXX object tools/clang/lib/Format/CMakeFiles/obj.clangFormat.dir/SortJavaScriptImports.cpp.o
[1660/5247][ 31%][184.002s] Building CXX object tools/clang/lib/Format/CMakeFiles/obj.clangFormat.dir/UnwrappedLineFormatter.cpp.o
[1661/5247][ 31%][184.058s] Building CXX object tools/clang/lib/Index/CMakeFiles/obj.clangIndex.dir/IndexDataStoreUtils.cpp.o
[1662/5247][ 31%][184.280s] Building CXX object tools/clang/lib/Format/CMakeFiles/obj.clangFormat.dir/UsingDeclarationsSorter.cpp.o
[1663/5247][ 31%][184.743s] Building CXX object tools/clang/lib/Format/CMakeFiles/obj.clangFormat.dir/TokenAnnotator.cpp.o
[1664/5247][ 31%][184.867s] Building CXX object tools/clang/lib/Format/CMakeFiles/obj.clangFormat.dir/WhitespaceManager.cpp.o
[1665/5247][ 31%][185.029s] Building CXX object tools/clang/lib/Format/CMakeFiles/obj.clangFormat.dir/UnwrappedLineParser.cpp.o
[1666/5247][ 31%][185.082s] Building CXX object tools/clang/lib/Index/CMakeFiles/obj.clangIndex.dir/CommentToXML.cpp.o
[1667/5247][ 31%][185.092s] Building CXX object tools/clang/lib/Index/CMakeFiles/obj.clangIndex.dir/FileIndexRecord.cpp.o
[1668/5247][ 31%][185.256s] Building CXX object tools/clang/lib/Index/CMakeFiles/obj.clangIndex.dir/ClangIndexRecordWriter.cpp.o
[1669/5247][ 31%][185.370s] Building CXX object tools/clang/lib/Format/CMakeFiles/obj.clangFormat.dir/Format.cpp.o
[1670/5247][ 31%][186.033s] Building CXX object tools/clang/lib/Index/CMakeFiles/obj.clangIndex.dir/IndexRecordWriter.cpp.o
[1671/5247][ 31%][186.070s] Linking CXX static library lib/libclangFormat.a
[1672/5247][ 31%][186.268s] Building CXX object tools/clang/lib/Index/CMakeFiles/obj.clangIndex.dir/IndexingContext.cpp.o
[1673/5247][ 31%][186.327s] Building CXX object tools/clang/lib/Index/CMakeFiles/obj.clangIndex.dir/IndexDecl.cpp.o
[1674/5247][ 31%][186.343s] Building CXX object tools/clang/lib/Frontend/CMakeFiles/obj.clangFrontend.dir/CompilerInvocation.cpp.o
[1675/5247][ 31%][186.462s] Building CXX object tools/clang/lib/Index/CMakeFiles/obj.clangIndex.dir/IndexRecordHasher.cpp.o
[1676/5247][ 31%][186.526s] Building CXX object tools/clang/lib/Index/CMakeFiles/obj.clangIndex.dir/IndexSymbol.cpp.o
[1677/5247][ 31%][186.979s] Building CXX object tools/clang/lib/Index/CMakeFiles/obj.clangIndex.dir/IndexUnitWriter.cpp.o
[1678/5247][ 31%][186.988s] Building CXX object tools/clang/lib/Tooling/Syntax/CMakeFiles/obj.clangToolingSyntax.dir/Nodes.cpp.o
[1679/5247][ 31%][187.267s] Building CXX object tools/clang/lib/Frontend/CMakeFiles/obj.clangFrontend.dir/InterfaceStubFunctionsConsumer.cpp.o
[1680/5247][ 32%][187.388s] Linking CXX static library lib/libclangFrontend.a
[1681/5247][ 32%][187.458s] Building CXX object tools/clang/lib/Tooling/Syntax/CMakeFiles/obj.clangToolingSyntax.dir/TokenBufferTokenManager.cpp.o
[1682/5247][ 32%][187.558s] Building CXX object tools/clang/lib/Tooling/Syntax/CMakeFiles/obj.clangToolingSyntax.dir/Mutations.cpp.o
[1683/5247][ 32%][187.567s] Building CXX object tools/clang/lib/Tooling/Syntax/CMakeFiles/obj.clangToolingSyntax.dir/ComputeReplacements.cpp.o
[1684/5247][ 32%][187.644s] Building CXX object tools/clang/lib/StaticAnalyzer/Core/CMakeFiles/obj.clangStaticAnalyzerCore.dir/APSIntType.cpp.o
[1685/5247][ 32%][187.928s] Building CXX object tools/clang/lib/Tooling/Syntax/CMakeFiles/obj.clangToolingSyntax.dir/Tree.cpp.o
[1686/5247][ 32%][188.180s] Building CXX object tools/clang/lib/Tooling/Syntax/CMakeFiles/obj.clangToolingSyntax.dir/Synthesis.cpp.o
[1687/5247][ 32%][188.359s] Building CXX object tools/clang/lib/Index/CMakeFiles/obj.clangIndex.dir/IndexRecordReader.cpp.o
[1688/5247][ 32%][188.421s] Building CXX object tools/clang/lib/StaticAnalyzer/Core/CMakeFiles/obj.clangStaticAnalyzerCore.dir/BlockCounter.cpp.o
[1689/5247][ 32%][188.475s] Building CXX object tools/clang/lib/Index/CMakeFiles/obj.clangIndex.dir/IndexUnitReader.cpp.o
[1690/5247][ 32%][188.492s] Building CXX object tools/clang/lib/Index/CMakeFiles/obj.clangIndex.dir/USRGeneration.cpp.o
[1691/5247][ 32%][188.645s] Building CXX object tools/clang/lib/Index/CMakeFiles/obj.clangIndex.dir/IndexingAction.cpp.o
[1692/5247][ 32%][188.910s] Building CXX object tools/clang/lib/Index/CMakeFiles/obj.clangIndex.dir/IndexBody.cpp.o
[1693/5247][ 32%][188.966s] Building CXX object tools/clang/lib/Tooling/Syntax/CMakeFiles/obj.clangToolingSyntax.dir/Tokens.cpp.o
[1694/5247][ 32%][189.333s] Building CXX object tools/clang/lib/StaticAnalyzer/Core/CMakeFiles/obj.clangStaticAnalyzerCore.dir/BasicValueFactory.cpp.o
[1695/5247][ 32%][189.418s] Building CXX object tools/clang/lib/StaticAnalyzer/Core/CMakeFiles/obj.clangStaticAnalyzerCore.dir/AnalyzerOptions.cpp.o
[1696/5247][ 32%][189.775s] Building CXX object tools/clang/lib/CrossTU/CMakeFiles/obj.clangCrossTU.dir/CrossTranslationUnit.cpp.o
[1697/5247][ 32%][189.814s] Building CXX object tools/clang/lib/StaticAnalyzer/Core/CMakeFiles/obj.clangStaticAnalyzerCore.dir/CommonBugCategories.cpp.o
[1698/5247][ 32%][189.924s] Building CXX object tools/clang/lib/Index/CMakeFiles/obj.clangIndex.dir/IndexTypeSourceInfo.cpp.o
[1699/5247][ 32%][190.002s] Linking CXX static library lib/libclangIndex.a
[1700/5247][ 32%][190.046s] Linking CXX static library lib/libclangCrossTU.a
[1701/5247][ 32%][190.175s] Building CXX object tools/clang/lib/StaticAnalyzer/Core/CMakeFiles/obj.clangStaticAnalyzerCore.dir/AnalysisManager.cpp.o
[1702/5247][ 32%][190.221s] Building CXX object tools/clang/lib/StaticAnalyzer/Core/CMakeFiles/obj.clangStaticAnalyzerCore.dir/Checker.cpp.o
[1703/5247][ 32%][190.709s] Building CXX object tools/clang/lib/StaticAnalyzer/Core/CMakeFiles/obj.clangStaticAnalyzerCore.dir/CheckerHelpers.cpp.o
[1704/5247][ 32%][191.054s] Building CXX object tools/clang/lib/StaticAnalyzer/Core/CMakeFiles/obj.clangStaticAnalyzerCore.dir/CheckerRegistryData.cpp.o
[1705/5247][ 32%][191.195s] Building CXX object tools/clang/lib/StaticAnalyzer/Core/CMakeFiles/obj.clangStaticAnalyzerCore.dir/CallDescription.cpp.o
[1706/5247][ 32%][191.361s] Building CXX object tools/clang/lib/StaticAnalyzer/Core/CMakeFiles/obj.clangStaticAnalyzerCore.dir/ConstraintManager.cpp.o
[1707/5247][ 32%][191.747s] Building CXX object tools/clang/lib/StaticAnalyzer/Core/CMakeFiles/obj.clangStaticAnalyzerCore.dir/CheckerContext.cpp.o
[1708/5247][ 32%][191.887s] Building CXX object tools/clang/lib/StaticAnalyzer/Core/CMakeFiles/obj.clangStaticAnalyzerCore.dir/DynamicExtent.cpp.o
[1709/5247][ 32%][192.233s] Building CXX object tools/clang/lib/StaticAnalyzer/Core/CMakeFiles/obj.clangStaticAnalyzerCore.dir/CallEvent.cpp.o
[1710/5247][ 32%][192.777s] Building CXX object tools/clang/lib/StaticAnalyzer/Core/CMakeFiles/obj.clangStaticAnalyzerCore.dir/CheckerManager.cpp.o
[1711/5247][ 32%][193.001s] Building CXX object tools/clang/lib/StaticAnalyzer/Core/CMakeFiles/obj.clangStaticAnalyzerCore.dir/Environment.cpp.o
[1712/5247][ 32%][193.085s] Building CXX object tools/clang/lib/StaticAnalyzer/Core/CMakeFiles/obj.clangStaticAnalyzerCore.dir/DynamicType.cpp.o
[1713/5247][ 32%][193.087s] Building CXX object tools/clang/lib/StaticAnalyzer/Core/CMakeFiles/obj.clangStaticAnalyzerCore.dir/CoreEngine.cpp.o
[1714/5247][ 32%][193.293s] Building CXX object tools/clang/lib/Tooling/Syntax/CMakeFiles/obj.clangToolingSyntax.dir/BuildTree.cpp.o
[1715/5247][ 32%][193.416s] Building CXX object tools/clang/lib/StaticAnalyzer/Core/CMakeFiles/obj.clangStaticAnalyzerCore.dir/BugReporter.cpp.o
[1716/5247][ 32%][193.593s] Building CXX object tools/clang/lib/StaticAnalyzer/Core/CMakeFiles/obj.clangStaticAnalyzerCore.dir/FunctionSummary.cpp.o
[1717/5247][ 32%][193.994s] Building CXX object tools/clang/lib/StaticAnalyzer/Core/CMakeFiles/obj.clangStaticAnalyzerCore.dir/ExplodedGraph.cpp.o
[1718/5247][ 32%][194.466s] Building CXX object tools/clang/lib/StaticAnalyzer/Core/CMakeFiles/obj.clangStaticAnalyzerCore.dir/ExprEngineC.cpp.o
[1719/5247][ 32%][194.663s] Building CXX object tools/clang/lib/StaticAnalyzer/Core/CMakeFiles/obj.clangStaticAnalyzerCore.dir/BugSuppression.cpp.o
[1720/5247][ 32%][194.901s] Building CXX object tools/clang/lib/StaticAnalyzer/Core/CMakeFiles/obj.clangStaticAnalyzerCore.dir/BugReporterVisitors.cpp.o
[1721/5247][ 32%][195.109s] Building CXX object tools/clang/lib/StaticAnalyzer/Core/CMakeFiles/obj.clangStaticAnalyzerCore.dir/ExprEngineObjC.cpp.o
[1722/5247][ 32%][195.181s] Building CXX object tools/clang/lib/StaticAnalyzer/Core/CMakeFiles/obj.clangStaticAnalyzerCore.dir/ExprEngineCXX.cpp.o
[1723/5247][ 32%][195.483s] Building CXX object tools/clang/lib/StaticAnalyzer/Core/CMakeFiles/obj.clangStaticAnalyzerCore.dir/ExprEngineCallAndReturn.cpp.o
[1724/5247][ 32%][195.670s] Building CXX object tools/clang/lib/StaticAnalyzer/Core/CMakeFiles/obj.clangStaticAnalyzerCore.dir/HTMLDiagnostics.cpp.o
[1725/5247][ 32%][195.893s] Building CXX object tools/clang/lib/StaticAnalyzer/Core/CMakeFiles/obj.clangStaticAnalyzerCore.dir/LoopWidening.cpp.o
[1726/5247][ 32%][196.126s] Building CXX object tools/clang/lib/StaticAnalyzer/Core/CMakeFiles/obj.clangStaticAnalyzerCore.dir/PlistDiagnostics.cpp.o
[1727/5247][ 32%][196.130s] Building CXX object tools/clang/lib/StaticAnalyzer/Core/CMakeFiles/obj.clangStaticAnalyzerCore.dir/RangedConstraintManager.cpp.o
[1728/5247][ 32%][196.262s] Building CXX object tools/clang/lib/StaticAnalyzer/Core/CMakeFiles/obj.clangStaticAnalyzerCore.dir/MemRegion.cpp.o
[1729/5247][ 32%][196.657s] Building CXX object tools/clang/lib/StaticAnalyzer/Core/CMakeFiles/obj.clangStaticAnalyzerCore.dir/ExprEngine.cpp.o
[1730/5247][ 32%][196.687s] Building CXX object tools/clang/lib/StaticAnalyzer/Core/CMakeFiles/obj.clangStaticAnalyzerCore.dir/ProgramState.cpp.o
[1731/5247][ 32%][197.638s] Building CXX object tools/clang/lib/StaticAnalyzer/Core/CMakeFiles/obj.clangStaticAnalyzerCore.dir/SimpleConstraintManager.cpp.o
[1732/5247][ 33%][197.803s] Building CXX object tools/clang/lib/StaticAnalyzer/Core/CMakeFiles/obj.clangStaticAnalyzerCore.dir/SarifDiagnostics.cpp.o
[1733/5247][ 33%][198.080s] Building CXX object tools/clang/lib/StaticAnalyzer/Core/CMakeFiles/obj.clangStaticAnalyzerCore.dir/SymbolManager.cpp.o
[1734/5247][ 33%][198.158s] Building CXX object tools/clang/lib/StaticAnalyzer/Core/CMakeFiles/obj.clangStaticAnalyzerCore.dir/SMTConstraintManager.cpp.o
[1735/5247][ 33%][198.215s] Building CXX object tools/clang/lib/StaticAnalyzer/Core/CMakeFiles/obj.clangStaticAnalyzerCore.dir/SimpleSValBuilder.cpp.o
[1736/5247][ 33%][198.343s] Building CXX object tools/clang/lib/StaticAnalyzer/Core/CMakeFiles/obj.clangStaticAnalyzerCore.dir/LoopUnrolling.cpp.o
[1737/5247][ 33%][198.392s] Building CXX object tools/clang/lib/StaticAnalyzer/Core/CMakeFiles/obj.clangStaticAnalyzerCore.dir/SVals.cpp.o
[1738/5247][ 33%][198.560s] Building CXX object tools/clang/lib/StaticAnalyzer/Core/CMakeFiles/obj.clangStaticAnalyzerCore.dir/Store.cpp.o
[1739/5247][ 33%][198.780s] Building CXX object tools/clang/lib/StaticAnalyzer/Core/CMakeFiles/obj.clangStaticAnalyzerCore.dir/WorkList.cpp.o
[1740/5247][ 33%][198.838s] Building CXX object tools/clang/lib/StaticAnalyzer/Core/CMakeFiles/obj.clangStaticAnalyzerCore.dir/RangeConstraintManager.cpp.o
[1741/5247][ 33%][198.936s] Building CXX object tools/clang/lib/StaticAnalyzer/Core/CMakeFiles/obj.clangStaticAnalyzerCore.dir/SValBuilder.cpp.o
[1742/5247][ 33%][198.951s] Building CXX object tools/clang/lib/StaticAnalyzer/Core/CMakeFiles/obj.clangStaticAnalyzerCore.dir/TextDiagnostics.cpp.o
[1743/5247][ 33%][199.290s] Building CXX object tools/clang/lib/Tooling/Refactor/CMakeFiles/obj.clangToolingRefactor.dir/RefactoringActions.cpp.o
[1744/5247][ 33%][199.997s] Building CXX object tools/clang/lib/StaticAnalyzer/Core/CMakeFiles/obj.clangStaticAnalyzerCore.dir/RegionStore.cpp.o
[1745/5247][ 33%][199.999s] Building CXX object tools/clang/lib/Tooling/Refactor/CMakeFiles/obj.clangToolingRefactor.dir/FillInEnumSwitchCases.cpp.o
[1746/5247][ 33%][200.206s] Building CXX object tools/clang/lib/Tooling/Refactor/CMakeFiles/obj.clangToolingRefactor.dir/FillInMissingProtocolStubs.cpp.o
[1747/5247][ 33%][200.660s] Building CXX object tools/clang/lib/Tooling/Refactor/CMakeFiles/obj.clangToolingRefactor.dir/FillInMissingMethodStubsFromAbstractClasses.cpp.o
[1748/5247][ 33%][200.862s] Building CXX object tools/clang/lib/Tooling/Refactor/CMakeFiles/obj.clangToolingRefactor.dir/RefactoringOptions.cpp.o
[1749/5247][ 33%][200.885s] Building CXX object tools/clang/lib/Tooling/Refactor/CMakeFiles/obj.clangToolingRefactor.dir/LocalizeObjCStringLiteral.cpp.o
[1750/5247][ 33%][201.097s] Building CXX object tools/clang/lib/Tooling/Refactor/CMakeFiles/obj.clangToolingRefactor.dir/RenamingOperation.cpp.o
[1751/5247][ 33%][201.490s] Building CXX object tools/clang/lib/Tooling/Refactor/CMakeFiles/obj.clangToolingRefactor.dir/RefactoringActionFinder.cpp.o
[1752/5247][ 33%][201.603s] Building CXX object tools/clang/lib/Tooling/Refactor/CMakeFiles/obj.clangToolingRefactor.dir/IndexerQueries.cpp.o
[1753/5247][ 33%][201.734s] Building CXX object tools/clang/lib/Tooling/Refactor/CMakeFiles/obj.clangToolingRefactor.dir/RenamedSymbol.cpp.o
[1754/5247][ 33%][201.802s] Building CXX object tools/clang/lib/Tooling/Refactor/CMakeFiles/obj.clangToolingRefactor.dir/SourceLocationUtilities.cpp.o
[1755/5247][ 33%][202.036s] Building CXX object tools/clang/lib/Tooling/Refactor/CMakeFiles/obj.clangToolingRefactor.dir/ImplementDeclaredMethods.cpp.o
[1756/5247][ 33%][202.102s] Building CXX object tools/clang/lib/Tooling/Refactor/CMakeFiles/obj.clangToolingRefactor.dir/StmtUtils.cpp.o
[1757/5247][ 33%][202.283s] Building CXX object tools/clang/lib/Tooling/Refactor/CMakeFiles/obj.clangToolingRefactor.dir/RefactoringOperation.cpp.o
[1758/5247][ 33%][203.060s] Building CXX object tools/clang/lib/Tooling/Refactor/CMakeFiles/obj.clangToolingRefactor.dir/SymbolOperation.cpp.o
[1759/5247][ 33%][203.585s] Building CXX object tools/clang/lib/Tooling/Refactor/CMakeFiles/obj.clangToolingRefactor.dir/ASTSlice.cpp.o
[1760/5247][ 33%][203.713s] Building CXX object tools/clang/lib/Tooling/Refactoring/CMakeFiles/obj.clangToolingRefactoring.dir/ASTSelectionRequirements.cpp.o
[1761/5247][ 33%][203.789s] Building CXX object tools/clang/lib/Tooling/Refactor/CMakeFiles/obj.clangToolingRefactor.dir/ASTStateSerialization.cpp.o
[1762/5247][ 33%][204.061s] Building CXX object tools/clang/lib/Tooling/Refactor/CMakeFiles/obj.clangToolingRefactor.dir/IfSwitchConversion.cpp.o
[1763/5247][ 33%][204.379s] Building CXX object tools/clang/lib/Tooling/Refactor/CMakeFiles/obj.clangToolingRefactor.dir/RenameIndexedFile.cpp.o
[1764/5247][ 33%][205.018s] Building CXX object tools/clang/lib/Tooling/Refactoring/CMakeFiles/obj.clangToolingRefactoring.dir/Extract/SourceExtraction.cpp.o
[1765/5247][ 33%][205.435s] Building CXX object tools/clang/lib/Tooling/Refactor/CMakeFiles/obj.clangToolingRefactor.dir/ExtractRepeatedExpressionIntoVariable.cpp.o
[1766/5247][ 33%][205.462s] Building CXX object tools/clang/lib/Tooling/Refactoring/CMakeFiles/obj.clangToolingRefactoring.dir/Lookup.cpp.o
[1767/5247][ 33%][205.494s] Building CXX object tools/clang/lib/Tooling/Refactoring/CMakeFiles/obj.clangToolingRefactoring.dir/Extract/Extract.cpp.o
[1768/5247][ 33%][205.702s] Building CXX object tools/clang/lib/Tooling/Refactoring/CMakeFiles/obj.clangToolingRefactoring.dir/Rename/SymbolOccurrences.cpp.o
[1769/5247][ 33%][205.801s] Building CXX object tools/clang/lib/Tooling/Refactoring/CMakeFiles/obj.clangToolingRefactoring.dir/AtomicChange.cpp.o
[1770/5247][ 33%][205.870s] Linking CXX static library lib/libclangToolingSyntax.a
[1771/5247][ 33%][206.074s] Linking CXX static library lib/libclangStaticAnalyzerCore.a
[1772/5247][ 33%][206.473s] Building CXX object tools/clang/lib/Tooling/Refactoring/CMakeFiles/obj.clangToolingRefactoring.dir/SymbolName.cpp.o
[1773/5247][ 33%][206.686s] Building CXX object tools/clang/lib/Tooling/Refactor/CMakeFiles/obj.clangToolingRefactor.dir/ExtractionUtils.cpp.o
[1774/5247][ 33%][206.761s] Building CXX object tools/clang/lib/Tooling/Refactoring/CMakeFiles/obj.clangToolingRefactoring.dir/RefactoringActions.cpp.o
[1775/5247][ 33%][206.994s] Building CXX object tools/clang/lib/Tooling/Refactor/CMakeFiles/obj.clangToolingRefactor.dir/TypeUtils.cpp.o
[1776/5247][ 33%][207.478s] Building CXX object tools/clang/lib/Tooling/Refactoring/CMakeFiles/obj.clangToolingRefactoring.dir/Rename/RenamingAction.cpp.o
[1777/5247][ 33%][207.632s] Building CXX object tools/clang/lib/Tooling/Refactoring/CMakeFiles/obj.clangToolingRefactoring.dir/ASTSelection.cpp.o
[1778/5247][ 33%][207.847s] Building CXX object tools/clang/lib/Tooling/Refactor/CMakeFiles/obj.clangToolingRefactor.dir/SymbolOccurrenceFinder.cpp.o
[1779/5247][ 33%][207.911s] Building CXX object tools/clang/lib/Tooling/Refactor/CMakeFiles/obj.clangToolingRefactor.dir/SymbolUSRFinder.cpp.o
[1780/5247][ 33%][208.449s] Building CXX object tools/clang/lib/Tooling/Refactor/CMakeFiles/obj.clangToolingRefactor.dir/USRFinder.cpp.o
[1781/5247][ 33%][208.837s] Building CXX object tools/clang/lib/StaticAnalyzer/Checkers/CMakeFiles/obj.clangStaticAnalyzerCheckers.dir/AnalysisOrderChecker.cpp.o
[1782/5247][ 33%][209.007s] Building CXX object tools/clang/lib/StaticAnalyzer/Checkers/CMakeFiles/obj.clangStaticAnalyzerCheckers.dir/AnalyzerStatsChecker.cpp.o
[1783/5247][ 33%][209.378s] Building CXX object tools/clang/lib/StaticAnalyzer/Checkers/CMakeFiles/obj.clangStaticAnalyzerCheckers.dir/ArrayBoundChecker.cpp.o
[1784/5247][ 34%][209.682s] Building CXX object tools/clang/lib/StaticAnalyzer/Checkers/CMakeFiles/obj.clangStaticAnalyzerCheckers.dir/ArrayBoundCheckerV2.cpp.o
[1785/5247][ 34%][210.351s] Building CXX object tools/clang/lib/StaticAnalyzer/Checkers/CMakeFiles/obj.clangStaticAnalyzerCheckers.dir/BoolAssignmentChecker.cpp.o
[1786/5247][ 34%][210.362s] Building CXX object tools/clang/lib/StaticAnalyzer/Checkers/CMakeFiles/obj.clangStaticAnalyzerCheckers.dir/BlockInCriticalSectionChecker.cpp.o
[1787/5247][ 34%][210.625s] Building CXX object tools/clang/lib/StaticAnalyzer/Checkers/CMakeFiles/obj.clangStaticAnalyzerCheckers.dir/BuiltinFunctionChecker.cpp.o
[1788/5247][ 34%][210.826s] Building CXX object tools/clang/lib/StaticAnalyzer/Checkers/CMakeFiles/obj.clangStaticAnalyzerCheckers.dir/BasicObjCFoundationChecks.cpp.o
[1789/5247][ 34%][211.555s] Building CXX object tools/clang/lib/StaticAnalyzer/Checkers/CMakeFiles/obj.clangStaticAnalyzerCheckers.dir/CStringSyntaxChecker.cpp.o
[1790/5247][ 34%][211.803s] Building CXX object tools/clang/lib/StaticAnalyzer/Checkers/CMakeFiles/obj.clangStaticAnalyzerCheckers.dir/CastSizeChecker.cpp.o
[1791/5247][ 34%][211.992s] Building CXX object tools/clang/lib/StaticAnalyzer/Checkers/CMakeFiles/obj.clangStaticAnalyzerCheckers.dir/CallAndMessageChecker.cpp.o
[1792/5247][ 34%][212.015s] Building CXX object tools/clang/lib/Tooling/Refactoring/CMakeFiles/obj.clangToolingRefactoring.dir/Rename/USRFindingAction.cpp.o
[1793/5247][ 34%][212.036s] Building CXX object tools/clang/lib/StaticAnalyzer/Checkers/CMakeFiles/obj.clangStaticAnalyzerCheckers.dir/CStringChecker.cpp.o
[1794/5247][ 34%][212.276s] Building CXX object tools/clang/lib/Tooling/Refactoring/CMakeFiles/obj.clangToolingRefactoring.dir/Rename/USRFinder.cpp.o
[1795/5247][ 34%][212.881s] Building CXX object tools/clang/lib/StaticAnalyzer/Checkers/CMakeFiles/obj.clangStaticAnalyzerCheckers.dir/CastValueChecker.cpp.o
[1796/5247][ 34%][212.917s] Building CXX object tools/clang/lib/StaticAnalyzer/Checkers/CMakeFiles/obj.clangStaticAnalyzerCheckers.dir/CheckObjCInstMethSignature.cpp.o
[1797/5247][ 34%][213.154s] Building CXX object tools/clang/lib/Tooling/Refactoring/CMakeFiles/obj.clangToolingRefactoring.dir/Rename/USRLocFinder.cpp.o
[1798/5247][ 34%][213.437s] Building CXX object tools/clang/lib/StaticAnalyzer/Checkers/CMakeFiles/obj.clangStaticAnalyzerCheckers.dir/CheckPlacementNew.cpp.o
[1799/5247][ 34%][213.756s] Building CXX object tools/clang/lib/StaticAnalyzer/Checkers/CMakeFiles/obj.clangStaticAnalyzerCheckers.dir/CheckObjCDealloc.cpp.o
[1800/5247][ 34%][213.911s] Building CXX object tools/clang/lib/StaticAnalyzer/Checkers/CMakeFiles/obj.clangStaticAnalyzerCheckers.dir/CheckSecuritySyntaxOnly.cpp.o
[1801/5247][ 34%][214.381s] Building CXX object tools/clang/lib/StaticAnalyzer/Checkers/CMakeFiles/obj.clangStaticAnalyzerCheckers.dir/CheckSizeofPointer.cpp.o
[1802/5247][ 34%][214.387s] Building CXX object tools/clang/lib/StaticAnalyzer/Checkers/CMakeFiles/obj.clangStaticAnalyzerCheckers.dir/CheckerDocumentation.cpp.o
[1803/5247][ 34%][214.661s] Building CXX object tools/clang/lib/StaticAnalyzer/Checkers/CMakeFiles/obj.clangStaticAnalyzerCheckers.dir/ChrootChecker.cpp.o
[1804/5247][ 34%][215.041s] Building CXX object tools/clang/lib/StaticAnalyzer/Checkers/CMakeFiles/obj.clangStaticAnalyzerCheckers.dir/ConversionChecker.cpp.o
[1805/5247][ 34%][215.180s] Building CXX object tools/clang/lib/StaticAnalyzer/Checkers/CMakeFiles/obj.clangStaticAnalyzerCheckers.dir/CloneChecker.cpp.o
[1806/5247][ 34%][215.645s] Building CXX object tools/clang/lib/StaticAnalyzer/Checkers/CMakeFiles/obj.clangStaticAnalyzerCheckers.dir/CXXSelfAssignmentChecker.cpp.o
[1807/5247][ 34%][215.725s] Building CXX object tools/clang/lib/StaticAnalyzer/Checkers/CMakeFiles/obj.clangStaticAnalyzerCheckers.dir/CastToStructChecker.cpp.o
[1808/5247][ 34%][216.142s] Building CXX object tools/clang/lib/StaticAnalyzer/Checkers/CMakeFiles/obj.clangStaticAnalyzerCheckers.dir/ContainerModeling.cpp.o
[1809/5247][ 34%][216.423s] Building CXX object tools/clang/lib/StaticAnalyzer/Checkers/CMakeFiles/obj.clangStaticAnalyzerCheckers.dir/DebugContainerModeling.cpp.o
[1810/5247][ 34%][216.772s] Building CXX object tools/clang/lib/StaticAnalyzer/Checkers/CMakeFiles/obj.clangStaticAnalyzerCheckers.dir/DebugIteratorModeling.cpp.o
[1811/5247][ 34%][216.797s] Building CXX object tools/clang/lib/StaticAnalyzer/Checkers/CMakeFiles/obj.clangStaticAnalyzerCheckers.dir/DeleteWithNonVirtualDtorChecker.cpp.o
[1812/5247][ 34%][217.316s] Building CXX object tools/clang/lib/StaticAnalyzer/Checkers/CMakeFiles/obj.clangStaticAnalyzerCheckers.dir/DivZeroChecker.cpp.o
[1813/5247][ 34%][217.351s] Building CXX object tools/clang/lib/StaticAnalyzer/Checkers/CMakeFiles/obj.clangStaticAnalyzerCheckers.dir/DirectIvarAssignment.cpp.o
[1814/5247][ 34%][217.443s] Building CXX object tools/clang/lib/StaticAnalyzer/Checkers/CMakeFiles/obj.clangStaticAnalyzerCheckers.dir/DereferenceChecker.cpp.o
[1815/5247][ 34%][218.085s] Building CXX object tools/clang/lib/StaticAnalyzer/Checkers/CMakeFiles/obj.clangStaticAnalyzerCheckers.dir/DynamicTypeChecker.cpp.o
[1816/5247][ 34%][218.316s] Building CXX object tools/clang/lib/StaticAnalyzer/Checkers/CMakeFiles/obj.clangStaticAnalyzerCheckers.dir/EnumCastOutOfRangeChecker.cpp.o
[1817/5247][ 34%][218.546s] Building CXX object tools/clang/lib/StaticAnalyzer/Checkers/CMakeFiles/obj.clangStaticAnalyzerCheckers.dir/ErrnoChecker.cpp.o
[1818/5247][ 34%][219.163s] Building CXX object tools/clang/lib/StaticAnalyzer/Checkers/CMakeFiles/obj.clangStaticAnalyzerCheckers.dir/ErrnoModeling.cpp.o
[1819/5247][ 34%][219.270s] Building CXX object tools/clang/lib/StaticAnalyzer/Checkers/CMakeFiles/obj.clangStaticAnalyzerCheckers.dir/ErrnoTesterChecker.cpp.o
[1820/5247][ 34%][219.332s] Building CXX object tools/clang/lib/StaticAnalyzer/Checkers/CMakeFiles/obj.clangStaticAnalyzerCheckers.dir/DeadStoresChecker.cpp.o
[1821/5247][ 34%][219.406s] Building CXX object tools/clang/lib/StaticAnalyzer/Checkers/CMakeFiles/obj.clangStaticAnalyzerCheckers.dir/FixedAddressChecker.cpp.o
[1822/5247][ 34%][219.693s] Building CXX object tools/clang/lib/StaticAnalyzer/Checkers/CMakeFiles/obj.clangStaticAnalyzerCheckers.dir/DebugCheckers.cpp.o
[1823/5247][ 34%][220.700s] Building CXX object tools/clang/lib/StaticAnalyzer/Checkers/CMakeFiles/obj.clangStaticAnalyzerCheckers.dir/ExprInspectionChecker.cpp.o
[1824/5247][ 34%][220.950s] Building CXX object tools/clang/lib/StaticAnalyzer/Checkers/CMakeFiles/obj.clangStaticAnalyzerCheckers.dir/GTestChecker.cpp.o
[1825/5247][ 34%][221.003s] Building CXX object tools/clang/lib/StaticAnalyzer/Checkers/CMakeFiles/obj.clangStaticAnalyzerCheckers.dir/FuchsiaHandleChecker.cpp.o
[1826/5247][ 34%][221.373s] Building CXX object tools/clang/lib/StaticAnalyzer/Checkers/CMakeFiles/obj.clangStaticAnalyzerCheckers.dir/Iterator.cpp.o
[1827/5247][ 34%][221.685s] Building CXX object tools/clang/lib/StaticAnalyzer/Checkers/CMakeFiles/obj.clangStaticAnalyzerCheckers.dir/InnerPointerChecker.cpp.o
[1828/5247][ 34%][221.744s] Building CXX object tools/clang/lib/StaticAnalyzer/Checkers/CMakeFiles/obj.clangStaticAnalyzerCheckers.dir/GCDAntipatternChecker.cpp.o
[1829/5247][ 34%][221.759s] Building CXX object tools/clang/lib/StaticAnalyzer/Checkers/CMakeFiles/obj.clangStaticAnalyzerCheckers.dir/DynamicTypePropagation.cpp.o
[1830/5247][ 34%][221.845s] Building CXX object tools/clang/lib/StaticAnalyzer/Checkers/CMakeFiles/obj.clangStaticAnalyzerCheckers.dir/InvalidatedIteratorChecker.cpp.o
[1831/5247][ 34%][222.592s] Building CXX object tools/clang/lib/StaticAnalyzer/Checkers/CMakeFiles/obj.clangStaticAnalyzerCheckers.dir/cert/InvalidPtrChecker.cpp.o
[1832/5247][ 34%][222.729s] Building CXX object tools/clang/lib/StaticAnalyzer/Checkers/CMakeFiles/obj.clangStaticAnalyzerCheckers.dir/IteratorRangeChecker.cpp.o
[1833/5247][ 34%][222.755s] Building CXX object tools/clang/lib/StaticAnalyzer/Checkers/CMakeFiles/obj.clangStaticAnalyzerCheckers.dir/IteratorModeling.cpp.o
[1834/5247][ 34%][223.456s] Building CXX object tools/clang/lib/StaticAnalyzer/Checkers/CMakeFiles/obj.clangStaticAnalyzerCheckers.dir/GenericTaintChecker.cpp.o
[1835/5247][ 34%][224.010s] Building CXX object tools/clang/lib/StaticAnalyzer/Checkers/CMakeFiles/obj.clangStaticAnalyzerCheckers.dir/LLVMConventionsChecker.cpp.o
[1836/5247][ 34%][224.018s] Building CXX object tools/clang/lib/StaticAnalyzer/Checkers/CMakeFiles/obj.clangStaticAnalyzerCheckers.dir/IvarInvalidationChecker.cpp.o
[1837/5247][ 35%][224.571s] Building CXX object tools/clang/lib/StaticAnalyzer/Checkers/CMakeFiles/obj.clangStaticAnalyzerCheckers.dir/MacOSKeychainAPIChecker.cpp.o
[1838/5247][ 35%][224.621s] Building CXX object tools/clang/lib/StaticAnalyzer/Checkers/CMakeFiles/obj.clangStaticAnalyzerCheckers.dir/MacOSXAPIChecker.cpp.o
[1839/5247][ 35%][224.717s] Building CXX object tools/clang/lib/StaticAnalyzer/Checkers/CMakeFiles/obj.clangStaticAnalyzerCheckers.dir/IdenticalExprChecker.cpp.o
[1840/5247][ 35%][224.719s] Building CXX object tools/clang/lib/StaticAnalyzer/Checkers/CMakeFiles/obj.clangStaticAnalyzerCheckers.dir/MallocOverflowSecurityChecker.cpp.o
[1841/5247][ 35%][224.881s] Building CXX object tools/clang/lib/StaticAnalyzer/Checkers/CMakeFiles/obj.clangStaticAnalyzerCheckers.dir/MallocSizeofChecker.cpp.o
[1842/5247][ 35%][225.446s] Building CXX object tools/clang/lib/StaticAnalyzer/Checkers/CMakeFiles/obj.clangStaticAnalyzerCheckers.dir/MmapWriteExecChecker.cpp.o
[1843/5247][ 35%][225.504s] Building CXX object tools/clang/lib/StaticAnalyzer/Checkers/CMakeFiles/obj.clangStaticAnalyzerCheckers.dir/MismatchedIteratorChecker.cpp.o
[1844/5247][ 35%][226.304s] Building CXX object tools/clang/lib/Tooling/Refactor/CMakeFiles/obj.clangToolingRefactor.dir/Extract.cpp.o
[1845/5247][ 35%][226.532s] Building CXX object tools/clang/lib/StaticAnalyzer/Checkers/CMakeFiles/obj.clangStaticAnalyzerCheckers.dir/MIGChecker.cpp.o
[1846/5247][ 35%][226.642s] Building CXX object tools/clang/lib/StaticAnalyzer/Checkers/CMakeFiles/obj.clangStaticAnalyzerCheckers.dir/MoveChecker.cpp.o
[1847/5247][ 35%][227.194s] Building CXX object tools/clang/lib/StaticAnalyzer/Checkers/CMakeFiles/obj.clangStaticAnalyzerCheckers.dir/MPI-Checker/MPIBugReporter.cpp.o
[1848/5247][ 35%][227.404s] Building CXX object tools/clang/lib/StaticAnalyzer/Checkers/CMakeFiles/obj.clangStaticAnalyzerCheckers.dir/MPI-Checker/MPIFunctionClassifier.cpp.o
[1849/5247][ 35%][227.408s] Building CXX object tools/clang/lib/StaticAnalyzer/Checkers/CMakeFiles/obj.clangStaticAnalyzerCheckers.dir/NSAutoreleasePoolChecker.cpp.o
[1850/5247][ 35%][227.439s] Building CXX object tools/clang/lib/StaticAnalyzer/Checkers/CMakeFiles/obj.clangStaticAnalyzerCheckers.dir/MPI-Checker/MPIChecker.cpp.o
[1851/5247][ 35%][227.828s] Building CXX object tools/clang/lib/StaticAnalyzer/Checkers/CMakeFiles/obj.clangStaticAnalyzerCheckers.dir/NoReturnFunctionChecker.cpp.o
[1852/5247][ 35%][227.927s] Building CXX object tools/clang/lib/StaticAnalyzer/Checkers/CMakeFiles/obj.clangStaticAnalyzerCheckers.dir/MallocChecker.cpp.o
[1853/5247][ 35%][228.096s] Building CXX object tools/clang/lib/StaticAnalyzer/Checkers/CMakeFiles/obj.clangStaticAnalyzerCheckers.dir/NonNullParamChecker.cpp.o
[1854/5247][ 35%][228.173s] Building CXX object tools/clang/lib/StaticAnalyzer/Checkers/CMakeFiles/obj.clangStaticAnalyzerCheckers.dir/NSErrorChecker.cpp.o
[1855/5247][ 35%][228.279s] Building CXX object tools/clang/lib/StaticAnalyzer/Checkers/CMakeFiles/obj.clangStaticAnalyzerCheckers.dir/NonnullGlobalConstantsChecker.cpp.o
[1856/5247][ 35%][229.052s] Building CXX object tools/clang/lib/StaticAnalyzer/Checkers/CMakeFiles/obj.clangStaticAnalyzerCheckers.dir/LocalizationChecker.cpp.o
[1857/5247][ 35%][229.218s] Building CXX object tools/clang/lib/StaticAnalyzer/Checkers/CMakeFiles/obj.clangStaticAnalyzerCheckers.dir/NullabilityChecker.cpp.o
[1858/5247][ 35%][229.251s] Building CXX object tools/clang/lib/StaticAnalyzer/Checkers/CMakeFiles/obj.clangStaticAnalyzerCheckers.dir/ObjCAtSyncChecker.cpp.o
[1859/5247][ 35%][229.874s] Building CXX object tools/clang/lib/StaticAnalyzer/Checkers/CMakeFiles/obj.clangStaticAnalyzerCheckers.dir/ObjCPropertyChecker.cpp.o
[1860/5247][ 35%][229.978s] Building CXX object tools/clang/lib/StaticAnalyzer/Checkers/CMakeFiles/obj.clangStaticAnalyzerCheckers.dir/ObjCContainersASTChecker.cpp.o
[1861/5247][ 35%][230.443s] Building CXX object tools/clang/lib/StaticAnalyzer/Checkers/CMakeFiles/obj.clangStaticAnalyzerCheckers.dir/ObjCContainersChecker.cpp.o
[1862/5247][ 35%][230.760s] Building CXX object tools/clang/lib/StaticAnalyzer/Checkers/CMakeFiles/obj.clangStaticAnalyzerCheckers.dir/ObjCUnusedIVarsChecker.cpp.o
[1863/5247][ 35%][230.801s] Building CXX object tools/clang/lib/StaticAnalyzer/Checkers/CMakeFiles/obj.clangStaticAnalyzerCheckers.dir/ObjCSuperDeallocChecker.cpp.o
[1864/5247][ 35%][230.844s] Building CXX object tools/clang/lib/StaticAnalyzer/Checkers/CMakeFiles/obj.clangStaticAnalyzerCheckers.dir/ObjCSelfInitChecker.cpp.o
[1865/5247][ 35%][231.115s] Building CXX object tools/clang/lib/StaticAnalyzer/Checkers/CMakeFiles/obj.clangStaticAnalyzerCheckers.dir/NumberObjectConversionChecker.cpp.o
[1866/5247][ 35%][231.258s] Building CXX object tools/clang/lib/StaticAnalyzer/Checkers/CMakeFiles/obj.clangStaticAnalyzerCheckers.dir/ObjCAutoreleaseWriteChecker.cpp.o
[1867/5247][ 35%][231.952s] Building CXX object tools/clang/lib/StaticAnalyzer/Checkers/CMakeFiles/obj.clangStaticAnalyzerCheckers.dir/PointerArithChecker.cpp.o
[1868/5247][ 35%][232.000s] Building CXX object tools/clang/lib/StaticAnalyzer/Checkers/CMakeFiles/obj.clangStaticAnalyzerCheckers.dir/OSObjectCStyleCast.cpp.o
[1869/5247][ 35%][232.508s] Building CXX object tools/clang/lib/StaticAnalyzer/Checkers/CMakeFiles/obj.clangStaticAnalyzerCheckers.dir/PointerSubChecker.cpp.o
[1870/5247][ 35%][233.111s] Building CXX object tools/clang/lib/StaticAnalyzer/Checkers/CMakeFiles/obj.clangStaticAnalyzerCheckers.dir/PointerSortingChecker.cpp.o
[1871/5247][ 35%][233.117s] Building CXX object tools/clang/lib/StaticAnalyzer/Checkers/CMakeFiles/obj.clangStaticAnalyzerCheckers.dir/PointerIterationChecker.cpp.o
[1872/5247][ 35%][233.223s] Building CXX object tools/clang/lib/StaticAnalyzer/Checkers/CMakeFiles/obj.clangStaticAnalyzerCheckers.dir/cert/PutenvWithAutoChecker.cpp.o
[1873/5247][ 35%][233.538s] Building CXX object tools/clang/lib/StaticAnalyzer/Checkers/CMakeFiles/obj.clangStaticAnalyzerCheckers.dir/PthreadLockChecker.cpp.o
[1874/5247][ 35%][233.539s] Building CXX object tools/clang/lib/StaticAnalyzer/Checkers/CMakeFiles/obj.clangStaticAnalyzerCheckers.dir/ReturnPointerRangeChecker.cpp.o
[1875/5247][ 35%][233.588s] Building CXX object tools/clang/lib/StaticAnalyzer/Checkers/CMakeFiles/obj.clangStaticAnalyzerCheckers.dir/ObjCMissingSuperCallChecker.cpp.o
[1876/5247][ 35%][233.837s] Building CXX object tools/clang/lib/StaticAnalyzer/Checkers/CMakeFiles/obj.clangStaticAnalyzerCheckers.dir/ReturnUndefChecker.cpp.o
[1877/5247][ 35%][234.038s] Building CXX object tools/clang/lib/StaticAnalyzer/Checkers/CMakeFiles/obj.clangStaticAnalyzerCheckers.dir/RetainCountChecker/RetainCountDiagnostics.cpp.o
[1878/5247][ 35%][234.401s] Building CXX object tools/clang/lib/StaticAnalyzer/Checkers/CMakeFiles/obj.clangStaticAnalyzerCheckers.dir/RetainCountChecker/RetainCountChecker.cpp.o
[1879/5247][ 35%][234.551s] Building CXX object tools/clang/lib/StaticAnalyzer/Checkers/CMakeFiles/obj.clangStaticAnalyzerCheckers.dir/ReturnValueChecker.cpp.o
[1880/5247][ 35%][234.629s] Building CXX object tools/clang/lib/StaticAnalyzer/Checkers/CMakeFiles/obj.clangStaticAnalyzerCheckers.dir/PaddingChecker.cpp.o
[1881/5247][ 35%][234.901s] Building CXX object tools/clang/lib/StaticAnalyzer/Checkers/CMakeFiles/obj.clangStaticAnalyzerCheckers.dir/SimpleStreamChecker.cpp.o
[1882/5247][ 35%][235.387s] Building CXX object tools/clang/lib/StaticAnalyzer/Checkers/CMakeFiles/obj.clangStaticAnalyzerCheckers.dir/SmartPtrChecker.cpp.o
[1883/5247][ 35%][235.855s] Building CXX object tools/clang/lib/StaticAnalyzer/Checkers/CMakeFiles/obj.clangStaticAnalyzerCheckers.dir/RunLoopAutoreleaseLeakChecker.cpp.o
[1884/5247][ 35%][236.076s] Building CXX object tools/clang/lib/StaticAnalyzer/Checkers/CMakeFiles/obj.clangStaticAnalyzerCheckers.dir/StackAddrEscapeChecker.cpp.o
[1885/5247][ 35%][236.432s] Building CXX object tools/clang/lib/StaticAnalyzer/Checkers/CMakeFiles/obj.clangStaticAnalyzerCheckers.dir/STLAlgorithmModeling.cpp.o
[1886/5247][ 35%][236.437s] Building CXX object tools/clang/lib/StaticAnalyzer/Checkers/CMakeFiles/obj.clangStaticAnalyzerCheckers.dir/StringChecker.cpp.o
[1887/5247][ 35%][236.726s] Building CXX object tools/clang/lib/StaticAnalyzer/Checkers/CMakeFiles/obj.clangStaticAnalyzerCheckers.dir/TaintTesterChecker.cpp.o
[1888/5247][ 35%][237.030s] Building CXX object tools/clang/lib/StaticAnalyzer/Checkers/CMakeFiles/obj.clangStaticAnalyzerCheckers.dir/Taint.cpp.o
[1889/5247][ 36%][237.133s] Building CXX object tools/clang/lib/StaticAnalyzer/Checkers/CMakeFiles/obj.clangStaticAnalyzerCheckers.dir/SmartPtrModeling.cpp.o
[1890/5247][ 36%][237.440s] Building CXX object tools/clang/lib/StaticAnalyzer/Checkers/CMakeFiles/obj.clangStaticAnalyzerCheckers.dir/TestAfterDivZeroChecker.cpp.o
[1891/5247][ 36%][237.453s] Building CXX object tools/clang/lib/StaticAnalyzer/Checkers/CMakeFiles/obj.clangStaticAnalyzerCheckers.dir/TraversalChecker.cpp.o
[1892/5247][ 36%][237.510s] Building CXX object tools/clang/lib/StaticAnalyzer/Checkers/CMakeFiles/obj.clangStaticAnalyzerCheckers.dir/StreamChecker.cpp.o
[1893/5247][ 36%][237.927s] Building CXX object tools/clang/lib/StaticAnalyzer/Checkers/CMakeFiles/obj.clangStaticAnalyzerCheckers.dir/TrustReturnsNonnullChecker.cpp.o
[1894/5247][ 36%][237.991s] Building CXX object tools/clang/lib/StaticAnalyzer/Checkers/CMakeFiles/obj.clangStaticAnalyzerCheckers.dir/TrustNonnullChecker.cpp.o
[1895/5247][ 36%][238.254s] Building CXX object tools/clang/lib/StaticAnalyzer/Checkers/CMakeFiles/obj.clangStaticAnalyzerCheckers.dir/UndefBranchChecker.cpp.o
[1896/5247][ 36%][238.854s] Building CXX object tools/clang/lib/StaticAnalyzer/Checkers/CMakeFiles/obj.clangStaticAnalyzerCheckers.dir/UndefCapturedBlockVarChecker.cpp.o
[1897/5247][ 36%][238.877s] Building CXX object tools/clang/lib/StaticAnalyzer/Checkers/CMakeFiles/obj.clangStaticAnalyzerCheckers.dir/UndefResultChecker.cpp.o
[1898/5247][ 36%][239.050s] Building CXX object tools/clang/lib/StaticAnalyzer/Checkers/CMakeFiles/obj.clangStaticAnalyzerCheckers.dir/UndefinedArraySubscriptChecker.cpp.o
[1899/5247][ 36%][239.085s] Building CXX object tools/clang/lib/StaticAnalyzer/Checkers/CMakeFiles/obj.clangStaticAnalyzerCheckers.dir/UndefinedAssignmentChecker.cpp.o
[1900/5247][ 36%][239.489s] Building CXX object tools/clang/lib/StaticAnalyzer/Checkers/CMakeFiles/obj.clangStaticAnalyzerCheckers.dir/UndefinedNewArraySizeChecker.cpp.o
[1901/5247][ 36%][239.911s] Building CXX object tools/clang/lib/StaticAnalyzer/Checkers/CMakeFiles/obj.clangStaticAnalyzerCheckers.dir/UninitializedObject/UninitializedPointee.cpp.o
[1902/5247][ 36%][240.218s] Building CXX object tools/clang/lib/StaticAnalyzer/Checkers/CMakeFiles/obj.clangStaticAnalyzerCheckers.dir/UnreachableCodeChecker.cpp.o
[1903/5247][ 36%][240.310s] Building CXX object tools/clang/lib/StaticAnalyzer/Checkers/CMakeFiles/obj.clangStaticAnalyzerCheckers.dir/UnixAPIChecker.cpp.o
[1904/5247][ 36%][240.356s] Building CXX object tools/clang/lib/StaticAnalyzer/Checkers/CMakeFiles/obj.clangStaticAnalyzerCheckers.dir/WebKit/ASTUtils.cpp.o
/Users/wezzard/Repositories/com.github~WeZZard/swift-project-6.1/llvm-project/clang/lib/StaticAnalyzer/Checkers/WebKit/ASTUtils.cpp:45:19: warning: variable 'decl' set but not used [-Wunused-but-set-variable]
   45 |         if (auto *decl = memberCall->getMethodDecl()) {
      |                   ^
1 warning generated.
[1905/5247][ 36%][240.382s] Building CXX object tools/clang/lib/StaticAnalyzer/Checkers/CMakeFiles/obj.clangStaticAnalyzerCheckers.dir/VforkChecker.cpp.o
[1906/5247][ 36%][240.906s] Building CXX object tools/clang/lib/StaticAnalyzer/Checkers/CMakeFiles/obj.clangStaticAnalyzerCheckers.dir/VLASizeChecker.cpp.o
[1907/5247][ 36%][241.142s] Building CXX object tools/clang/lib/StaticAnalyzer/Checkers/CMakeFiles/obj.clangStaticAnalyzerCheckers.dir/WebKit/PtrTypesSemantics.cpp.o
[1908/5247][ 36%][241.163s] Building CXX object tools/clang/lib/StaticAnalyzer/Checkers/CMakeFiles/obj.clangStaticAnalyzerCheckers.dir/VirtualCallChecker.cpp.o
[1909/5247][ 36%][241.173s] Building CXX object tools/clang/lib/StaticAnalyzer/Checkers/CMakeFiles/obj.clangStaticAnalyzerCheckers.dir/ValistChecker.cpp.o
[1910/5247][ 36%][241.314s] Building CXX object lib/Bitcode/Writer/CMakeFiles/LLVMBitWriter.dir/BitWriter.cpp.o
[1911/5247][ 36%][241.498s] Building CXX object tools/clang/lib/StaticAnalyzer/Checkers/CMakeFiles/obj.clangStaticAnalyzerCheckers.dir/UninitializedObject/UninitializedObjectChecker.cpp.o
[1912/5247][ 36%][241.540s] Building CXX object lib/Bitcode/Writer/CMakeFiles/LLVMBitWriter.dir/BitcodeWriterPass.cpp.o
[1913/5247][ 36%][242.485s] Building CXX object tools/clang/lib/StaticAnalyzer/Checkers/CMakeFiles/obj.clangStaticAnalyzerCheckers.dir/StdLibraryFunctionsChecker.cpp.o
[1914/5247][ 36%][242.841s] Building CXX object lib/Transforms/Instrumentation/CMakeFiles/LLVMInstrumentation.dir/BoundsChecking.cpp.o
[1915/5247][ 36%][242.993s] Building CXX object lib/Transforms/Instrumentation/CMakeFiles/LLVMInstrumentation.dir/CGProfile.cpp.o
[1916/5247][ 36%][243.223s] Building CXX object lib/Bitcode/Writer/CMakeFiles/LLVMBitWriter.dir/ValueEnumerator.cpp.o
[1917/5247][ 36%][244.010s] Building CXX object lib/Transforms/Instrumentation/CMakeFiles/LLVMInstrumentation.dir/BlockCoverageInference.cpp.o
[1918/5247][ 36%][244.754s] Building CXX object lib/Transforms/Instrumentation/CMakeFiles/LLVMInstrumentation.dir/GCOVProfiling.cpp.o
[1919/5247][ 36%][245.162s] Building CXX object lib/Transforms/Instrumentation/CMakeFiles/LLVMInstrumentation.dir/AddressSanitizer.cpp.o
[1920/5247][ 36%][245.173s] Building CXX object lib/Transforms/Instrumentation/CMakeFiles/LLVMInstrumentation.dir/Instrumentation.cpp.o
[1921/5247][ 36%][245.282s] Building CXX object lib/Transforms/Instrumentation/CMakeFiles/LLVMInstrumentation.dir/DataFlowSanitizer.cpp.o
[1922/5247][ 36%][245.311s] Building CXX object tools/clang/lib/StaticAnalyzer/Checkers/CMakeFiles/obj.clangStaticAnalyzerCheckers.dir/WebKit/NoUncountedMembersChecker.cpp.o
[1923/5247][ 36%][245.363s] Building CXX object tools/clang/lib/StaticAnalyzer/Checkers/CMakeFiles/obj.clangStaticAnalyzerCheckers.dir/WebKit/RefCntblBaseVirtualDtorChecker.cpp.o
[1924/5247][ 36%][245.400s] Building CXX object lib/Transforms/Instrumentation/CMakeFiles/LLVMInstrumentation.dir/IndirectCallPromotion.cpp.o
[1925/5247][ 36%][245.709s] Building CXX object lib/Transforms/Instrumentation/CMakeFiles/LLVMInstrumentation.dir/ControlHeightReduction.cpp.o
[1926/5247][ 36%][245.749s] Building CXX object tools/clang/lib/StaticAnalyzer/Checkers/CMakeFiles/obj.clangStaticAnalyzerCheckers.dir/WebKit/UncountedCallArgsChecker.cpp.o
[1927/5247][ 36%][245.768s] Building CXX object lib/Bitcode/Writer/CMakeFiles/LLVMBitWriter.dir/BitcodeWriter.cpp.o
[1928/5247][ 36%][245.947s] Building CXX object lib/Transforms/Instrumentation/CMakeFiles/LLVMInstrumentation.dir/MemProfiler.cpp.o
[1929/5247][ 36%][246.307s] Building CXX object tools/clang/lib/StaticAnalyzer/Checkers/CMakeFiles/obj.clangStaticAnalyzerCheckers.dir/WebKit/UncountedLambdaCapturesChecker.cpp.o
[1930/5247][ 36%][246.379s] Building CXX object lib/Transforms/Instrumentation/CMakeFiles/LLVMInstrumentation.dir/InstrOrderFile.cpp.o
[1931/5247][ 36%][246.385s] Building CXX object lib/Transforms/Instrumentation/CMakeFiles/LLVMInstrumentation.dir/KCFI.cpp.o
[1932/5247][ 36%][246.484s] Building CXX object tools/clang/lib/StaticAnalyzer/Checkers/CMakeFiles/obj.clangStaticAnalyzerCheckers.dir/WebKit/UncountedLocalVarsChecker.cpp.o
[1933/5247][ 36%][246.583s] Building CXX object lib/Transforms/Instrumentation/CMakeFiles/LLVMInstrumentation.dir/PoisonChecking.cpp.o
[1934/5247][ 36%][247.029s] Building CXX object lib/Transforms/Instrumentation/CMakeFiles/LLVMInstrumentation.dir/MemorySanitizer.cpp.o
[1935/5247][ 36%][247.350s] Building CXX object lib/Transforms/Instrumentation/CMakeFiles/LLVMInstrumentation.dir/ValueProfileCollector.cpp.o
[1936/5247][ 36%][247.401s] Building CXX object lib/Transforms/Instrumentation/CMakeFiles/LLVMInstrumentation.dir/SanitizerBinaryMetadata.cpp.o
[1937/5247][ 36%][247.450s] Building CXX object lib/Transforms/Vectorize/CMakeFiles/LLVMVectorize.dir/Vectorize.cpp.o
[1938/5247][ 36%][247.510s] Building CXX object lib/Transforms/Instrumentation/CMakeFiles/LLVMInstrumentation.dir/PGOMemOPSizeOpt.cpp.o
[1939/5247][ 36%][247.548s] Building CXX object lib/Transforms/Instrumentation/CMakeFiles/LLVMInstrumentation.dir/SoftPointerAuth.cpp.o
[1940/5247][ 36%][247.588s] Building CXX object lib/Transforms/Instrumentation/CMakeFiles/LLVMInstrumentation.dir/SanitizerCoverage.cpp.o
[1941/5247][ 36%][247.919s] Building CXX object lib/Transforms/Instrumentation/CMakeFiles/LLVMInstrumentation.dir/InstrProfiling.cpp.o
[1942/5247][ 37%][248.106s] Building CXX object lib/Transforms/Instrumentation/CMakeFiles/LLVMInstrumentation.dir/ThreadSanitizer.cpp.o
[1943/5247][ 37%][249.092s] Building CXX object lib/Transforms/Vectorize/CMakeFiles/LLVMVectorize.dir/LoopVectorizationLegality.cpp.o
[1944/5247][ 37%][249.569s] Building CXX object lib/Transforms/Instrumentation/CMakeFiles/LLVMInstrumentation.dir/HWAddressSanitizer.cpp.o
[1945/5247][ 37%][249.586s] Building CXX object lib/Transforms/Vectorize/CMakeFiles/LLVMVectorize.dir/VPlanSLP.cpp.o
[1946/5247][ 37%][249.637s] Building CXX object lib/Transforms/Vectorize/CMakeFiles/LLVMVectorize.dir/LoadStoreVectorizer.cpp.o
[1947/5247][ 37%][250.051s] Building CXX object lib/Transforms/Vectorize/CMakeFiles/LLVMVectorize.dir/VPlanHCFGBuilder.cpp.o
[1948/5247][ 37%][250.268s] Building CXX object lib/Transforms/Vectorize/CMakeFiles/LLVMVectorize.dir/VPlanRecipes.cpp.o
[1949/5247][ 37%][250.360s] Building CXX object lib/Linker/CMakeFiles/LLVMLinker.dir/LinkModules.cpp.o
[1950/5247][ 37%][250.407s] Building CXX object tools/clang/lib/Tooling/CMakeFiles/obj.clangTooling.dir/ArgumentsAdjusters.cpp.o
[1951/5247][ 37%][250.420s] Building CXX object lib/Transforms/Instrumentation/CMakeFiles/LLVMInstrumentation.dir/PGOInstrumentation.cpp.o
[1952/5247][ 37%][250.725s] Building CXX object lib/Transforms/Vectorize/CMakeFiles/LLVMVectorize.dir/VectorCombine.cpp.o
[1953/5247][ 37%][250.787s] Building CXX object lib/Linker/CMakeFiles/LLVMLinker.dir/IRMover.cpp.o
[1954/5247][ 37%][250.894s] Building CXX object lib/Transforms/Vectorize/CMakeFiles/LLVMVectorize.dir/VPlanVerifier.cpp.o
[1955/5247][ 37%][250.966s] Building CXX object tools/clang/lib/Tooling/CMakeFiles/obj.clangTooling.dir/FileMatchTrie.cpp.o
[1956/5247][ 37%][251.414s] Building CXX object tools/clang/lib/Tooling/CMakeFiles/obj.clangTooling.dir/FixIt.cpp.o
[1957/5247][ 37%][251.485s] Building CXX object lib/Transforms/Vectorize/CMakeFiles/LLVMVectorize.dir/VPlanTransforms.cpp.o
[1958/5247][ 37%][251.719s] Building CXX object lib/Transforms/Vectorize/CMakeFiles/LLVMVectorize.dir/VPlan.cpp.o
[1959/5247][ 37%][251.727s] Building CXX object tools/clang/lib/Tooling/CMakeFiles/obj.clangTooling.dir/CommonOptionsParser.cpp.o
[1960/5247][ 37%][252.021s] Building CXX object tools/clang/lib/Tooling/CMakeFiles/obj.clangTooling.dir/ExpandResponseFilesCompilationDatabase.cpp.o
[1961/5247][ 37%][252.183s] Building CXX object tools/clang/lib/Tooling/CMakeFiles/obj.clangTooling.dir/AllTUsExecution.cpp.o
[1962/5247][ 37%][252.193s] Linking CXX static library lib/libclangToolingRefactor.a
[1963/5247][ 37%][252.258s] Linking CXX static library lib/libclangToolingRefactoring.a
[1964/5247][ 37%][252.305s] Building CXX object tools/clang/lib/Tooling/CMakeFiles/obj.clangTooling.dir/Execution.cpp.o
[1965/5247][ 37%][252.325s] Building CXX object tools/clang/lib/Tooling/CMakeFiles/obj.clangTooling.dir/InterpolatingCompilationDatabase.cpp.o
[1966/5247][ 37%][252.584s] Building CXX object tools/clang/lib/Tooling/CMakeFiles/obj.clangTooling.dir/CompilationDatabase.cpp.o
[1967/5247][ 37%][252.640s] Building CXX object tools/clang/lib/Tooling/CMakeFiles/obj.clangTooling.dir/GuessTargetAndModeCompilationDatabase.cpp.o
[1968/5247][ 37%][252.827s] Linking CXX static library lib/libclangStaticAnalyzerCheckers.a
[1969/5247][ 37%][253.144s] Building CXX object tools/clang/lib/Tooling/CMakeFiles/obj.clangTooling.dir/JSONCompilationDatabase.cpp.o
[1970/5247][ 37%][253.227s] Building CXX object tools/clang/lib/Tooling/CMakeFiles/obj.clangTooling.dir/Refactoring.cpp.o
[1971/5247][ 37%][253.279s] Linking CXX static library lib/libLLVMBitWriter.a
[1972/5247][ 37%][253.311s] Building CXX object tools/clang/lib/Tooling/CMakeFiles/obj.clangTooling.dir/NodeIntrospection.cpp.o
[1973/5247][ 37%][253.354s] Linking CXX static library lib/libLLVMInstrumentation.a
[1974/5247][ 37%][253.629s] Building CXX object tools/clang/lib/StaticAnalyzer/Frontend/CMakeFiles/obj.clangStaticAnalyzerFrontend.dir/ModelConsumer.cpp.o
[1975/5247][ 37%][253.755s] Building CXX object tools/clang/lib/Tooling/CMakeFiles/obj.clangTooling.dir/StandaloneExecution.cpp.o
[1976/5247][ 37%][254.533s] Building CXX object tools/clang/lib/StaticAnalyzer/Frontend/CMakeFiles/obj.clangStaticAnalyzerFrontend.dir/CreateCheckerManager.cpp.o
[1977/5247][ 37%][254.537s] Building CXX object tools/clang/lib/Tooling/CMakeFiles/obj.clangTooling.dir/RefactoringCallbacks.cpp.o
[1978/5247][ 37%][254.585s] Building CXX object lib/Transforms/IPO/CMakeFiles/LLVMipo.dir/Annotation2Metadata.cpp.o
[1979/5247][ 37%][254.790s] Building CXX object tools/clang/lib/StaticAnalyzer/Frontend/CMakeFiles/obj.clangStaticAnalyzerFrontend.dir/FrontendActions.cpp.o
[1980/5247][ 37%][255.047s] Building CXX object lib/Transforms/IPO/CMakeFiles/LLVMipo.dir/BarrierNoopPass.cpp.o
[1981/5247][ 37%][255.060s] Building CXX object tools/clang/lib/Tooling/CMakeFiles/obj.clangTooling.dir/Tooling.cpp.o
[1982/5247][ 37%][255.133s] Building CXX object lib/Transforms/IPO/CMakeFiles/LLVMipo.dir/AlwaysInliner.cpp.o
[1983/5247][ 37%][255.183s] Building CXX object tools/clang/lib/StaticAnalyzer/Frontend/CMakeFiles/obj.clangStaticAnalyzerFrontend.dir/CheckerRegistry.cpp.o
[1984/5247][ 37%][255.441s] Building CXX object tools/clang/lib/StaticAnalyzer/Frontend/CMakeFiles/obj.clangStaticAnalyzerFrontend.dir/AnalyzerHelpFlags.cpp.o
[1985/5247][ 37%][255.904s] Building CXX object lib/Transforms/IPO/CMakeFiles/LLVMipo.dir/ConstantMerge.cpp.o
[1986/5247][ 37%][256.000s] Building CXX object lib/Transforms/IPO/CMakeFiles/LLVMipo.dir/BlockExtractor.cpp.o
[1987/5247][ 37%][256.164s] Building CXX object lib/Transforms/IPO/CMakeFiles/LLVMipo.dir/ArgumentPromotion.cpp.o
[1988/5247][ 37%][256.195s] Building CXX object lib/Transforms/Vectorize/CMakeFiles/LLVMVectorize.dir/LoopVectorize.cpp.o
[1989/5247][ 37%][256.204s] Building CXX object lib/Transforms/IPO/CMakeFiles/LLVMipo.dir/CrossDSOCFI.cpp.o
[1990/5247][ 37%][256.254s] Building CXX object lib/Transforms/IPO/CMakeFiles/LLVMipo.dir/CalledValuePropagation.cpp.o
[1991/5247][ 37%][256.566s] Building CXX object lib/Transforms/IPO/CMakeFiles/LLVMipo.dir/ElimAvailExtern.cpp.o
[1992/5247][ 37%][256.585s] Building CXX object lib/Transforms/IPO/CMakeFiles/LLVMipo.dir/ExtractGV.cpp.o
[1993/5247][ 37%][256.729s] Building CXX object tools/clang/lib/StaticAnalyzer/Frontend/CMakeFiles/obj.clangStaticAnalyzerFrontend.dir/ModelInjector.cpp.o
[1994/5247][ 38%][256.789s] Building CXX object lib/Transforms/IPO/CMakeFiles/LLVMipo.dir/ForceFunctionAttrs.cpp.o
[1995/5247][ 38%][256.812s] Building CXX object lib/Transforms/IPO/CMakeFiles/LLVMipo.dir/EmbedBitcodePass.cpp.o
[1996/5247][ 38%][257.215s] Building CXX object lib/Transforms/IPO/CMakeFiles/LLVMipo.dir/DeadArgumentElimination.cpp.o
[1997/5247][ 38%][257.521s] Building CXX object lib/Transforms/IPO/CMakeFiles/LLVMipo.dir/GlobalSplit.cpp.o
[1998/5247][ 38%][257.669s] Building CXX object lib/Transforms/IPO/CMakeFiles/LLVMipo.dir/IPO.cpp.o
[1999/5247][ 38%][258.134s] Building CXX object lib/Transforms/IPO/CMakeFiles/LLVMipo.dir/InferFunctionAttrs.cpp.o
[2000/5247][ 38%][258.264s] Building CXX object lib/Transforms/IPO/CMakeFiles/LLVMipo.dir/GlobalDCE.cpp.o
[2001/5247][ 38%][258.551s] Building CXX object lib/Transforms/IPO/CMakeFiles/LLVMipo.dir/FunctionSpecialization.cpp.o
[2002/5247][ 38%][258.742s] Building CXX object lib/Transforms/IPO/CMakeFiles/LLVMipo.dir/HotColdSplitting.cpp.o
[2003/5247][ 38%][259.155s] Building CXX object lib/Transforms/IPO/CMakeFiles/LLVMipo.dir/Internalize.cpp.o
[2004/5247][ 38%][259.420s] Building CXX object lib/Transforms/IPO/CMakeFiles/LLVMipo.dir/FunctionImport.cpp.o
[2005/5247][ 38%][259.561s] Building CXX object lib/Transforms/IPO/CMakeFiles/LLVMipo.dir/LoopExtractor.cpp.o
[2006/5247][ 38%][259.903s] Building CXX object lib/Transforms/IPO/CMakeFiles/LLVMipo.dir/GlobalOpt.cpp.o
[2007/5247][ 38%][259.931s] Building CXX object lib/Transforms/IPO/CMakeFiles/LLVMipo.dir/FunctionAttrs.cpp.o
[2008/5247][ 38%][260.250s] Building CXX object lib/Transforms/IPO/CMakeFiles/LLVMipo.dir/Inliner.cpp.o
[2009/5247][ 38%][260.538s] Building CXX object lib/Transforms/IPO/CMakeFiles/LLVMipo.dir/Attributor.cpp.o
[2010/5247][ 38%][260.754s] Building CXX object tools/clang/lib/StaticAnalyzer/Frontend/CMakeFiles/obj.clangStaticAnalyzerFrontend.dir/AnalysisConsumer.cpp.o
[2011/5247][ 38%][261.004s] Building CXX object lib/Transforms/IPO/CMakeFiles/LLVMipo.dir/ModuleInliner.cpp.o
[2012/5247][ 38%][261.114s] Building CXX object lib/Transforms/Vectorize/CMakeFiles/LLVMVectorize.dir/SLPVectorizer.cpp.o
[2013/5247][ 38%][261.140s] Building CXX object lib/Transforms/IPO/CMakeFiles/LLVMipo.dir/MergeFunctions.cpp.o
[2014/5247][ 38%][261.501s] Building CXX object lib/Transforms/IPO/CMakeFiles/LLVMipo.dir/StripDeadPrototypes.cpp.o
[2015/5247][ 38%][261.582s] Building CXX object lib/Transforms/IPO/CMakeFiles/LLVMipo.dir/IROutliner.cpp.o
[2016/5247][ 38%][261.649s] Linking CXX static library lib/libLLVMVectorize.a
[2017/5247][ 38%][261.794s] Building CXX object lib/Transforms/IPO/CMakeFiles/LLVMipo.dir/SampleContextTracker.cpp.o
[2018/5247][ 38%][262.251s] Building CXX object lib/Transforms/IPO/CMakeFiles/LLVMipo.dir/SyntheticCountsPropagation.cpp.o
[2019/5247][ 38%][262.673s] Building CXX object lib/Transforms/IPO/CMakeFiles/LLVMipo.dir/StripSymbols.cpp.o
[2020/5247][ 38%][262.691s] Building CXX object lib/Transforms/IPO/CMakeFiles/LLVMipo.dir/SCCP.cpp.o
[2021/5247][ 38%][262.867s] Building CXX object lib/Transforms/IPO/CMakeFiles/LLVMipo.dir/PartialInlining.cpp.o
[2022/5247][ 38%][262.895s] Building CXX object lib/Transforms/IPO/CMakeFiles/LLVMipo.dir/SampleProfileProbe.cpp.o
[2023/5247][ 38%][262.905s] Building CXX object lib/Transforms/ObjCARC/CMakeFiles/LLVMObjCARCOpts.dir/ObjCARC.cpp.o
[2024/5247][ 38%][263.052s] Building CXX object lib/Transforms/ObjCARC/CMakeFiles/LLVMObjCARCOpts.dir/ObjCARCExpand.cpp.o
[2025/5247][ 38%][263.509s] Building CXX object lib/Transforms/ObjCARC/CMakeFiles/LLVMObjCARCOpts.dir/ObjCARCAPElim.cpp.o
[2026/5247][ 38%][263.548s] Linking CXX static library lib/libLLVMLinker.a
[2027/5247][ 38%][263.815s] Building CXX object lib/Transforms/ObjCARC/CMakeFiles/LLVMObjCARCOpts.dir/ProvenanceAnalysisEvaluator.cpp.o
[2028/5247][ 38%][263.818s] Building CXX object lib/Transforms/IPO/CMakeFiles/LLVMipo.dir/ThinLTOBitcodeWriter.cpp.o
[2029/5247][ 38%][263.924s] Building CXX object lib/Transforms/ObjCARC/CMakeFiles/LLVMObjCARCOpts.dir/DependencyAnalysis.cpp.o
[2030/5247][ 38%][263.940s] Building CXX object lib/Transforms/IPO/CMakeFiles/LLVMipo.dir/LowerTypeTests.cpp.o
[2031/5247][ 38%][264.004s] Building CXX object lib/Transforms/ObjCARC/CMakeFiles/LLVMObjCARCOpts.dir/ProvenanceAnalysis.cpp.o
[2032/5247][ 38%][264.203s] Building CXX object lib/Transforms/ObjCARC/CMakeFiles/LLVMObjCARCOpts.dir/PtrState.cpp.o
[2033/5247][ 38%][264.272s] Building CXX object lib/Target/CMakeFiles/LLVMTarget.dir/TargetIntrinsicInfo.cpp.o
[2034/5247][ 38%][264.299s] Building CXX object lib/Transforms/ObjCARC/CMakeFiles/LLVMObjCARCOpts.dir/ObjCARCContract.cpp.o
[2035/5247][ 38%][264.369s] Building WebAssemblyGenAsmMatcher.inc...
[2036/5247][ 38%][264.420s] Building CXX object lib/Target/CMakeFiles/LLVMTarget.dir/Target.cpp.o
[2037/5247][ 38%][264.484s] Building CXX object lib/Transforms/ObjCARC/CMakeFiles/LLVMObjCARCOpts.dir/ObjCARCOpts.cpp.o
[2038/5247][ 38%][264.521s] Building WebAssemblyGenDisassemblerTables.inc...
[2039/5247][ 38%][264.608s] Building WebAssemblyGenAsmWriter.inc...
[2040/5247][ 38%][264.729s] Building WebAssemblyGenDAGISel.inc...
[2041/5247][ 38%][264.756s] Building WebAssemblyGenRegisterInfo.inc...
[2042/5247][ 38%][264.771s] Building WebAssemblyGenFastISel.inc...
[2043/5247][ 38%][264.777s] Linking CXX static library lib/libclangTooling.a
[2044/5247][ 38%][264.835s] Building WebAssemblyGenInstrInfo.inc...
[2045/5247][ 38%][264.844s] Building WebAssemblyGenMCCodeEmitter.inc...
[2046/5247][ 38%][264.938s] Building WebAssemblyGenSubtargetInfo.inc...
[2047/5247][ 39%][265.161s] Building CXX object lib/Target/CMakeFiles/LLVMTarget.dir/TargetLoweringObjectFile.cpp.o
[2048/5247][ 39%][265.194s] Building CXX object lib/Target/CMakeFiles/LLVMTarget.dir/TargetMachineC.cpp.o
[2049/5247][ 39%][265.232s] Linking CXX static library lib/libclangStaticAnalyzerFrontend.a
[2050/5247][ 39%][265.439s] Building CXX object lib/Target/CMakeFiles/LLVMTarget.dir/TargetMachine.cpp.o
[2051/5247][ 39%][265.684s] Building CXX object lib/Transforms/IPO/CMakeFiles/LLVMipo.dir/AttributorAttributes.cpp.o
[2052/5247][ 39%][266.300s] Building CXX object lib/Transforms/IPO/CMakeFiles/LLVMipo.dir/MemProfContextDisambiguation.cpp.o
[2053/5247][ 39%][266.798s] Building CXX object tools/clang/lib/Tooling/Transformer/CMakeFiles/obj.clangTransformer.dir/SourceCode.cpp.o
[2054/5247][ 39%][267.428s] Building CXX object lib/Transforms/IPO/CMakeFiles/LLVMipo.dir/WholeProgramDevirt.cpp.o
[2055/5247][ 39%][267.447s] Building CXX object lib/Transforms/IPO/CMakeFiles/LLVMipo.dir/SampleProfile.cpp.o
[2056/5247][ 39%][267.603s] Building CXX object tools/clang/lib/Tooling/Transformer/CMakeFiles/obj.clangTransformer.dir/Parsing.cpp.o
[2057/5247][ 39%][267.619s] Building CXX object tools/clang/lib/Tooling/Transformer/CMakeFiles/obj.clangTransformer.dir/SourceCodeBuilders.cpp.o
[2058/5247][ 39%][267.727s] Building CXX object tools/clang/lib/Tooling/Transformer/CMakeFiles/obj.clangTransformer.dir/Stencil.cpp.o
[2059/5247][ 39%][267.810s] Building CXX object tools/clang/lib/Tooling/Transformer/CMakeFiles/obj.clangTransformer.dir/Transformer.cpp.o
[2060/5247][ 39%][267.993s] Building CXX object tools/clang/tools/extra/clang-tidy/CMakeFiles/obj.clangTidy.dir/ClangTidyProfiling.cpp.o
[2061/5247][ 39%][268.020s] Building CXX object tools/clang/lib/Tooling/Transformer/CMakeFiles/obj.clangTransformer.dir/RangeSelector.cpp.o
[2062/5247][ 39%][268.032s] Building CXX object tools/clang/tools/extra/clang-tidy/CMakeFiles/obj.clangTidy.dir/GlobList.cpp.o
[2063/5247][ 39%][268.177s] Building CXX object tools/clang/tools/extra/clang-tidy/CMakeFiles/obj.clangTidy.dir/ClangTidyCheck.cpp.o
[2064/5247][ 39%][268.216s] Building CXX object tools/clang/tools/extra/clang-tidy/CMakeFiles/obj.clangTidy.dir/ClangTidyModule.cpp.o
[2065/5247][ 39%][268.342s] Building CXX object tools/clang/tools/extra/clang-tidy/CMakeFiles/obj.clangTidy.dir/ClangTidyOptions.cpp.o
[2066/5247][ 39%][268.375s] Building CXX object tools/clang/tools/extra/clang-tidy/misc/ConfusableTable/CMakeFiles/clang-tidy-confusable-chars-gen.dir/BuildConfusableTable.cpp.o
[2067/5247][ 39%][268.533s] Building CXX object tools/clang/lib/Tooling/Transformer/CMakeFiles/obj.clangTransformer.dir/RewriteRule.cpp.o
[2068/5247][ 39%][268.842s] Building CXX object tools/clang/tools/extra/clang-tidy/CMakeFiles/obj.clangTidy.dir/NoLintDirectiveHandler.cpp.o
[2069/5247][ 39%][268.913s] Building CXX object lib/Transforms/IPO/CMakeFiles/LLVMipo.dir/OpenMPOpt.cpp.o
[2070/5247][ 39%][268.993s] Building CXX object tools/clang/tools/extra/clang-tidy/CMakeFiles/obj.clangTidy.dir/ClangTidyDiagnosticConsumer.cpp.o
[2071/5247][ 39%][269.014s] Building CXX object lib/IRPrinter/CMakeFiles/LLVMIRPrinter.dir/IRPrintingPasses.cpp.o
[2072/5247][ 39%][269.188s] Building CXX object lib/CodeGen/CMakeFiles/LLVMCodeGen.dir/AllocationOrder.cpp.o
[2073/5247][ 39%][270.262s] Building CXX object tools/clang/tools/extra/clang-tidy/CMakeFiles/obj.clangTidy.dir/ClangTidy.cpp.o
[2074/5247][ 39%][270.277s] Building CXX object lib/CodeGen/CMakeFiles/LLVMCodeGen.dir/BranchRelaxation.cpp.o
[2075/5247][ 39%][270.293s] Building CXX object lib/CodeGen/CMakeFiles/LLVMCodeGen.dir/BreakFalseDeps.cpp.o
[2076/5247][ 39%][270.362s] Building CXX object lib/CodeGen/CMakeFiles/LLVMCodeGen.dir/BasicBlockSectionsProfileReader.cpp.o
[2077/5247][ 39%][270.529s] Building CXX object lib/CodeGen/CMakeFiles/LLVMCodeGen.dir/Analysis.cpp.o
[2078/5247][ 39%][270.611s] Building CXX object lib/CodeGen/CMakeFiles/LLVMCodeGen.dir/AggressiveAntiDepBreaker.cpp.o
[2079/5247][ 39%][270.672s] Building CXX object lib/CodeGen/CMakeFiles/LLVMCodeGen.dir/BasicBlockSections.cpp.o
[2080/5247][ 39%][270.715s] Building CXX object lib/CodeGen/CMakeFiles/LLVMCodeGen.dir/BasicTargetTransformInfo.cpp.o
[2081/5247][ 39%][270.723s] Building CXX object lib/CodeGen/CMakeFiles/LLVMCodeGen.dir/CallBrPrepare.cpp.o
[2082/5247][ 39%][270.810s] Building CXX object lib/CodeGen/CMakeFiles/LLVMCodeGen.dir/CalcSpillWeights.cpp.o
[2083/5247][ 39%][270.906s] Building CXX object lib/CodeGen/CMakeFiles/LLVMCodeGen.dir/CodeGen.cpp.o
[2084/5247][ 39%][270.938s] Building CXX object lib/CodeGen/CMakeFiles/LLVMCodeGen.dir/AtomicExpandPass.cpp.o
[2085/5247][ 39%][271.427s] Building CXX object lib/CodeGen/CMakeFiles/LLVMCodeGen.dir/BranchFolding.cpp.o
[2086/5247][ 39%][271.636s] Building CXX object tools/clang/tools/extra/clang-tidy/CMakeFiles/obj.clangTidy.dir/ExpandModularHeadersPPCallbacks.cpp.o
[2087/5247][ 39%][271.679s] Building CXX object lib/CodeGen/CMakeFiles/LLVMCodeGen.dir/CFGuardLongjmp.cpp.o
[2088/5247][ 39%][271.961s] Building CXX object lib/CodeGen/CMakeFiles/LLVMCodeGen.dir/CFIFixup.cpp.o
[2089/5247][ 39%][272.116s] Building CXX object lib/CodeGen/CMakeFiles/LLVMCodeGen.dir/CallingConvLower.cpp.o
[2090/5247][ 39%][272.179s] Building CXX object lib/CodeGen/CMakeFiles/LLVMCodeGen.dir/CFIInstrInserter.cpp.o
[2091/5247][ 39%][272.233s] Building CXX object lib/CodeGen/CMakeFiles/LLVMCodeGen.dir/DeadMachineInstructionElim.cpp.o
[2092/5247][ 39%][272.270s] Building CXX object lib/CodeGen/CMakeFiles/LLVMCodeGen.dir/CodeGenPassBuilder.cpp.o
[2093/5247][ 39%][272.398s] Building CXX object lib/CodeGen/CMakeFiles/LLVMCodeGen.dir/CodeGenCommonISel.cpp.o
[2094/5247][ 39%][272.812s] Building CXX object lib/CodeGen/CMakeFiles/LLVMCodeGen.dir/DetectDeadLanes.cpp.o
[2095/5247][ 39%][272.960s] Building CXX object lib/CodeGen/CMakeFiles/LLVMCodeGen.dir/CriticalAntiDepBreaker.cpp.o
[2096/5247][ 39%][273.208s] Building CXX object lib/CodeGen/CMakeFiles/LLVMCodeGen.dir/CommandFlags.cpp.o
[2097/5247][ 39%][273.275s] Building CXX object lib/CodeGen/CMakeFiles/LLVMCodeGen.dir/EdgeBundles.cpp.o
[2098/5247][ 39%][273.317s] Building CXX object lib/CodeGen/CMakeFiles/LLVMCodeGen.dir/AssignmentTrackingAnalysis.cpp.o
[2099/5247][ 40%][273.530s] Building CXX object lib/CodeGen/CMakeFiles/LLVMCodeGen.dir/EHContGuardCatchret.cpp.o
[2100/5247][ 40%][273.625s] Building CXX object lib/CodeGen/CMakeFiles/LLVMCodeGen.dir/DwarfEHPrepare.cpp.o
[2101/5247][ 40%][273.656s] Building CXX object lib/CodeGen/CMakeFiles/LLVMCodeGen.dir/ExecutionDomainFix.cpp.o
[2102/5247][ 40%][273.743s] Building CXX object lib/CodeGen/CMakeFiles/LLVMCodeGen.dir/DFAPacketizer.cpp.o
[2103/5247][ 40%][274.166s] Building CXX object lib/CodeGen/CMakeFiles/LLVMCodeGen.dir/ExpandLargeDivRem.cpp.o
[2104/5247][ 40%][274.224s] Building CXX object lib/CodeGen/CMakeFiles/LLVMCodeGen.dir/ExpandPostRAPseudos.cpp.o
[2105/5247][ 40%][274.242s] Building CXX object lib/CodeGen/CMakeFiles/LLVMCodeGen.dir/EarlyIfConversion.cpp.o
[2106/5247][ 40%][274.419s] Building CXX object lib/CodeGen/CMakeFiles/LLVMCodeGen.dir/ComplexDeinterleavingPass.cpp.o
[2107/5247][ 40%][274.536s] Building CXX object lib/CodeGen/CMakeFiles/LLVMCodeGen.dir/GCMetadataPrinter.cpp.o
[2108/5247][ 40%][274.602s] Building CXX object lib/CodeGen/CMakeFiles/LLVMCodeGen.dir/ExpandLargeFpConvert.cpp.o
[2109/5247][ 40%][274.766s] Building CXX object lib/CodeGen/CMakeFiles/LLVMCodeGen.dir/ExpandReductions.cpp.o
[2110/5247][ 40%][274.839s] Building CXX object lib/CodeGen/CMakeFiles/LLVMCodeGen.dir/ExpandMemCmp.cpp.o
[2111/5247][ 40%][274.856s] Building CXX object lib/CodeGen/CMakeFiles/LLVMCodeGen.dir/FaultMaps.cpp.o
[2112/5247][ 40%][274.877s] Building CXX object lib/CodeGen/CMakeFiles/LLVMCodeGen.dir/FEntryInserter.cpp.o
[2113/5247][ 40%][274.972s] Building CXX object lib/CodeGen/CMakeFiles/LLVMCodeGen.dir/FuncletLayout.cpp.o
[2114/5247][ 40%][275.019s] Building CXX object lib/CodeGen/CMakeFiles/LLVMCodeGen.dir/GCMetadata.cpp.o
[2115/5247][ 40%][275.251s] Building CXX object lib/CodeGen/CMakeFiles/LLVMCodeGen.dir/FinalizeISel.cpp.o
[2116/5247][ 40%][275.268s] Building CXX object lib/CodeGen/CMakeFiles/LLVMCodeGen.dir/ExpandVectorPredication.cpp.o
[2117/5247][ 40%][276.181s] Building CXX object lib/CodeGen/CMakeFiles/LLVMCodeGen.dir/IndirectBrExpandPass.cpp.o
[2118/5247][ 40%][276.214s] Building CXX object lib/CodeGen/CMakeFiles/LLVMCodeGen.dir/FixupStatepointCallerSaved.cpp.o
[2119/5247][ 40%][276.290s] Building CXX object lib/CodeGen/CMakeFiles/LLVMCodeGen.dir/InterferenceCache.cpp.o
[2120/5247][ 40%][276.309s] Building CXX object lib/CodeGen/CMakeFiles/LLVMCodeGen.dir/GlobalMerge.cpp.o
[2121/5247][ 40%][276.534s] Building CXX object lib/CodeGen/CMakeFiles/LLVMCodeGen.dir/IntrinsicLowering.cpp.o
[2122/5247][ 40%][276.619s] Building CXX object lib/CodeGen/CMakeFiles/LLVMCodeGen.dir/JMCInstrumenter.cpp.o
[2123/5247][ 40%][276.656s] Building CXX object lib/CodeGen/CMakeFiles/LLVMCodeGen.dir/GCRootLowering.cpp.o
[2124/5247][ 40%][276.718s] Building CXX object lib/CodeGen/CMakeFiles/LLVMCodeGen.dir/ImplicitNullChecks.cpp.o
[2125/5247][ 40%][276.756s] Building CXX object lib/CodeGen/CMakeFiles/LLVMCodeGen.dir/HardwareLoops.cpp.o
[2126/5247][ 40%][277.555s] Building CXX object lib/CodeGen/CMakeFiles/LLVMCodeGen.dir/InterleavedAccessPass.cpp.o
[2127/5247][ 40%][277.787s] Building CXX object lib/CodeGen/CMakeFiles/LLVMCodeGen.dir/IfConversion.cpp.o
[2128/5247][ 40%][277.875s] Building CXX object lib/CodeGen/CMakeFiles/LLVMCodeGen.dir/InterleavedLoadCombinePass.cpp.o
[2129/5247][ 40%][277.965s] Building CXX object lib/CodeGen/CMakeFiles/LLVMCodeGen.dir/LatencyPriorityQueue.cpp.o
[2130/5247][ 40%][277.981s] Building CXX object lib/CodeGen/CMakeFiles/LLVMCodeGen.dir/LazyMachineBlockFrequencyInfo.cpp.o
[2131/5247][ 40%][278.033s] Building CXX object lib/CodeGen/CMakeFiles/LLVMCodeGen.dir/LexicalScopes.cpp.o
[2132/5247][ 40%][278.123s] Building CXX object lib/CodeGen/CMakeFiles/LLVMCodeGen.dir/LivePhysRegs.cpp.o
[2133/5247][ 40%][278.171s] Building CXX object lib/CodeGen/CMakeFiles/LLVMCodeGen.dir/LiveIntervalUnion.cpp.o
[2134/5247][ 40%][278.186s] Building CXX object lib/CodeGen/CMakeFiles/LLVMCodeGen.dir/KCFI.cpp.o
[2135/5247][ 40%][278.383s] Building CXX object lib/CodeGen/CMakeFiles/LLVMCodeGen.dir/InlineSpiller.cpp.o
[2136/5247][ 40%][278.680s] Building CXX object lib/CodeGen/CMakeFiles/LLVMCodeGen.dir/LiveInterval.cpp.o
[2137/5247][ 40%][279.110s] Building CXX object lib/CodeGen/CMakeFiles/LLVMCodeGen.dir/LiveIntervalCalc.cpp.o
[2138/5247][ 40%][279.227s] Building CXX object lib/CodeGen/CMakeFiles/LLVMCodeGen.dir/LiveRegUnits.cpp.o
[2139/5247][ 40%][279.255s] Building CXX object lib/CodeGen/CMakeFiles/LLVMCodeGen.dir/LiveRangeCalc.cpp.o
[2140/5247][ 40%][279.275s] Building CXX object lib/CodeGen/CMakeFiles/LLVMCodeGen.dir/LiveIntervals.cpp.o
[2141/5247][ 40%][279.373s] Building CXX object lib/CodeGen/CMakeFiles/LLVMCodeGen.dir/LiveRangeShrink.cpp.o
[2142/5247][ 40%][279.457s] Building CXX object lib/CodeGen/CMakeFiles/LLVMCodeGen.dir/LiveRegMatrix.cpp.o
[2143/5247][ 40%][279.488s] Building CXX object lib/CodeGen/CMakeFiles/LLVMCodeGen.dir/CodeGenPrepare.cpp.o
[2144/5247][ 40%][279.545s] Building CXX object lib/CodeGen/CMakeFiles/LLVMCodeGen.dir/LiveStacks.cpp.o
[2145/5247][ 40%][279.551s] Building CXX object lib/CodeGen/CMakeFiles/LLVMCodeGen.dir/LiveRangeEdit.cpp.o
[2146/5247][ 40%][279.655s] Building CXX object lib/CodeGen/CMakeFiles/LLVMCodeGen.dir/LocalStackSlotAllocation.cpp.o
[2147/5247][ 40%][279.660s] Building CXX object lib/CodeGen/CMakeFiles/LLVMCodeGen.dir/LoopTraversal.cpp.o
[2148/5247][ 40%][279.710s] Building CXX object lib/CodeGen/CMakeFiles/LLVMCodeGen.dir/LowLevelTypeUtils.cpp.o
[2149/5247][ 40%][280.188s] Building CXX object lib/CodeGen/CMakeFiles/LLVMCodeGen.dir/LowerEmuTLS.cpp.o
[2150/5247][ 40%][280.216s] Building CXX object lib/CodeGen/CMakeFiles/LLVMCodeGen.dir/LiveVariables.cpp.o
[2151/5247][ 40%][280.490s] Building CXX object lib/CodeGen/CMakeFiles/LLVMCodeGen.dir/MachineBranchProbabilityInfo.cpp.o
[2152/5247][ 41%][280.770s] Building CXX object lib/CodeGen/CMakeFiles/LLVMCodeGen.dir/LiveDebugVariables.cpp.o
[2153/5247][ 41%][281.393s] Building CXX object lib/CodeGen/CMakeFiles/LLVMCodeGen.dir/MachineCFGPrinter.cpp.o
[2154/5247][ 41%][281.606s] Building CXX object lib/CodeGen/CMakeFiles/LLVMCodeGen.dir/MachineCheckDebugify.cpp.o
[2155/5247][ 41%][281.779s] Building CXX object lib/CodeGen/CMakeFiles/LLVMCodeGen.dir/MachineDominanceFrontier.cpp.o
[2156/5247][ 41%][281.804s] Building CXX object lib/CodeGen/CMakeFiles/LLVMCodeGen.dir/MachineCombiner.cpp.o
[2157/5247][ 41%][282.017s] Building CXX object lib/CodeGen/CMakeFiles/LLVMCodeGen.dir/MachineBlockFrequencyInfo.cpp.o
[2158/5247][ 41%][282.084s] Building CXX object lib/CodeGen/CMakeFiles/LLVMCodeGen.dir/MachineCycleAnalysis.cpp.o
[2159/5247][ 41%][282.135s] Building CXX object lib/CodeGen/CMakeFiles/LLVMCodeGen.dir/MachineCopyPropagation.cpp.o
[2160/5247][ 41%][282.267s] Building CXX object lib/CodeGen/CMakeFiles/LLVMCodeGen.dir/MachineCSE.cpp.o
[2161/5247][ 41%][282.308s] Building CXX object lib/CodeGen/CMakeFiles/LLVMCodeGen.dir/MachineFrameInfo.cpp.o
[2162/5247][ 41%][282.697s] Building CXX object lib/CodeGen/CMakeFiles/LLVMCodeGen.dir/MachineDebugify.cpp.o
[2163/5247][ 41%][282.847s] Building CXX object lib/CodeGen/CMakeFiles/LLVMCodeGen.dir/MachineFunctionPrinterPass.cpp.o
[2164/5247][ 41%][282.931s] Building CXX object lib/CodeGen/CMakeFiles/LLVMCodeGen.dir/MachineBasicBlock.cpp.o
[2165/5247][ 41%][282.974s] Building CXX object lib/CodeGen/CMakeFiles/LLVMCodeGen.dir/LLVMTargetMachine.cpp.o
[2166/5247][ 41%][283.580s] Building CXX object lib/CodeGen/CMakeFiles/LLVMCodeGen.dir/MachineInstrBundle.cpp.o
[2167/5247][ 41%][283.626s] Building CXX object lib/CodeGen/CMakeFiles/LLVMCodeGen.dir/MachineBlockPlacement.cpp.o
[2168/5247][ 41%][283.680s] Building CXX object lib/CodeGen/CMakeFiles/LLVMCodeGen.dir/MachineFunctionPass.cpp.o
[2169/5247][ 41%][283.720s] Building CXX object lib/CodeGen/CMakeFiles/LLVMCodeGen.dir/MachineDominators.cpp.o
[2170/5247][ 41%][283.757s] Building CXX object lib/CodeGen/CMakeFiles/LLVMCodeGen.dir/MachineFunctionSplitter.cpp.o
[2171/5247][ 41%][283.862s] Building CXX object lib/CodeGen/CMakeFiles/LLVMCodeGen.dir/MachineLateInstrsCleanup.cpp.o
[2172/5247][ 41%][284.094s] Building CXX object lib/CodeGen/CMakeFiles/LLVMCodeGen.dir/MachineModuleInfoImpls.cpp.o
[2173/5247][ 41%][284.120s] Building CXX object lib/CodeGen/CMakeFiles/LLVMCodeGen.dir/MachineLoopUtils.cpp.o
[2174/5247][ 41%][284.553s] Building CXX object lib/CodeGen/CMakeFiles/LLVMCodeGen.dir/MachineModuleSlotTracker.cpp.o
[2175/5247][ 41%][284.590s] Building CXX object lib/CodeGen/CMakeFiles/LLVMCodeGen.dir/MachineModuleInfo.cpp.o
[2176/5247][ 41%][284.810s] Building CXX object lib/CodeGen/CMakeFiles/LLVMCodeGen.dir/MachineOptimizationRemarkEmitter.cpp.o
[2177/5247][ 41%][284.915s] Building CXX object lib/CodeGen/CMakeFiles/LLVMCodeGen.dir/MachineLoopInfo.cpp.o
[2178/5247][ 41%][285.079s] Building CXX object lib/CodeGen/CMakeFiles/LLVMCodeGen.dir/MachineFunction.cpp.o
[2179/5247][ 41%][285.187s] Building CXX object lib/CodeGen/CMakeFiles/LLVMCodeGen.dir/MachineInstr.cpp.o
[2180/5247][ 41%][285.475s] Building CXX object lib/CodeGen/CMakeFiles/LLVMCodeGen.dir/MachineLICM.cpp.o
[2181/5247][ 41%][285.774s] Building CXX object lib/CodeGen/CMakeFiles/LLVMCodeGen.dir/MachineOperand.cpp.o
[2182/5247][ 41%][285.776s] Building CXX object lib/CodeGen/CMakeFiles/LLVMCodeGen.dir/MachinePassManager.cpp.o
[2183/5247][ 41%][285.955s] Building CXX object lib/CodeGen/CMakeFiles/LLVMCodeGen.dir/MachineSizeOpts.cpp.o
[2184/5247][ 41%][285.978s] Building CXX object lib/CodeGen/CMakeFiles/LLVMCodeGen.dir/MachineRegisterInfo.cpp.o
[2185/5247][ 41%][286.243s] Building CXX object lib/CodeGen/CMakeFiles/LLVMCodeGen.dir/MachineSSAContext.cpp.o
[2186/5247][ 41%][286.703s] Building CXX object lib/CodeGen/CMakeFiles/LLVMCodeGen.dir/MachineSSAUpdater.cpp.o
[2187/5247][ 41%][286.720s] Building CXX object lib/CodeGen/CMakeFiles/LLVMCodeGen.dir/MachineStripDebug.cpp.o
[2188/5247][ 41%][286.879s] Building CXX object lib/CodeGen/CMakeFiles/LLVMCodeGen.dir/MachinePostDominators.cpp.o
[2189/5247][ 41%][287.014s] Building CXX object lib/CodeGen/CMakeFiles/LLVMCodeGen.dir/MachineRegionInfo.cpp.o
[2190/5247][ 41%][287.218s] Building CXX object lib/CodeGen/CMakeFiles/LLVMCodeGen.dir/MachineOutliner.cpp.o
[2191/5247][ 41%][287.360s] Building CXX object lib/CodeGen/CMakeFiles/LLVMCodeGen.dir/MachineTraceMetrics.cpp.o
[2192/5247][ 41%][287.370s] Building CXX object lib/CodeGen/CMakeFiles/LLVMCodeGen.dir/MultiHazardRecognizer.cpp.o
[2193/5247][ 41%][287.477s] Building CXX object lib/CodeGen/CMakeFiles/LLVMCodeGen.dir/MIRYamlMapping.cpp.o
[2194/5247][ 41%][287.975s] Building CXX object lib/CodeGen/CMakeFiles/LLVMCodeGen.dir/MIRFSDiscriminator.cpp.o
[2195/5247][ 41%][288.243s] Building CXX object lib/CodeGen/CMakeFiles/LLVMCodeGen.dir/MBFIWrapper.cpp.o
[2196/5247][ 41%][288.400s] Building CXX object lib/CodeGen/CMakeFiles/LLVMCodeGen.dir/MachineUniformityAnalysis.cpp.o
[2197/5247][ 41%][288.412s] Building CXX object lib/CodeGen/CMakeFiles/LLVMCodeGen.dir/MIRPrintingPass.cpp.o
[2198/5247][ 41%][288.529s] Building CXX object lib/CodeGen/CMakeFiles/LLVMCodeGen.dir/MLRegallocPriorityAdvisor.cpp.o
[2199/5247][ 41%][288.541s] Building CXX object lib/CodeGen/CMakeFiles/LLVMCodeGen.dir/PatchableFunction.cpp.o
[2200/5247][ 41%][288.792s] Building CXX object lib/CodeGen/CMakeFiles/LLVMCodeGen.dir/NonRelocatableStringpool.cpp.o
[2201/5247][ 41%][289.078s] Building CXX object lib/CodeGen/CMakeFiles/LLVMCodeGen.dir/MachineSink.cpp.o
[2202/5247][ 41%][289.090s] Building CXX object lib/CodeGen/CMakeFiles/LLVMCodeGen.dir/MLRegallocEvictAdvisor.cpp.o
[2203/5247][ 41%][289.444s] Building CXX object lib/CodeGen/CMakeFiles/LLVMCodeGen.dir/MachineScheduler.cpp.o
[2204/5247][ 42%][289.496s] Building CXX object lib/CodeGen/CMakeFiles/LLVMCodeGen.dir/MIRSampleProfile.cpp.o
[2205/5247][ 42%][289.500s] Building CXX object lib/CodeGen/CMakeFiles/LLVMCodeGen.dir/OptimizePHIs.cpp.o
[2206/5247][ 42%][289.598s] Building CXX object lib/CodeGen/CMakeFiles/LLVMCodeGen.dir/MachinePipeliner.cpp.o
[2207/5247][ 42%][289.654s] Building CXX object lib/CodeGen/CMakeFiles/LLVMCodeGen.dir/MacroFusion.cpp.o
[2208/5247][ 42%][289.788s] Building CXX object lib/CodeGen/CMakeFiles/LLVMCodeGen.dir/MachineVerifier.cpp.o
[2209/5247][ 42%][289.919s] Building CXX object lib/CodeGen/CMakeFiles/LLVMCodeGen.dir/PHIEliminationUtils.cpp.o
[2210/5247][ 42%][289.999s] Building CXX object lib/CodeGen/CMakeFiles/LLVMCodeGen.dir/ParallelCG.cpp.o
[2211/5247][ 42%][290.167s] Building CXX object lib/CodeGen/CMakeFiles/LLVMCodeGen.dir/ModuloSchedule.cpp.o
[2212/5247][ 42%][290.315s] Building CXX object lib/CodeGen/CMakeFiles/LLVMCodeGen.dir/PostRAHazardRecognizer.cpp.o
[2213/5247][ 42%][290.739s] Building CXX object lib/CodeGen/CMakeFiles/LLVMCodeGen.dir/PseudoSourceValue.cpp.o
[2214/5247][ 42%][290.788s] Building CXX object lib/CodeGen/CMakeFiles/LLVMCodeGen.dir/PeepholeOptimizer.cpp.o
[2215/5247][ 42%][290.945s] Building CXX object lib/CodeGen/CMakeFiles/LLVMCodeGen.dir/ProcessImplicitDefs.cpp.o
[2216/5247][ 42%][291.070s] Building CXX object lib/CodeGen/CMakeFiles/LLVMCodeGen.dir/PseudoProbeInserter.cpp.o
[2217/5247][ 42%][291.359s] Building CXX object lib/CodeGen/CMakeFiles/LLVMCodeGen.dir/RDFRegisters.cpp.o
[2218/5247][ 42%][291.383s] Building CXX object lib/CodeGen/CMakeFiles/LLVMCodeGen.dir/PHIElimination.cpp.o
[2219/5247][ 42%][291.386s] Building CXX object lib/CodeGen/CMakeFiles/LLVMCodeGen.dir/PostRASchedulerList.cpp.o
[2220/5247][ 42%][291.395s] Building CXX object lib/CodeGen/CMakeFiles/LLVMCodeGen.dir/MIRPrinter.cpp.o
[2221/5247][ 42%][291.452s] Building CXX object lib/CodeGen/CMakeFiles/LLVMCodeGen.dir/PreISelIntrinsicLowering.cpp.o
[2222/5247][ 42%][291.814s] Building CXX object lib/CodeGen/CMakeFiles/LLVMCodeGen.dir/RegAllocBase.cpp.o
[2223/5247][ 42%][291.866s] Building CXX object lib/CodeGen/CMakeFiles/LLVMCodeGen.dir/ReachingDefAnalysis.cpp.o
[2224/5247][ 42%][292.451s] Building CXX object lib/CodeGen/CMakeFiles/LLVMCodeGen.dir/RegAllocBasic.cpp.o
[2225/5247][ 42%][292.586s] Building CXX object lib/CodeGen/CMakeFiles/LLVMCodeGen.dir/PrologEpilogInserter.cpp.o
[2226/5247][ 42%][292.608s] Building CXX object lib/CodeGen/CMakeFiles/LLVMCodeGen.dir/RegAllocEvictionAdvisor.cpp.o
[2227/5247][ 42%][292.693s] Building CXX object lib/CodeGen/CMakeFiles/LLVMCodeGen.dir/RegisterClassInfo.cpp.o
[2228/5247][ 42%][292.805s] Building CXX object lib/CodeGen/CMakeFiles/LLVMCodeGen.dir/RDFGraph.cpp.o
[2229/5247][ 42%][292.931s] Building CXX object lib/CodeGen/CMakeFiles/LLVMCodeGen.dir/RegAllocScore.cpp.o
[2230/5247][ 42%][292.993s] Building CXX object lib/CodeGen/CMakeFiles/LLVMCodeGen.dir/RegAllocPriorityAdvisor.cpp.o
[2231/5247][ 42%][293.521s] Building CXX object lib/CodeGen/CMakeFiles/LLVMCodeGen.dir/RDFLiveness.cpp.o
[2232/5247][ 42%][293.546s] Building CXX object lib/CodeGen/CMakeFiles/LLVMCodeGen.dir/RegisterPressure.cpp.o
[2233/5247][ 42%][293.569s] Building CXX object lib/CodeGen/CMakeFiles/LLVMCodeGen.dir/RegisterScavenging.cpp.o
[2234/5247][ 42%][293.614s] Building CXX object lib/CodeGen/CMakeFiles/LLVMCodeGen.dir/RegAllocFast.cpp.o
[2235/5247][ 42%][293.845s] Building CXX object lib/CodeGen/CMakeFiles/LLVMCodeGen.dir/MachineStableHash.cpp.o
[2236/5247][ 42%][293.903s] Building CXX object lib/CodeGen/CMakeFiles/LLVMCodeGen.dir/MIRNamerPass.cpp.o
[2237/5247][ 42%][293.961s] Building CXX object lib/CodeGen/CMakeFiles/LLVMCodeGen.dir/MIRVRegNamerUtils.cpp.o
[2238/5247][ 42%][294.060s] Building CXX object lib/CodeGen/CMakeFiles/LLVMCodeGen.dir/RemoveRedundantDebugValues.cpp.o
[2239/5247][ 42%][294.275s] Building CXX object lib/CodeGen/CMakeFiles/LLVMCodeGen.dir/RegisterUsageInfo.cpp.o
[2240/5247][ 42%][294.384s] Building CXX object lib/CodeGen/CMakeFiles/LLVMCodeGen.dir/RenameIndependentSubregs.cpp.o
[2241/5247][ 42%][294.591s] Building CXX object lib/CodeGen/CMakeFiles/LLVMCodeGen.dir/RegisterBank.cpp.o
[2242/5247][ 42%][294.768s] Building CXX object lib/CodeGen/CMakeFiles/LLVMCodeGen.dir/RegUsageInfoPropagate.cpp.o
[2243/5247][ 42%][294.792s] Building CXX object lib/CodeGen/CMakeFiles/LLVMCodeGen.dir/MIRCanonicalizerPass.cpp.o
[2244/5247][ 42%][294.800s] Building CXX object lib/CodeGen/CMakeFiles/LLVMCodeGen.dir/RegUsageInfoCollector.cpp.o
[2245/5247][ 42%][294.955s] Building CXX object lib/CodeGen/CMakeFiles/LLVMCodeGen.dir/RegAllocPBQP.cpp.o
[2246/5247][ 42%][294.961s] Building CXX object lib/CodeGen/CMakeFiles/LLVMCodeGen.dir/RegAllocGreedy.cpp.o
[2247/5247][ 42%][295.015s] Building CXX object lib/CodeGen/CMakeFiles/LLVMCodeGen.dir/ResetMachineFunctionPass.cpp.o
[2248/5247][ 42%][295.201s] Building CXX object lib/CodeGen/CMakeFiles/LLVMCodeGen.dir/SafeStackLayout.cpp.o
[2249/5247][ 42%][295.266s] Building CXX object lib/CodeGen/CMakeFiles/LLVMCodeGen.dir/ReplaceWithVeclib.cpp.o
[2250/5247][ 42%][295.428s] Building CXX object lib/CodeGen/CMakeFiles/LLVMCodeGen.dir/RegisterCoalescer.cpp.o
[2251/5247][ 42%][295.647s] Building CXX object lib/CodeGen/CMakeFiles/LLVMCodeGen.dir/RegisterBankInfo.cpp.o
[2252/5247][ 42%][295.793s] Building CXX object lib/CodeGen/CMakeFiles/LLVMCodeGen.dir/SanitizerBinaryMetadata.cpp.o
[2253/5247][ 42%][296.281s] Building CXX object lib/CodeGen/CMakeFiles/LLVMCodeGen.dir/SpillPlacement.cpp.o
[2254/5247][ 42%][296.292s] Building CXX object lib/CodeGen/CMakeFiles/LLVMCodeGen.dir/ShadowStackGCLowering.cpp.o
[2255/5247][ 42%][296.363s] Building CXX object lib/CodeGen/CMakeFiles/LLVMCodeGen.dir/ScheduleDAGPrinter.cpp.o
[2256/5247][ 42%][296.393s] Building CXX object lib/CodeGen/CMakeFiles/LLVMCodeGen.dir/SlotIndexes.cpp.o
[2257/5247][ 43%][296.402s] Building CXX object lib/CodeGen/CMakeFiles/LLVMCodeGen.dir/ScoreboardHazardRecognizer.cpp.o
[2258/5247][ 43%][296.469s] Building CXX object lib/CodeGen/CMakeFiles/LLVMCodeGen.dir/ScheduleDAG.cpp.o
[2259/5247][ 43%][296.508s] Building CXX object lib/CodeGen/CMakeFiles/LLVMCodeGen.dir/SjLjEHPrepare.cpp.o
[2260/5247][ 43%][297.059s] Building CXX object lib/CodeGen/CMakeFiles/LLVMCodeGen.dir/SafeStack.cpp.o
[2261/5247][ 43%][297.433s] Building CXX object lib/CodeGen/CMakeFiles/LLVMCodeGen.dir/StackMapLivenessAnalysis.cpp.o
[2262/5247][ 43%][297.565s] Building CXX object lib/CodeGen/CMakeFiles/LLVMCodeGen.dir/ScheduleDAGInstrs.cpp.o
[2263/5247][ 43%][297.608s] Building CXX object lib/CodeGen/CMakeFiles/LLVMCodeGen.dir/ShrinkWrap.cpp.o
[2264/5247][ 43%][297.943s] Building CXX object lib/CodeGen/CMakeFiles/LLVMCodeGen.dir/SelectOptimize.cpp.o
[2265/5247][ 43%][298.010s] Building CXX object lib/CodeGen/CMakeFiles/LLVMCodeGen.dir/StackFrameLayoutAnalysisPass.cpp.o
[2266/5247][ 43%][298.011s] Building CXX object lib/CodeGen/CMakeFiles/LLVMCodeGen.dir/TailDuplication.cpp.o
[2267/5247][ 43%][298.276s] Building CXX object lib/CodeGen/CMakeFiles/LLVMCodeGen.dir/StackColoring.cpp.o
[2268/5247][ 43%][298.291s] Building CXX object lib/CodeGen/CMakeFiles/LLVMCodeGen.dir/StackMaps.cpp.o
[2269/5247][ 43%][298.376s] Building CXX object lib/CodeGen/CMakeFiles/LLVMCodeGen.dir/SwiftErrorValueTracking.cpp.o
[2270/5247][ 43%][298.542s] Building CXX object lib/CodeGen/CMakeFiles/LLVMCodeGen.dir/SplitKit.cpp.o
[2271/5247][ 43%][298.597s] Building CXX object lib/CodeGen/CMakeFiles/LLVMCodeGen.dir/StackSlotColoring.cpp.o
[2272/5247][ 43%][298.697s] Building CXX object lib/CodeGen/CMakeFiles/LLVMCodeGen.dir/SwitchLoweringUtils.cpp.o
[2273/5247][ 43%][298.721s] Building CXX object lib/CodeGen/CMakeFiles/LLVMCodeGen.dir/TargetFrameLoweringImpl.cpp.o
[2274/5247][ 43%][298.857s] Building CXX object lib/CodeGen/CMakeFiles/LLVMCodeGen.dir/TargetSubtargetInfo.cpp.o
[2275/5247][ 43%][298.914s] Building CXX object lib/CodeGen/CMakeFiles/LLVMCodeGen.dir/StackProtector.cpp.o
[2276/5247][ 43%][299.013s] Building CXX object lib/CodeGen/CMakeFiles/LLVMCodeGen.dir/TargetOptionsImpl.cpp.o
[2277/5247][ 43%][299.250s] Building CXX object lib/CodeGen/CMakeFiles/LLVMCodeGen.dir/ValueTypes.cpp.o
[2278/5247][ 43%][299.482s] Building CXX object lib/CodeGen/CMakeFiles/LLVMCodeGen.dir/TailDuplicator.cpp.o
[2279/5247][ 43%][299.603s] Building CXX object lib/CodeGen/CMakeFiles/LLVMCodeGen.dir/TargetSchedule.cpp.o
[2280/5247][ 43%][300.146s] Building CXX object lib/CodeGen/CMakeFiles/LLVMCodeGen.dir/TargetPassConfig.cpp.o
[2281/5247][ 43%][300.182s] Building CXX object lib/CodeGen/CMakeFiles/LLVMCodeGen.dir/TargetLoweringBase.cpp.o
[2282/5247][ 43%][300.285s] Building CXX object lib/CodeGen/CMakeFiles/LLVMCodeGen.dir/TargetInstrInfo.cpp.o
[2283/5247][ 43%][300.330s] Building CXX object lib/CodeGen/CMakeFiles/LLVMCodeGen.dir/TargetRegisterInfo.cpp.o
[2284/5247][ 43%][300.345s] Building CXX object lib/CodeGen/CMakeFiles/LLVMCodeGen.dir/UnreachableBlockElim.cpp.o
[2285/5247][ 43%][300.367s] Linking CXX static library lib/libLLVMObjCARCOpts.a
[2286/5247][ 43%][300.404s] Linking CXX static library lib/libLLVMipo.a
[2287/5247][ 43%][300.500s] Building CXX object lib/CodeGen/CMakeFiles/LLVMCodeGen.dir/WasmEHPrepare.cpp.o
[2288/5247][ 43%][300.529s] Building CXX object lib/CodeGen/CMakeFiles/LLVMCodeGen.dir/TargetLoweringObjectFileImpl.cpp.o
[2289/5247][ 43%][300.893s] Building CXX object lib/CodeGen/CMakeFiles/LLVMCodeGen.dir/LiveDebugValues/LiveDebugValues.cpp.o
[2290/5247][ 43%][300.912s] Building CXX object lib/CodeGen/CMakeFiles/LLVMCodeGen.dir/VirtRegMap.cpp.o
[2291/5247][ 43%][301.093s] Building CXX object lib/CodeGen/CMakeFiles/LLVMCodeGen.dir/TypePromotion.cpp.o
[2292/5247][ 43%][301.127s] Linking CXX static library lib/libLLVMTarget.a
[2293/5247][ 43%][301.217s] Building CXX object lib/CodeGen/CMakeFiles/LLVMCodeGen.dir/VLIWMachineScheduler.cpp.o
[2294/5247][ 43%][301.400s] Building CXX object lib/CodeGen/CMakeFiles/LLVMCodeGen.dir/XRayInstrumentation.cpp.o
[2295/5247][ 43%][301.403s] Building CXX object lib/CodeGen/CMakeFiles/LLVMCodeGen.dir/TwoAddressInstructionPass.cpp.o
[2296/5247][ 43%][301.600s] Building CXX object lib/Transforms/Coroutines/CMakeFiles/LLVMCoroutines.dir/CoroConditionalWrapper.cpp.o
[2297/5247][ 43%][301.908s] Building CXX object lib/Transforms/Coroutines/CMakeFiles/LLVMCoroutines.dir/CoroCleanup.cpp.o
[2298/5247][ 43%][301.918s] Building CXX object lib/Transforms/Coroutines/CMakeFiles/LLVMCoroutines.dir/Coroutines.cpp.o
[2299/5247][ 43%][301.934s] Building CXX object lib/CodeGen/CMakeFiles/LLVMCodeGen.dir/WinEHPrepare.cpp.o
[2300/5247][ 43%][301.953s] Building CXX object lib/Transforms/Coroutines/CMakeFiles/LLVMCoroutines.dir/CoroEarly.cpp.o
[2301/5247][ 43%][302.276s] Building X86GenCallingConv.inc...
[2302/5247][ 43%][302.279s] Building X86GenAsmMatcher.inc...
[2303/5247][ 43%][302.351s] Building X86GenAsmWriter.inc...
[2304/5247][ 43%][302.513s] Building CXX object lib/Transforms/Coroutines/CMakeFiles/LLVMCoroutines.dir/CoroElide.cpp.o
[2305/5247][ 43%][302.617s] Building X86GenAsmWriter1.inc...
[2306/5247][ 43%][302.799s] Building X86GenExegesis.inc...
[2307/5247][ 43%][303.060s] Building X86GenEVEX2VEXTables.inc...
[2308/5247][ 43%][303.195s] Building X86GenDisassemblerTables.inc...
[2309/5247][ 44%][303.572s] Building X86GenRegisterBank.inc...
[2310/5247][ 44%][303.644s] Building X86GenMnemonicTables.inc...
[2311/5247][ 44%][303.702s] Building X86GenFoldTables.inc...
[2312/5247][ 44%][303.713s] Building X86GenRegisterInfo.inc...
[2313/5247][ 44%][303.733s] Building ARMGenAsmMatcher.inc...
[2314/5247][ 44%][303.768s] Building X86GenFastISel.inc...
[2315/5247][ 44%][304.003s] Building ARMGenAsmWriter.inc...
[2316/5247][ 44%][304.003s] Building ARMGenCallingConv.inc...
[2317/5247][ 44%][304.160s] Building CXX object lib/Transforms/Coroutines/CMakeFiles/LLVMCoroutines.dir/CoroSplit.cpp.o
[2318/5247][ 44%][304.177s] Building ARMGenDisassemblerTables.inc...
[2319/5247][ 44%][304.205s] Building X86GenDAGISel.inc...
[2320/5247][ 44%][304.312s] Building ARMGenFastISel.inc...
[2321/5247][ 44%][304.375s] Building ARMGenGlobalISel.inc...
[2322/5247][ 44%][304.400s] Building ARMGenDAGISel.inc...
[2323/5247][ 44%][304.408s] Building ARMGenMCCodeEmitter.inc...
[2324/5247][ 44%][304.473s] Building X86GenGlobalISel.inc...
[2325/5247][ 44%][304.543s] Building ARMGenRegisterBank.inc...
[2326/5247][ 44%][304.572s] Building ARMGenRegisterInfo.inc...
[2327/5247][ 44%][304.626s] Building ARMGenMCPseudoLowering.inc...
[2328/5247][ 44%][304.763s] Building ARMGenSystemRegister.inc...
[2329/5247][ 44%][304.869s] Building ARMGenInstrInfo.inc...
[2330/5247][ 44%][304.968s] Building CXX object lib/CodeGen/CMakeFiles/LLVMCodeGen.dir/LiveDebugValues/VarLocBasedImpl.cpp.o
[2331/5247][ 44%][304.976s] Building ARMGenSubtargetInfo.inc...
[2332/5247][ 44%][304.993s] Building AArch64GenCallingConv.inc...
[2333/5247][ 44%][305.074s] Building AArch64GenAsmWriter.inc...
[2334/5247][ 44%][305.173s] Building AArch64GenAsmWriter1.inc...
[2335/5247][ 44%][305.191s] Building AArch64GenAsmMatcher.inc...
[2336/5247][ 44%][305.252s] Building AArch64GenExegesis.inc...
[2337/5247][ 44%][305.317s] Building AArch64GenDisassemblerTables.inc...
[2338/5247][ 44%][305.569s] Building AArch64GenMCPseudoLowering.inc...
[2339/5247][ 44%][305.601s] Building AArch64GenMCCodeEmitter.inc...
[2340/5247][ 44%][305.696s] Building AArch64GenO0PreLegalizeGICombiner.inc...
[2341/5247][ 44%][305.724s] Building AArch64GenPostLegalizeGICombiner.inc...
[2342/5247][ 44%][305.786s] Building AArch64GenPostLegalizeGILowering.inc...
[2343/5247][ 44%][305.830s] Building AArch64GenFastISel.inc...
[2344/5247][ 44%][305.905s] Building AArch64GenPreLegalizeGICombiner.inc...
[2345/5247][ 44%][306.107s] Building PPCGenAsmMatcher.inc...
[2346/5247][ 44%][306.125s] Building AArch64GenRegisterBank.inc...
[2347/5247][ 44%][306.149s] Building PPCGenAsmWriter.inc...
[2348/5247][ 44%][306.215s] Building PPCGenCallingConv.inc...
[2349/5247][ 44%][306.221s] Building AArch64GenRegisterInfo.inc...
[2350/5247][ 44%][306.224s] Building AArch64GenGlobalISel.inc...
[2351/5247][ 44%][306.231s] Building AArch64GenDAGISel.inc...
[2352/5247][ 44%][306.240s] Building AArch64GenSystemOperands.inc...
[2353/5247][ 44%][306.292s] Building CXX object lib/Transforms/Coroutines/CMakeFiles/LLVMCoroutines.dir/CoroFrame.cpp.o
[2354/5247][ 44%][306.431s] Building PPCGenExegesis.inc...
[2355/5247][ 44%][306.483s] Building PPCGenDisassemblerTables.inc...
[2356/5247][ 44%][306.515s] Building PPCGenRegisterBank.inc...
[2357/5247][ 44%][306.522s] Building PPCGenMCCodeEmitter.inc...
[2358/5247][ 44%][306.582s] Building PPCGenRegisterInfo.inc...
[2359/5247][ 44%][306.750s] Building PPCGenFastISel.inc...
[2360/5247][ 44%][306.768s] Building PPCGenSubtargetInfo.inc...
[2361/5247][ 44%][306.803s] Building SystemZGenCallingConv.inc...
[2362/5247][ 45%][306.810s] Building SystemZGenAsmWriter.inc...
[2363/5247][ 45%][306.821s] Building PPCGenInstrInfo.inc...
[2364/5247][ 45%][306.822s] Building PPCGenDAGISel.inc...
[2365/5247][ 45%][306.829s] Building SystemZGenAsmMatcher.inc...
[2366/5247][ 45%][306.881s] Building PPCGenGlobalISel.inc...
[2367/5247][ 45%][306.985s] Building SystemZGenDAGISel.inc...
[2368/5247][ 45%][307.082s] Building SystemZGenDisassemblerTables.inc...
[2369/5247][ 45%][307.106s] Building SystemZGenRegisterInfo.inc...
[2370/5247][ 45%][307.106s] Building SystemZGenMCCodeEmitter.inc...
[2371/5247][ 45%][307.155s] Building MipsGenAsmWriter.inc...
[2372/5247][ 45%][307.176s] Building MipsGenCallingConv.inc...
[2373/5247][ 45%][307.188s] Building MipsGenAsmMatcher.inc...
[2374/5247][ 45%][307.403s] Building MipsGenDAGISel.inc...
[2375/5247][ 45%][307.405s] Building MipsGenExegesis.inc...
[2376/5247][ 45%][307.410s] Building MipsGenDisassemblerTables.inc...
[2377/5247][ 45%][307.467s] Building MipsGenFastISel.inc...
[2378/5247][ 45%][307.529s] Building MipsGenMCCodeEmitter.inc...
[2379/5247][ 45%][307.548s] Building MipsGenGlobalISel.inc...
[2380/5247][ 45%][307.558s] Building SystemZGenInstrInfo.inc...
[2381/5247][ 45%][307.582s] Building SystemZGenSubtargetInfo.inc...
[2382/5247][ 45%][307.638s] Building X86GenInstrInfo.inc...
[2383/5247][ 45%][307.691s] Building MipsGenMCPseudoLowering.inc...
[2384/5247][ 45%][307.694s] Building MipsGenRegisterBank.inc...
[2385/5247][ 45%][307.699s] Building MipsGenPostLegalizeGICombiner.inc...
[2386/5247][ 45%][307.793s] Building MipsGenRegisterInfo.inc...
[2387/5247][ 45%][307.902s] Building CXX object lib/CodeGen/CMakeFiles/LLVMCodeGen.dir/LiveDebugValues/InstrRefBasedImpl.cpp.o
[2388/5247][ 45%][307.905s] Building MipsGenInstrInfo.inc...
[2389/5247][ 45%][307.965s] Building MipsGenSubtargetInfo.inc...
[2390/5247][ 45%][308.290s] Building X86GenSubtargetInfo.inc...
[2391/5247][ 45%][308.420s] Building RISCVGenCompressInstEmitter.inc...
[2392/5247][ 45%][308.502s] Building RISCVGenAsmWriter.inc...
[2393/5247][ 45%][308.554s] Building RISCVGenAsmMatcher.inc...
[2394/5247][ 45%][308.717s] Building RISCVGenDisassemblerTables.inc...
[2395/5247][ 45%][308.767s] Building RISCVGenMCCodeEmitter.inc...
[2396/5247][ 45%][308.779s] Building RISCVGenMCPseudoLowering.inc...
[2397/5247][ 45%][308.803s] Building AVRGenAsmMatcher.inc...
[2398/5247][ 45%][308.852s] Building RISCVGenRegisterBank.inc...
[2399/5247][ 45%][308.874s] Building RISCVGenRegisterInfo.inc...
[2400/5247][ 45%][308.944s] Building AVRGenAsmWriter.inc...
[2401/5247][ 45%][309.012s] Building AVRGenDAGISel.inc...
[2402/5247][ 45%][309.014s] Building AVRGenCallingConv.inc...
[2403/5247][ 45%][309.016s] Building AVRGenDisassemblerTables.inc...
[2404/5247][ 45%][309.084s] Linking CXX static library lib/libclangTransformer.a
[2405/5247][ 45%][309.087s] Building AVRGenMCCodeEmitter.inc...
[2406/5247][ 45%][309.096s] Building AVRGenInstrInfo.inc...
[2407/5247][ 45%][309.111s] Building CXX object lib/Target/WebAssembly/TargetInfo/CMakeFiles/LLVMWebAssemblyInfo.dir/WebAssemblyTargetInfo.cpp.o
[2408/5247][ 45%][309.120s] Linking CXX static library lib/libclangTidy.a
[2409/5247][ 45%][309.161s] Building AVRGenRegisterInfo.inc...
[2410/5247][ 45%][309.224s] Linking CXX executable bin/clang-tidy-confusable-chars-gen
[2411/5247][ 45%][309.279s] Building AVRGenSubtargetInfo.inc...
[2412/5247][ 45%][309.516s] Building RISCVGenSearchableTables.inc...
[2413/5247][ 45%][309.722s] Building AArch64GenInstrInfo.inc...
[2414/5247][ 46%][310.233s] Building CXX object tools/clang/tools/extra/clang-tidy/utils/CMakeFiles/obj.clangTidyUtils.dir/FileExtensionsUtils.cpp.o
[2415/5247][ 46%][310.325s] Building CXX object tools/clang/tools/extra/clang-tidy/utils/CMakeFiles/obj.clangTidyUtils.dir/ExceptionSpecAnalyzer.cpp.o
[2416/5247][ 46%][310.475s] Building CXX object tools/clang/tools/extra/clang-tidy/utils/CMakeFiles/obj.clangTidyUtils.dir/Aliasing.cpp.o
[2417/5247][ 46%][310.478s] Building AArch64GenSubtargetInfo.inc...
[2418/5247][ 46%][311.115s] Building CXX object tools/clang/tools/extra/clang-tidy/utils/CMakeFiles/obj.clangTidyUtils.dir/ExprSequence.cpp.o
[2419/5247][ 46%][311.338s] Building RISCVGenGlobalISel.inc...
[2420/5247][ 46%][311.370s] Building RISCVGenInstrInfo.inc...
[2421/5247][ 46%][311.556s] Building RISCVGenSubtargetInfo.inc...
[2422/5247][ 46%][311.682s] Building CXX object tools/clang/tools/extra/clang-tidy/utils/CMakeFiles/obj.clangTidyUtils.dir/FixItHintUtils.cpp.o
[2423/5247][ 46%][311.702s] Building CXX object tools/clang/tools/extra/clang-tidy/utils/CMakeFiles/obj.clangTidyUtils.dir/ASTUtils.cpp.o
[2424/5247][ 46%][311.733s] Building CXX object tools/clang/tools/extra/clang-tidy/utils/CMakeFiles/obj.clangTidyUtils.dir/OptionsUtils.cpp.o
[2425/5247][ 46%][312.052s] Building CXX object tools/clang/tools/extra/clang-tidy/utils/CMakeFiles/obj.clangTidyUtils.dir/ExceptionAnalyzer.cpp.o
[2426/5247][ 46%][312.093s] Linking CXX static library lib/libLLVMIRPrinter.a
[2427/5247][ 46%][312.496s] Linking CXX static library lib/libLLVMCodeGen.a
[2428/5247][ 46%][312.910s] Building CXX object tools/clang/tools/extra/clang-tidy/utils/CMakeFiles/obj.clangTidyUtils.dir/LexerUtils.cpp.o
[2429/5247][ 46%][312.942s] Building CXX object tools/clang/tools/extra/clang-tidy/utils/CMakeFiles/obj.clangTidyUtils.dir/IncludeSorter.cpp.o
[2430/5247][ 46%][313.015s] Building CXX object tools/clang/tools/extra/clang-tidy/utils/CMakeFiles/obj.clangTidyUtils.dir/FormatStringConverter.cpp.o
[2431/5247][ 46%][313.160s] Building CXX object tools/clang/tools/extra/clang-tidy/utils/CMakeFiles/obj.clangTidyUtils.dir/IncludeInserter.cpp.o
[2432/5247][ 46%][313.203s] Building RISCVGenDAGISel.inc...
[2433/5247][ 46%][313.322s] Building CXX object tools/clang/tools/extra/clang-tidy/utils/CMakeFiles/obj.clangTidyUtils.dir/DeclRefExprUtils.cpp.o
[2434/5247][ 46%][313.792s] Building CXX object tools/clang/tools/extra/clang-tidy/utils/CMakeFiles/obj.clangTidyUtils.dir/HeaderGuard.cpp.o
[2435/5247][ 46%][314.031s] Building CXX object tools/clang/tools/extra/clang-tidy/utils/CMakeFiles/obj.clangTidyUtils.dir/NamespaceAliaser.cpp.o
[2436/5247][ 46%][314.269s] Building CXX object tools/clang/tools/extra/clang-tidy/utils/CMakeFiles/obj.clangTidyUtils.dir/TypeTraits.cpp.o
[2437/5247][ 46%][314.612s] Building CXX object tools/clang/tools/extra/clang-tidy/utils/CMakeFiles/obj.clangTidyUtils.dir/UsingInserter.cpp.o
[2438/5247][ 46%][314.714s] Building CXX object tools/clang/tools/extra/clang-tidy/utils/CMakeFiles/obj.clangTidyUtils.dir/TransformerClangTidyCheck.cpp.o
[2439/5247][ 46%][315.502s] Building CXX object lib/CodeGen/SelectionDAG/CMakeFiles/LLVMSelectionDAG.dir/InstrEmitter.cpp.o
[2440/5247][ 46%][315.578s] Building CXX object lib/CodeGen/SelectionDAG/CMakeFiles/LLVMSelectionDAG.dir/FunctionLoweringInfo.cpp.o
[2441/5247][ 46%][315.776s] Building CXX object lib/CodeGen/SelectionDAG/CMakeFiles/LLVMSelectionDAG.dir/LegalizeFloatTypes.cpp.o
[2442/5247][ 46%][316.114s] Building CXX object lib/CodeGen/SelectionDAG/CMakeFiles/LLVMSelectionDAG.dir/LegalizeTypes.cpp.o
[2443/5247][ 46%][316.177s] Building CXX object lib/CodeGen/SelectionDAG/CMakeFiles/LLVMSelectionDAG.dir/LegalizeTypesGeneric.cpp.o
[2444/5247][ 46%][316.292s] Building CXX object lib/CodeGen/SelectionDAG/CMakeFiles/LLVMSelectionDAG.dir/FastISel.cpp.o
[2445/5247][ 46%][316.434s] Building CXX object lib/CodeGen/SelectionDAG/CMakeFiles/LLVMSelectionDAG.dir/LegalizeVectorOps.cpp.o
[2446/5247][ 46%][316.630s] Building CXX object lib/CodeGen/SelectionDAG/CMakeFiles/LLVMSelectionDAG.dir/ResourcePriorityQueue.cpp.o
[2447/5247][ 46%][316.796s] Building CXX object lib/CodeGen/SelectionDAG/CMakeFiles/LLVMSelectionDAG.dir/LegalizeDAG.cpp.o
[2448/5247][ 46%][316.800s] Building CXX object lib/CodeGen/SelectionDAG/CMakeFiles/LLVMSelectionDAG.dir/LegalizeIntegerTypes.cpp.o
[2449/5247][ 46%][317.258s] Building CXX object tools/clang/lib/Tooling/Inclusions/Stdlib/CMakeFiles/obj.clangToolingInclusionsStdlib.dir/StandardLibrary.cpp.o
[2450/5247][ 46%][317.755s] Building CXX object lib/CodeGen/SelectionDAG/CMakeFiles/LLVMSelectionDAG.dir/ScheduleDAGVLIW.cpp.o
[2451/5247][ 46%][317.770s] Building CXX object lib/CodeGen/SelectionDAG/CMakeFiles/LLVMSelectionDAG.dir/ScheduleDAGFast.cpp.o
[2452/5247][ 46%][317.944s] Building CXX object lib/CodeGen/SelectionDAG/CMakeFiles/LLVMSelectionDAG.dir/SelectionDAGAddressAnalysis.cpp.o
[2453/5247][ 46%][318.013s] Building CXX object lib/CodeGen/SelectionDAG/CMakeFiles/LLVMSelectionDAG.dir/SelectionDAGTargetInfo.cpp.o
[2454/5247][ 46%][318.073s] Linking CXX static library lib/libLLVMCoroutines.a
[2455/5247][ 46%][318.288s] Building CXX object lib/Extensions/CMakeFiles/LLVMExtensions.dir/Extensions.cpp.o
[2456/5247][ 46%][318.289s] Building CXX object lib/CodeGen/SelectionDAG/CMakeFiles/LLVMSelectionDAG.dir/ScheduleDAGSDNodes.cpp.o
[2457/5247][ 46%][318.335s] Building CXX object lib/CodeGen/SelectionDAG/CMakeFiles/LLVMSelectionDAG.dir/ScheduleDAGRRList.cpp.o
[2458/5247][ 46%][318.592s] Building CXX object lib/MC/MCDisassembler/CMakeFiles/LLVMMCDisassembler.dir/MCDisassembler.cpp.o
[2459/5247][ 46%][318.692s] Building CXX object lib/CodeGen/SelectionDAG/CMakeFiles/LLVMSelectionDAG.dir/SelectionDAGPrinter.cpp.o
[2460/5247][ 46%][318.733s] Building CXX object tools/clang/tools/extra/clang-tidy/utils/CMakeFiles/obj.clangTidyUtils.dir/RenamerClangTidyCheck.cpp.o
[2461/5247][ 46%][318.747s] Building CXX object lib/MC/MCDisassembler/CMakeFiles/LLVMMCDisassembler.dir/MCRelocationInfo.cpp.o
[2462/5247][ 46%][318.895s] Building CXX object lib/MC/MCDisassembler/CMakeFiles/LLVMMCDisassembler.dir/MCSymbolizer.cpp.o
[2463/5247][ 46%][318.911s] Building CXX object lib/CodeGen/SelectionDAG/CMakeFiles/LLVMSelectionDAG.dir/SelectionDAGDumper.cpp.o
[2464/5247][ 46%][319.003s] Building CXX object lib/MC/MCDisassembler/CMakeFiles/LLVMMCDisassembler.dir/Disassembler.cpp.o
[2465/5247][ 46%][319.017s] Building CXX object lib/MC/MCDisassembler/CMakeFiles/LLVMMCDisassembler.dir/MCExternalSymbolizer.cpp.o
[2466/5247][ 46%][319.135s] Building CXX object lib/Target/ARM/Utils/CMakeFiles/LLVMARMUtils.dir/ARMBaseInfo.cpp.o
[2467/5247][ 47%][319.145s] Building CXX object lib/Target/ARM/TargetInfo/CMakeFiles/LLVMARMInfo.dir/ARMTargetInfo.cpp.o
[2468/5247][ 47%][319.148s] Building CXX object lib/CodeGen/SelectionDAG/CMakeFiles/LLVMSelectionDAG.dir/LegalizeVectorTypes.cpp.o
[2469/5247][ 47%][319.161s] Building CXX object lib/Target/X86/TargetInfo/CMakeFiles/LLVMX86Info.dir/X86TargetInfo.cpp.o
[2470/5247][ 47%][319.283s] Building CXX object lib/Target/AArch64/TargetInfo/CMakeFiles/LLVMAArch64Info.dir/AArch64TargetInfo.cpp.o
[2471/5247][ 47%][319.448s] Building CXX object lib/Target/PowerPC/TargetInfo/CMakeFiles/LLVMPowerPCInfo.dir/PowerPCTargetInfo.cpp.o
[2472/5247][ 47%][319.504s] Building CXX object lib/Target/AArch64/Utils/CMakeFiles/LLVMAArch64Utils.dir/AArch64SMEAttributes.cpp.o
[2473/5247][ 47%][319.532s] Building CXX object lib/Target/Mips/TargetInfo/CMakeFiles/LLVMMipsInfo.dir/MipsTargetInfo.cpp.o
[2474/5247][ 47%][319.534s] Building CXX object lib/Target/RISCV/TargetInfo/CMakeFiles/LLVMRISCVInfo.dir/RISCVTargetInfo.cpp.o
[2475/5247][ 47%][319.549s] Building CXX object lib/Target/SystemZ/TargetInfo/CMakeFiles/LLVMSystemZInfo.dir/SystemZTargetInfo.cpp.o
[2476/5247][ 47%][319.691s] Building CXX object lib/Target/AArch64/Utils/CMakeFiles/LLVMAArch64Utils.dir/AArch64BaseInfo.cpp.o
[2477/5247][ 47%][320.956s] Building CXX object lib/CodeGen/SelectionDAG/CMakeFiles/LLVMSelectionDAG.dir/StatepointLowering.cpp.o
[2478/5247][ 47%][320.998s] Linking CXX static library lib/libLLVMWebAssemblyInfo.a
[2479/5247][ 47%][321.403s] Building CXX object lib/Target/WebAssembly/MCTargetDesc/CMakeFiles/LLVMWebAssemblyDesc.dir/WebAssemblyAsmBackend.cpp.o
[2480/5247][ 47%][321.415s] Building CXX object lib/Target/WebAssembly/MCTargetDesc/CMakeFiles/LLVMWebAssemblyDesc.dir/WebAssemblyMCAsmInfo.cpp.o
[2481/5247][ 47%][321.465s] Building CXX object lib/Target/AVR/TargetInfo/CMakeFiles/LLVMAVRInfo.dir/AVRTargetInfo.cpp.o
[2482/5247][ 47%][321.467s] Building CXX object lib/Passes/CMakeFiles/LLVMPasses.dir/OptimizationLevel.cpp.o
[2483/5247][ 47%][321.543s] Building CXX object lib/Target/WebAssembly/MCTargetDesc/CMakeFiles/LLVMWebAssemblyDesc.dir/WebAssemblyMCTypeUtilities.cpp.o
[2484/5247][ 47%][321.555s] Building CXX object lib/Target/WebAssembly/MCTargetDesc/CMakeFiles/LLVMWebAssemblyDesc.dir/WebAssemblyMCCodeEmitter.cpp.o
[2485/5247][ 47%][321.718s] Building CXX object lib/Target/WebAssembly/MCTargetDesc/CMakeFiles/LLVMWebAssemblyDesc.dir/WebAssemblyInstPrinter.cpp.o
[2486/5247][ 47%][321.721s] Building CXX object lib/Target/WebAssembly/MCTargetDesc/CMakeFiles/LLVMWebAssemblyDesc.dir/WebAssemblyTargetStreamer.cpp.o
[2487/5247][ 47%][321.736s] Linking CXX static library lib/libclangToolingInclusionsStdlib.a
[2488/5247][ 47%][321.754s] Generating Confusables.inc
[2489/5247][ 47%][321.765s] Bundling HTMLLogger resources
[2490/5247][ 47%][321.811s] Building CXX object lib/Target/WebAssembly/MCTargetDesc/CMakeFiles/LLVMWebAssemblyDesc.dir/WebAssemblyWasmObjectWriter.cpp.o
[2491/5247][ 47%][321.967s] Building CXX object lib/Passes/CMakeFiles/LLVMPasses.dir/PassPlugin.cpp.o
[2492/5247][ 47%][322.095s] Building CXX object lib/Target/WebAssembly/MCTargetDesc/CMakeFiles/LLVMWebAssemblyDesc.dir/WebAssemblyMCTargetDesc.cpp.o
[2493/5247][ 47%][322.142s] Building CXX object lib/CodeGen/SelectionDAG/CMakeFiles/LLVMSelectionDAG.dir/SelectionDAGISel.cpp.o
[2494/5247][ 47%][322.985s] Building CXX object lib/CodeGen/SelectionDAG/CMakeFiles/LLVMSelectionDAG.dir/TargetLowering.cpp.o
[2495/5247][ 47%][323.704s] Building CXX object lib/Passes/CMakeFiles/LLVMPasses.dir/PassBuilderBindings.cpp.o
[2496/5247][ 47%][323.914s] Building CXX object lib/CodeGen/SelectionDAG/CMakeFiles/LLVMSelectionDAG.dir/SelectionDAG.cpp.o
[2497/5247][ 47%][324.167s] Building CXX object lib/CodeGen/SelectionDAG/CMakeFiles/LLVMSelectionDAG.dir/DAGCombiner.cpp.o
[2498/5247][ 47%][324.322s] Building CXX object tools/clang/tools/extra/clang-tidy/readability/CMakeFiles/obj.clangTidyReadabilityModule.dir/AvoidConstParamsInDecls.cpp.o
[2499/5247][ 47%][324.338s] Building CXX object tools/clang/tools/extra/clang-tidy/readability/CMakeFiles/obj.clangTidyReadabilityModule.dir/AvoidUnconditionalPreprocessorIfCheck.cpp.o
[2500/5247][ 47%][324.469s] Building CXX object tools/clang/tools/extra/clang-tidy/readability/CMakeFiles/obj.clangTidyReadabilityModule.dir/BracesAroundStatementsCheck.cpp.o
[2501/5247][ 47%][324.693s] Building CXX object lib/CodeGen/SelectionDAG/CMakeFiles/LLVMSelectionDAG.dir/SelectionDAGBuilder.cpp.o
[2502/5247][ 47%][324.809s] Building CXX object tools/clang/tools/extra/clang-tidy/readability/CMakeFiles/obj.clangTidyReadabilityModule.dir/ConstReturnTypeCheck.cpp.o
[2503/5247][ 47%][325.054s] Building CXX object tools/clang/tools/extra/clang-tidy/readability/CMakeFiles/obj.clangTidyReadabilityModule.dir/ContainerContainsCheck.cpp.o
[2504/5247][ 47%][325.798s] Building CXX object tools/clang/tools/extra/clang-tidy/readability/CMakeFiles/obj.clangTidyReadabilityModule.dir/ContainerDataPointerCheck.cpp.o
[2505/5247][ 47%][326.670s] Building CXX object lib/Passes/CMakeFiles/LLVMPasses.dir/StandardInstrumentations.cpp.o
[2506/5247][ 47%][327.069s] Building CXX object tools/clang/tools/extra/clang-tidy/readability/CMakeFiles/obj.clangTidyReadabilityModule.dir/DeleteNullPointerCheck.cpp.o
[2507/5247][ 47%][327.321s] Building CXX object tools/clang/tools/extra/clang-tidy/readability/CMakeFiles/obj.clangTidyReadabilityModule.dir/IdentifierLengthCheck.cpp.o
[2508/5247][ 47%][327.409s] Building CXX object tools/clang/tools/extra/clang-tidy/readability/CMakeFiles/obj.clangTidyReadabilityModule.dir/DuplicateIncludeCheck.cpp.o
[2509/5247][ 47%][327.766s] Building CXX object tools/clang/tools/extra/clang-tidy/readability/CMakeFiles/obj.clangTidyReadabilityModule.dir/ElseAfterReturnCheck.cpp.o
[2510/5247][ 47%][328.444s] Building CXX object lib/Passes/CMakeFiles/LLVMPasses.dir/PassBuilderPipelines.cpp.o
[2511/5247][ 47%][328.600s] Building CXX object tools/clang/tools/extra/clang-tidy/readability/CMakeFiles/obj.clangTidyReadabilityModule.dir/IdentifierNamingCheck.cpp.o
[2512/5247][ 47%][328.652s] Building CXX object tools/clang/tools/extra/clang-tidy/readability/CMakeFiles/obj.clangTidyReadabilityModule.dir/InconsistentDeclarationParameterNameCheck.cpp.o
[2513/5247][ 47%][328.977s] Building CXX object tools/clang/tools/extra/clang-tidy/readability/CMakeFiles/obj.clangTidyReadabilityModule.dir/ContainerSizeEmptyCheck.cpp.o
[2514/5247][ 47%][329.128s] Building CXX object tools/clang/tools/extra/clang-tidy/readability/CMakeFiles/obj.clangTidyReadabilityModule.dir/ImplicitBoolConversionCheck.cpp.o
[2515/5247][ 47%][329.589s] Building CXX object tools/clang/tools/extra/clang-tidy/readability/CMakeFiles/obj.clangTidyReadabilityModule.dir/IsolateDeclarationCheck.cpp.o
[2516/5247][ 47%][329.987s] Building CXX object tools/clang/tools/extra/clang-tidy/readability/CMakeFiles/obj.clangTidyReadabilityModule.dir/MagicNumbersCheck.cpp.o
[2517/5247][ 47%][330.249s] Building CXX object tools/clang/tools/extra/clang-tidy/readability/CMakeFiles/obj.clangTidyReadabilityModule.dir/MisleadingIndentationCheck.cpp.o
[2518/5247][ 47%][330.262s] Building CXX object tools/clang/tools/extra/clang-tidy/readability/CMakeFiles/obj.clangTidyReadabilityModule.dir/ConvertMemberFunctionsToStatic.cpp.o
[2519/5247][ 48%][330.930s] Building CXX object tools/clang/tools/extra/clang-tidy/readability/CMakeFiles/obj.clangTidyReadabilityModule.dir/MisplacedArrayIndexCheck.cpp.o
[2520/5247][ 48%][331.016s] Building CXX object tools/clang/tools/extra/clang-tidy/readability/CMakeFiles/obj.clangTidyReadabilityModule.dir/FunctionCognitiveComplexityCheck.cpp.o
[2521/5247][ 48%][331.216s] Building CXX object tools/clang/tools/extra/clang-tidy/readability/CMakeFiles/obj.clangTidyReadabilityModule.dir/FunctionSizeCheck.cpp.o
[2522/5247][ 48%][331.264s] Building CXX object tools/clang/tools/extra/clang-tidy/readability/CMakeFiles/obj.clangTidyReadabilityModule.dir/NamespaceCommentCheck.cpp.o
[2523/5247][ 48%][331.284s] Building CXX object tools/clang/tools/extra/clang-tidy/readability/CMakeFiles/obj.clangTidyReadabilityModule.dir/NamedParameterCheck.cpp.o
[2524/5247][ 48%][332.051s] Building CXX object tools/clang/tools/extra/clang-tidy/readability/CMakeFiles/obj.clangTidyReadabilityModule.dir/NonConstParameterCheck.cpp.o
[2525/5247][ 48%][332.226s] Building CXX object tools/clang/tools/extra/clang-tidy/readability/CMakeFiles/obj.clangTidyReadabilityModule.dir/OperatorsRepresentationCheck.cpp.o
[2526/5247][ 48%][332.866s] Building CXX object tools/clang/tools/extra/clang-tidy/readability/CMakeFiles/obj.clangTidyReadabilityModule.dir/QualifiedAutoCheck.cpp.o
[2527/5247][ 48%][333.084s] Building CXX object tools/clang/tools/extra/clang-tidy/readability/CMakeFiles/obj.clangTidyReadabilityModule.dir/RedundantAccessSpecifiersCheck.cpp.o
[2528/5247][ 48%][333.248s] Building CXX object tools/clang/tools/extra/clang-tidy/readability/CMakeFiles/obj.clangTidyReadabilityModule.dir/RedundantDeclarationCheck.cpp.o
[2529/5247][ 48%][333.498s] Building CXX object tools/clang/tools/extra/clang-tidy/readability/CMakeFiles/obj.clangTidyReadabilityModule.dir/RedundantControlFlowCheck.cpp.o
[2530/5247][ 48%][333.819s] Building CXX object tools/clang/tools/extra/clang-tidy/readability/CMakeFiles/obj.clangTidyReadabilityModule.dir/RedundantFunctionPtrDereferenceCheck.cpp.o
[2531/5247][ 48%][333.989s] Building CXX object tools/clang/tools/extra/clang-tidy/readability/CMakeFiles/obj.clangTidyReadabilityModule.dir/ReadabilityTidyModule.cpp.o
[2532/5247][ 48%][334.019s] Building CXX object tools/clang/tools/extra/clang-tidy/readability/CMakeFiles/obj.clangTidyReadabilityModule.dir/MakeMemberFunctionConstCheck.cpp.o
[2533/5247][ 48%][334.244s] Building CXX object tools/clang/tools/extra/clang-tidy/readability/CMakeFiles/obj.clangTidyReadabilityModule.dir/RedundantMemberInitCheck.cpp.o
[2534/5247][ 48%][334.400s] Building CXX object tools/clang/tools/extra/clang-tidy/readability/CMakeFiles/obj.clangTidyReadabilityModule.dir/RedundantPreprocessorCheck.cpp.o
[2535/5247][ 48%][334.696s] Linking CXX static library lib/libclangTidyUtils.a
[2536/5247][ 48%][335.284s] Building CXX object tools/clang/tools/extra/clang-tidy/readability/CMakeFiles/obj.clangTidyReadabilityModule.dir/RedundantStringCStrCheck.cpp.o
[2537/5247][ 48%][335.288s] Building CXX object tools/clang/tools/extra/clang-tidy/readability/CMakeFiles/obj.clangTidyReadabilityModule.dir/RedundantSmartptrGetCheck.cpp.o
[2538/5247][ 48%][335.360s] Building CXX object tools/clang/tools/extra/clang-tidy/readability/CMakeFiles/obj.clangTidyReadabilityModule.dir/RedundantStringInitCheck.cpp.o
[2539/5247][ 48%][335.696s] Building CXX object tools/clang/tools/extra/clang-tidy/readability/CMakeFiles/obj.clangTidyReadabilityModule.dir/StaticAccessedThroughInstanceCheck.cpp.o
[2540/5247][ 48%][335.756s] Building CXX object tools/clang/tools/extra/clang-tidy/readability/CMakeFiles/obj.clangTidyReadabilityModule.dir/StaticDefinitionInAnonymousNamespaceCheck.cpp.o
[2541/5247][ 48%][335.922s] Building CXX object tools/clang/tools/extra/clang-tidy/readability/CMakeFiles/obj.clangTidyReadabilityModule.dir/SimplifySubscriptExprCheck.cpp.o
[2542/5247][ 48%][336.381s] Building CXX object tools/clang/tools/extra/include-cleaner/lib/CMakeFiles/obj.clangIncludeCleaner.dir/IncludeSpeller.cpp.o
[2543/5247][ 48%][336.402s] Building CXX object tools/clang/tools/extra/include-cleaner/lib/CMakeFiles/obj.clangIncludeCleaner.dir/Analysis.cpp.o
[2544/5247][ 48%][336.769s] Building CXX object tools/clang/tools/extra/clang-tidy/readability/CMakeFiles/obj.clangTidyReadabilityModule.dir/StringCompareCheck.cpp.o
[2545/5247][ 48%][336.901s] Linking CXX static library lib/libLLVMSelectionDAG.a
[2546/5247][ 48%][336.914s] Building CXX object lib/Passes/CMakeFiles/LLVMPasses.dir/PassBuilder.cpp.o
[2547/5247][ 48%][336.963s] Building CXX object tools/clang/tools/extra/clang-tidy/readability/CMakeFiles/obj.clangTidyReadabilityModule.dir/SuspiciousCallArgumentCheck.cpp.o
[2548/5247][ 48%][336.986s] Building CXX object tools/clang/tools/extra/clang-tidy/readability/CMakeFiles/obj.clangTidyReadabilityModule.dir/UppercaseLiteralSuffixCheck.cpp.o
[2549/5247][ 48%][337.031s] Building CXX object tools/clang/tools/extra/include-cleaner/lib/CMakeFiles/obj.clangIncludeCleaner.dir/Types.cpp.o
[2550/5247][ 48%][337.067s] Building CXX object tools/clang/tools/extra/clang-tidy/readability/CMakeFiles/obj.clangTidyReadabilityModule.dir/UniqueptrDeleteReleaseCheck.cpp.o
[2551/5247][ 48%][337.232s] Building CXX object tools/clang/tools/extra/include-cleaner/lib/CMakeFiles/obj.clangIncludeCleaner.dir/FindHeaders.cpp.o
[2552/5247][ 48%][337.525s] Building CXX object tools/clang/tools/extra/include-cleaner/lib/CMakeFiles/obj.clangIncludeCleaner.dir/LocateSymbol.cpp.o
[2553/5247][ 48%][337.849s] Building CXX object tools/clang/tools/extra/include-cleaner/lib/CMakeFiles/obj.clangIncludeCleaner.dir/HTMLReport.cpp.o
[2554/5247][ 48%][337.928s] Building CXX object tools/clang/tools/extra/clang-tidy/readability/CMakeFiles/obj.clangTidyReadabilityModule.dir/UseAnyOfAllOfCheck.cpp.o
[2555/5247][ 48%][338.214s] Building CXX object lib/CodeGen/AsmPrinter/CMakeFiles/LLVMAsmPrinter.dir/AddressPool.cpp.o
[2556/5247][ 48%][338.217s] Building CXX object lib/CodeGen/AsmPrinter/CMakeFiles/LLVMAsmPrinter.dir/ARMException.cpp.o
[2557/5247][ 48%][338.320s] Building CXX object tools/clang/tools/extra/clang-tidy/readability/CMakeFiles/obj.clangTidyReadabilityModule.dir/SimplifyBooleanExprCheck.cpp.o
[2558/5247][ 48%][338.341s] Building CXX object lib/CodeGen/AsmPrinter/CMakeFiles/LLVMAsmPrinter.dir/AsmPrinterDwarf.cpp.o
[2559/5247][ 48%][338.458s] Building CXX object lib/CodeGen/AsmPrinter/CMakeFiles/LLVMAsmPrinter.dir/AIXException.cpp.o
[2560/5247][ 48%][338.953s] Building CXX object tools/clang/tools/extra/include-cleaner/lib/CMakeFiles/obj.clangIncludeCleaner.dir/Record.cpp.o
[2561/5247][ 48%][338.980s] Building CXX object lib/CodeGen/AsmPrinter/CMakeFiles/LLVMAsmPrinter.dir/AsmPrinterInlineAsm.cpp.o
[2562/5247][ 48%][339.590s] Building CXX object lib/CodeGen/AsmPrinter/CMakeFiles/LLVMAsmPrinter.dir/DebugHandlerBase.cpp.o
[2563/5247][ 48%][339.787s] Building CXX object lib/CodeGen/AsmPrinter/CMakeFiles/LLVMAsmPrinter.dir/DebugLocStream.cpp.o
[2564/5247][ 48%][339.788s] Building CXX object lib/CodeGen/AsmPrinter/CMakeFiles/LLVMAsmPrinter.dir/DbgEntityHistoryCalculator.cpp.o
[2565/5247][ 48%][339.924s] Building CXX object lib/CodeGen/AsmPrinter/CMakeFiles/LLVMAsmPrinter.dir/AccelTable.cpp.o
[2566/5247][ 48%][340.010s] Building CXX object lib/CodeGen/AsmPrinter/CMakeFiles/LLVMAsmPrinter.dir/DwarfCFIException.cpp.o
[2567/5247][ 48%][340.302s] Building CXX object lib/CodeGen/AsmPrinter/CMakeFiles/LLVMAsmPrinter.dir/DIE.cpp.o
[2568/5247][ 48%][340.376s] Building CXX object lib/CodeGen/AsmPrinter/CMakeFiles/LLVMAsmPrinter.dir/DIEHash.cpp.o
[2569/5247][ 48%][340.437s] Building CXX object lib/CodeGen/AsmPrinter/CMakeFiles/LLVMAsmPrinter.dir/DwarfStringPool.cpp.o
[2570/5247][ 48%][340.742s] Building CXX object lib/CodeGen/AsmPrinter/CMakeFiles/LLVMAsmPrinter.dir/DwarfExpression.cpp.o
[2571/5247][ 48%][341.213s] Building CXX object lib/CodeGen/AsmPrinter/CMakeFiles/LLVMAsmPrinter.dir/DwarfFile.cpp.o
[2572/5247][ 49%][341.328s] Building CXX object lib/CodeGen/AsmPrinter/CMakeFiles/LLVMAsmPrinter.dir/ErlangGCPrinter.cpp.o
[2573/5247][ 49%][341.388s] Building CXX object lib/CodeGen/AsmPrinter/CMakeFiles/LLVMAsmPrinter.dir/OcamlGCPrinter.cpp.o
[2574/5247][ 49%][341.533s] Building CXX object lib/CodeGen/AsmPrinter/CMakeFiles/LLVMAsmPrinter.dir/EHStreamer.cpp.o
[2575/5247][ 49%][341.601s] Building CXX object lib/CodeGen/AsmPrinter/CMakeFiles/LLVMAsmPrinter.dir/PseudoProbePrinter.cpp.o
[2576/5247][ 49%][341.638s] Building CXX object lib/CodeGen/GlobalISel/CMakeFiles/LLVMGlobalISel.dir/GlobalISel.cpp.o
[2577/5247][ 49%][341.642s] Building CXX object lib/CodeGen/AsmPrinter/CMakeFiles/LLVMAsmPrinter.dir/DwarfCompileUnit.cpp.o
[2578/5247][ 49%][341.982s] Building CXX object lib/CodeGen/AsmPrinter/CMakeFiles/LLVMAsmPrinter.dir/WinCFGuard.cpp.o
[2579/5247][ 49%][342.052s] Building CXX object lib/CodeGen/AsmPrinter/CMakeFiles/LLVMAsmPrinter.dir/WasmException.cpp.o
[2580/5247][ 49%][342.231s] Building CXX object tools/clang/tools/extra/include-cleaner/lib/CMakeFiles/obj.clangIncludeCleaner.dir/WalkAST.cpp.o
[2581/5247][ 49%][342.621s] Building CXX object lib/CodeGen/AsmPrinter/CMakeFiles/LLVMAsmPrinter.dir/DwarfUnit.cpp.o
[2582/5247][ 49%][342.838s] Building CXX object lib/CodeGen/AsmPrinter/CMakeFiles/LLVMAsmPrinter.dir/WinException.cpp.o
[2583/5247][ 49%][342.856s] Building CXX object lib/CodeGen/AsmPrinter/CMakeFiles/LLVMAsmPrinter.dir/AsmPrinter.cpp.o
[2584/5247][ 49%][342.913s] Building CXX object lib/CodeGen/GlobalISel/CMakeFiles/LLVMGlobalISel.dir/CSEInfo.cpp.o
[2585/5247][ 49%][343.068s] Building CXX object lib/CodeGen/GlobalISel/CMakeFiles/LLVMGlobalISel.dir/CSEMIRBuilder.cpp.o
[2586/5247][ 49%][343.078s] Building CXX object lib/CodeGen/GlobalISel/CMakeFiles/LLVMGlobalISel.dir/GISelChangeObserver.cpp.o
[2587/5247][ 49%][343.187s] Building CXX object lib/CodeGen/GlobalISel/CMakeFiles/LLVMGlobalISel.dir/GIMatchTableExecutor.cpp.o
[2588/5247][ 49%][343.372s] Building CXX object lib/CodeGen/GlobalISel/CMakeFiles/LLVMGlobalISel.dir/GISelKnownBits.cpp.o
[2589/5247][ 49%][343.420s] Building CXX object lib/CodeGen/GlobalISel/CMakeFiles/LLVMGlobalISel.dir/Combiner.cpp.o
[2590/5247][ 49%][343.809s] Building CXX object lib/CodeGen/GlobalISel/CMakeFiles/LLVMGlobalISel.dir/InstructionSelector.cpp.o
[2591/5247][ 49%][344.047s] Building CXX object lib/CodeGen/GlobalISel/CMakeFiles/LLVMGlobalISel.dir/CallLowering.cpp.o
[2592/5247][ 49%][344.368s] Building CXX object lib/CodeGen/GlobalISel/CMakeFiles/LLVMGlobalISel.dir/LegalizeMutations.cpp.o
[2593/5247][ 49%][344.665s] Building CXX object lib/CodeGen/GlobalISel/CMakeFiles/LLVMGlobalISel.dir/InlineAsmLowering.cpp.o
[2594/5247][ 49%][344.796s] Building CXX object lib/CodeGen/GlobalISel/CMakeFiles/LLVMGlobalISel.dir/LegacyLegalizerInfo.cpp.o
[2595/5247][ 49%][344.934s] Building CXX object lib/CodeGen/GlobalISel/CMakeFiles/LLVMGlobalISel.dir/LegalityPredicates.cpp.o
[2596/5247][ 49%][345.026s] Building CXX object lib/CodeGen/GlobalISel/CMakeFiles/LLVMGlobalISel.dir/LegalizerInfo.cpp.o
[2597/5247][ 49%][345.072s] Linking CXX static library lib/libLLVMExtensions.a
[2598/5247][ 49%][345.324s] Building CXX object lib/CodeGen/GlobalISel/CMakeFiles/LLVMGlobalISel.dir/InstructionSelect.cpp.o
[2599/5247][ 49%][345.357s] Building CXX object lib/CodeGen/AsmPrinter/CMakeFiles/LLVMAsmPrinter.dir/DwarfDebug.cpp.o
[2600/5247][ 49%][345.420s] Building CXX object lib/CodeGen/GlobalISel/CMakeFiles/LLVMGlobalISel.dir/LostDebugLocObserver.cpp.o
[2601/5247][ 49%][345.555s] Building CXX object lib/CodeGen/AsmPrinter/CMakeFiles/LLVMAsmPrinter.dir/CodeViewDebug.cpp.o
[2602/5247][ 49%][345.929s] Building CXX object lib/CodeGen/GlobalISel/CMakeFiles/LLVMGlobalISel.dir/Localizer.cpp.o
[2603/5247][ 49%][346.145s] Building CXX object lib/CodeGen/GlobalISel/CMakeFiles/LLVMGlobalISel.dir/Legalizer.cpp.o
[2604/5247][ 49%][346.194s] Building CXX object lib/Transforms/CFGuard/CMakeFiles/LLVMCFGuard.dir/CFGuard.cpp.o
[2605/5247][ 49%][346.509s] Building CXX object lib/CodeGen/GlobalISel/CMakeFiles/LLVMGlobalISel.dir/LoadStoreOpt.cpp.o
[2606/5247][ 49%][346.561s] Linking CXX static library lib/libLLVMMCDisassembler.a
[2607/5247][ 49%][346.852s] Building CXX object lib/CodeGen/GlobalISel/CMakeFiles/LLVMGlobalISel.dir/MachineIRBuilder.cpp.o
[2608/5247][ 49%][347.219s] Building CXX object lib/Target/X86/MCTargetDesc/CMakeFiles/LLVMX86Desc.dir/X86ATTInstPrinter.cpp.o
[2609/5247][ 49%][347.234s] Building CXX object lib/LTO/CMakeFiles/LLVMLTO.dir/SummaryBasedOptimizations.cpp.o
[2610/5247][ 49%][347.256s] Building CXX object lib/CodeGen/GlobalISel/CMakeFiles/LLVMGlobalISel.dir/RegBankSelect.cpp.o
[2611/5247][ 49%][347.424s] Building CXX object lib/CodeGen/GlobalISel/CMakeFiles/LLVMGlobalISel.dir/IRTranslator.cpp.o
[2612/5247][ 49%][347.464s] Building CXX object lib/Target/X86/MCTargetDesc/CMakeFiles/LLVMX86Desc.dir/X86IntelInstPrinter.cpp.o
[2613/5247][ 49%][347.533s] Building CXX object lib/CodeGen/GlobalISel/CMakeFiles/LLVMGlobalISel.dir/Utils.cpp.o
[2614/5247][ 49%][347.860s] Building CXX object lib/Target/X86/MCTargetDesc/CMakeFiles/LLVMX86Desc.dir/X86EncodingOptimization.cpp.o
[2615/5247][ 49%][347.868s] Building CXX object lib/Target/X86/MCTargetDesc/CMakeFiles/LLVMX86Desc.dir/X86InstPrinterCommon.cpp.o
[2616/5247][ 49%][347.905s] Building CXX object lib/LTO/CMakeFiles/LLVMLTO.dir/UpdateCompilerUsed.cpp.o
[2617/5247][ 49%][348.039s] Building CXX object lib/Target/X86/MCTargetDesc/CMakeFiles/LLVMX86Desc.dir/X86ShuffleDecode.cpp.o
[2618/5247][ 49%][348.043s] Building CXX object lib/CodeGen/GlobalISel/CMakeFiles/LLVMGlobalISel.dir/LegalizerHelper.cpp.o
[2619/5247][ 49%][348.045s] Building CXX object lib/Target/X86/MCTargetDesc/CMakeFiles/LLVMX86Desc.dir/X86InstComments.cpp.o
[2620/5247][ 49%][348.239s] Building CXX object lib/LTO/CMakeFiles/LLVMLTO.dir/LTOModule.cpp.o
[2621/5247][ 49%][348.753s] Building CXX object lib/Target/X86/MCTargetDesc/CMakeFiles/LLVMX86Desc.dir/X86MCAsmInfo.cpp.o
[2622/5247][ 49%][348.838s] Building CXX object lib/Target/X86/MCTargetDesc/CMakeFiles/LLVMX86Desc.dir/X86ELFObjectWriter.cpp.o
[2623/5247][ 49%][348.874s] Linking CXX static library lib/libLLVMX86Info.a
[2624/5247][ 50%][348.908s] Building CXX object lib/Target/X86/MCTargetDesc/CMakeFiles/LLVMX86Desc.dir/X86WinCOFFObjectWriter.cpp.o
[2625/5247][ 50%][348.914s] Building CXX object lib/Target/X86/MCTargetDesc/CMakeFiles/LLVMX86Desc.dir/X86MachObjectWriter.cpp.o
[2626/5247][ 50%][349.029s] Building CXX object lib/Target/X86/MCTargetDesc/CMakeFiles/LLVMX86Desc.dir/X86MCCodeEmitter.cpp.o
[2627/5247][ 50%][349.192s] Building CXX object lib/Target/X86/MCTargetDesc/CMakeFiles/LLVMX86Desc.dir/X86WinCOFFStreamer.cpp.o
[2628/5247][ 50%][349.199s] Building CXX object lib/LTO/CMakeFiles/LLVMLTO.dir/LTOCodeGenerator.cpp.o
[2629/5247][ 50%][349.248s] Building CXX object lib/CodeGen/GlobalISel/CMakeFiles/LLVMGlobalISel.dir/CombinerHelper.cpp.o
[2630/5247][ 50%][349.318s] Building CXX object lib/Target/X86/MCTargetDesc/CMakeFiles/LLVMX86Desc.dir/X86AsmBackend.cpp.o
[2631/5247][ 50%][349.580s] Building CXX object lib/Target/ARM/MCTargetDesc/CMakeFiles/LLVMARMDesc.dir/ARMMachORelocationInfo.cpp.o
[2632/5247][ 50%][349.603s] Building CXX object lib/Target/X86/MCTargetDesc/CMakeFiles/LLVMX86Desc.dir/X86MnemonicTables.cpp.o
[2633/5247][ 50%][349.637s] Building CXX object lib/LTO/CMakeFiles/LLVMLTO.dir/LTOBackend.cpp.o
[2634/5247][ 50%][349.642s] Building CXX object lib/Target/ARM/MCTargetDesc/CMakeFiles/LLVMARMDesc.dir/ARMMCAsmInfo.cpp.o
[2635/5247][ 50%][349.773s] Building CXX object lib/Target/ARM/MCTargetDesc/CMakeFiles/LLVMARMDesc.dir/ARMELFObjectWriter.cpp.o
[2636/5247][ 50%][349.887s] Building CXX object lib/Target/X86/MCTargetDesc/CMakeFiles/LLVMX86Desc.dir/X86WinCOFFTargetStreamer.cpp.o
[2637/5247][ 50%][350.017s] Building CXX object lib/Target/ARM/MCTargetDesc/CMakeFiles/LLVMARMDesc.dir/ARMUnwindOpAsm.cpp.o
[2638/5247][ 50%][350.034s] Building CXX object lib/Target/ARM/MCTargetDesc/CMakeFiles/LLVMARMDesc.dir/ARMInstPrinter.cpp.o
[2639/5247][ 50%][350.049s] Linking CXX static library lib/libLLVMARMInfo.a
[2640/5247][ 50%][350.053s] Linking CXX static library lib/libLLVMARMUtils.a
[2641/5247][ 50%][350.266s] Building CXX object lib/Target/ARM/MCTargetDesc/CMakeFiles/LLVMARMDesc.dir/ARMMachObjectWriter.cpp.o
[2642/5247][ 50%][350.393s] Building CXX object lib/Target/ARM/MCTargetDesc/CMakeFiles/LLVMARMDesc.dir/ARMAsmBackend.cpp.o
[2643/5247][ 50%][350.412s] Building CXX object lib/Target/ARM/MCTargetDesc/CMakeFiles/LLVMARMDesc.dir/ARMMCExpr.cpp.o
[2644/5247][ 50%][350.538s] Building CXX object lib/LTO/CMakeFiles/LLVMLTO.dir/LTO.cpp.o
[2645/5247][ 50%][350.619s] Building CXX object lib/Target/ARM/MCTargetDesc/CMakeFiles/LLVMARMDesc.dir/ARMTargetStreamer.cpp.o
[2646/5247][ 50%][350.646s] Building CXX object lib/Target/X86/MCTargetDesc/CMakeFiles/LLVMX86Desc.dir/X86MCTargetDesc.cpp.o
[2647/5247][ 50%][350.682s] Building CXX object lib/Target/ARM/MCTargetDesc/CMakeFiles/LLVMARMDesc.dir/ARMWinCOFFObjectWriter.cpp.o
[2648/5247][ 50%][350.829s] Building CXX object lib/Target/ARM/MCTargetDesc/CMakeFiles/LLVMARMDesc.dir/ARMELFStreamer.cpp.o
[2649/5247][ 50%][350.880s] Building CXX object lib/Target/AArch64/MCTargetDesc/CMakeFiles/LLVMAArch64Desc.dir/AArch64ELFObjectWriter.cpp.o
[2650/5247][ 50%][351.120s] Building CXX object lib/Target/ARM/MCTargetDesc/CMakeFiles/LLVMARMDesc.dir/ARMWinCOFFStreamer.cpp.o
[2651/5247][ 50%][351.368s] Building CXX object lib/Target/AArch64/MCTargetDesc/CMakeFiles/LLVMAArch64Desc.dir/AArch64AsmBackend.cpp.o
[2652/5247][ 50%][351.381s] Linking CXX static library lib/libLLVMAArch64Info.a
[2653/5247][ 50%][351.400s] Linking CXX static library lib/libLLVMAArch64Utils.a
[2654/5247][ 50%][351.449s] Building CXX object lib/Target/AArch64/MCTargetDesc/CMakeFiles/LLVMAArch64Desc.dir/AArch64ELFStreamer.cpp.o
[2655/5247][ 50%][351.461s] Building CXX object lib/Target/ARM/MCTargetDesc/CMakeFiles/LLVMARMDesc.dir/ARMMCTargetDesc.cpp.o
[2656/5247][ 50%][351.494s] Building CXX object lib/Target/AArch64/MCTargetDesc/CMakeFiles/LLVMAArch64Desc.dir/AArch64MCAsmInfo.cpp.o
[2657/5247][ 50%][351.530s] Building CXX object lib/Target/AArch64/MCTargetDesc/CMakeFiles/LLVMAArch64Desc.dir/AArch64MCExpr.cpp.o
[2658/5247][ 50%][351.669s] Building CXX object lib/Target/AArch64/MCTargetDesc/CMakeFiles/LLVMAArch64Desc.dir/AArch64MachObjectWriter.cpp.o
[2659/5247][ 50%][351.777s] Building CXX object lib/Target/AArch64/MCTargetDesc/CMakeFiles/LLVMAArch64Desc.dir/AArch64InstPrinter.cpp.o
[2660/5247][ 50%][351.803s] Building CXX object lib/Target/ARM/MCTargetDesc/CMakeFiles/LLVMARMDesc.dir/ARMMCCodeEmitter.cpp.o
[2661/5247][ 50%][351.809s] Building CXX object lib/Target/AArch64/MCTargetDesc/CMakeFiles/LLVMAArch64Desc.dir/AArch64WinCOFFObjectWriter.cpp.o
[2662/5247][ 50%][351.817s] Building CXX object lib/Target/PowerPC/MCTargetDesc/CMakeFiles/LLVMPowerPCDesc.dir/PPCPredicates.cpp.o
[2663/5247][ 50%][351.926s] Building CXX object lib/Target/PowerPC/MCTargetDesc/CMakeFiles/LLVMPowerPCDesc.dir/PPCMCAsmInfo.cpp.o
[2664/5247][ 50%][352.026s] Building CXX object lib/Target/AArch64/MCTargetDesc/CMakeFiles/LLVMAArch64Desc.dir/AArch64WinCOFFStreamer.cpp.o
[2665/5247][ 50%][352.064s] Linking CXX static library lib/libLLVMPowerPCInfo.a
[2666/5247][ 50%][352.285s] Building CXX object lib/Target/PowerPC/MCTargetDesc/CMakeFiles/LLVMPowerPCDesc.dir/PPCXCOFFObjectWriter.cpp.o
[2667/5247][ 50%][352.315s] Building CXX object lib/Target/PowerPC/MCTargetDesc/CMakeFiles/LLVMPowerPCDesc.dir/PPCELFObjectWriter.cpp.o
[2668/5247][ 50%][352.400s] Building CXX object lib/Target/PowerPC/MCTargetDesc/CMakeFiles/LLVMPowerPCDesc.dir/PPCAsmBackend.cpp.o
[2669/5247][ 50%][352.483s] Building CXX object lib/Target/AArch64/MCTargetDesc/CMakeFiles/LLVMAArch64Desc.dir/AArch64MCCodeEmitter.cpp.o
[2670/5247][ 50%][352.525s] Building CXX object lib/Target/SystemZ/MCTargetDesc/CMakeFiles/LLVMSystemZDesc.dir/SystemZInstPrinter.cpp.o
[2671/5247][ 50%][352.597s] Building CXX object lib/Target/PowerPC/MCTargetDesc/CMakeFiles/LLVMPowerPCDesc.dir/PPCMCExpr.cpp.o
[2672/5247][ 50%][352.827s] Building CXX object lib/LTO/CMakeFiles/LLVMLTO.dir/ThinLTOCodeGenerator.cpp.o
[2673/5247][ 50%][352.845s] Linking CXX static library lib/libLLVMSystemZInfo.a
[2674/5247][ 50%][352.975s] Building CXX object lib/Target/PowerPC/MCTargetDesc/CMakeFiles/LLVMPowerPCDesc.dir/PPCInstPrinter.cpp.o
[2675/5247][ 50%][353.020s] Building CXX object lib/Target/PowerPC/MCTargetDesc/CMakeFiles/LLVMPowerPCDesc.dir/PPCXCOFFStreamer.cpp.o
[2676/5247][ 51%][353.040s] Building CXX object lib/Target/SystemZ/MCTargetDesc/CMakeFiles/LLVMSystemZDesc.dir/SystemZMCAsmInfo.cpp.o
[2677/5247][ 51%][353.102s] Building CXX object lib/Target/AArch64/MCTargetDesc/CMakeFiles/LLVMAArch64Desc.dir/AArch64MCTargetDesc.cpp.o
[2678/5247][ 51%][353.318s] Building CXX object lib/Target/SystemZ/MCTargetDesc/CMakeFiles/LLVMSystemZDesc.dir/SystemZMCExpr.cpp.o
[2679/5247][ 51%][353.413s] Building CXX object lib/Target/SystemZ/MCTargetDesc/CMakeFiles/LLVMSystemZDesc.dir/SystemZMCObjectWriter.cpp.o
[2680/5247][ 51%][353.457s] Building CXX object lib/Target/AArch64/MCTargetDesc/CMakeFiles/LLVMAArch64Desc.dir/AArch64TargetStreamer.cpp.o
[2681/5247][ 51%][353.579s] Building CXX object lib/Target/SystemZ/MCTargetDesc/CMakeFiles/LLVMSystemZDesc.dir/SystemZMCAsmBackend.cpp.o
[2682/5247][ 51%][353.655s] Building CXX object lib/Target/Mips/MCTargetDesc/CMakeFiles/LLVMMipsDesc.dir/MipsABIFlagsSection.cpp.o
[2683/5247][ 51%][353.680s] Building CXX object lib/Target/PowerPC/MCTargetDesc/CMakeFiles/LLVMPowerPCDesc.dir/PPCMCTargetDesc.cpp.o
[2684/5247][ 51%][353.763s] Building CXX object lib/Target/PowerPC/MCTargetDesc/CMakeFiles/LLVMPowerPCDesc.dir/PPCMCCodeEmitter.cpp.o
[2685/5247][ 51%][353.838s] Building CXX object lib/Target/Mips/MCTargetDesc/CMakeFiles/LLVMMipsDesc.dir/MipsMCAsmInfo.cpp.o
[2686/5247][ 51%][353.917s] Building CXX object lib/Target/SystemZ/MCTargetDesc/CMakeFiles/LLVMSystemZDesc.dir/SystemZMCTargetDesc.cpp.o
[2687/5247][ 51%][353.947s] Linking CXX static library lib/libLLVMMipsInfo.a
[2688/5247][ 51%][353.955s] Building CXX object lib/Target/Mips/MCTargetDesc/CMakeFiles/LLVMMipsDesc.dir/MipsABIInfo.cpp.o
[2689/5247][ 51%][353.964s] Building CXX object lib/Target/PowerPC/MCTargetDesc/CMakeFiles/LLVMPowerPCDesc.dir/PPCELFStreamer.cpp.o
[2690/5247][ 51%][354.213s] Building CXX object lib/Target/Mips/MCTargetDesc/CMakeFiles/LLVMMipsDesc.dir/MipsELFObjectWriter.cpp.o
[2691/5247][ 51%][354.219s] Building CXX object lib/Target/Mips/MCTargetDesc/CMakeFiles/LLVMMipsDesc.dir/MipsAsmBackend.cpp.o
[2692/5247][ 51%][354.368s] Building CXX object lib/Target/SystemZ/MCTargetDesc/CMakeFiles/LLVMSystemZDesc.dir/SystemZMCCodeEmitter.cpp.o
[2693/5247][ 51%][354.381s] Building CXX object lib/Target/Mips/MCTargetDesc/CMakeFiles/LLVMMipsDesc.dir/MipsELFStreamer.cpp.o
[2694/5247][ 51%][354.524s] Building CXX object lib/Target/Mips/MCTargetDesc/CMakeFiles/LLVMMipsDesc.dir/MipsMCExpr.cpp.o
[2695/5247][ 51%][354.602s] Building CXX object lib/Target/Mips/MCTargetDesc/CMakeFiles/LLVMMipsDesc.dir/MipsInstPrinter.cpp.o
[2696/5247][ 51%][354.643s] Building CXX object lib/Target/Mips/MCTargetDesc/CMakeFiles/LLVMMipsDesc.dir/MipsOptionRecord.cpp.o
[2697/5247][ 51%][354.773s] Building CXX object lib/Target/RISCV/MCTargetDesc/CMakeFiles/LLVMRISCVDesc.dir/RISCVELFObjectWriter.cpp.o
[2698/5247][ 51%][354.884s] Building CXX object lib/Target/RISCV/MCTargetDesc/CMakeFiles/LLVMRISCVDesc.dir/RISCVMCAsmInfo.cpp.o
[2699/5247][ 51%][354.979s] Building CXX object lib/Target/Mips/MCTargetDesc/CMakeFiles/LLVMMipsDesc.dir/MipsTargetStreamer.cpp.o
[2700/5247][ 51%][354.987s] Building CXX object lib/Target/Mips/MCTargetDesc/CMakeFiles/LLVMMipsDesc.dir/MipsMCCodeEmitter.cpp.o
[2701/5247][ 51%][354.999s] Linking CXX static library lib/libLLVMRISCVInfo.a
[2702/5247][ 51%][355.043s] Linking CXX static library lib/libLLVMWebAssemblyDesc.a
[2703/5247][ 51%][355.097s] Building CXX object lib/Target/Mips/MCTargetDesc/CMakeFiles/LLVMMipsDesc.dir/MipsMCTargetDesc.cpp.o
[2704/5247][ 51%][355.108s] Building CXX object lib/Target/RISCV/MCTargetDesc/CMakeFiles/LLVMRISCVDesc.dir/RISCVInstPrinter.cpp.o
[2705/5247][ 51%][355.155s] Building CXX object lib/Target/RISCV/MCTargetDesc/CMakeFiles/LLVMRISCVDesc.dir/RISCVAsmBackend.cpp.o
[2706/5247][ 51%][355.192s] Building CXX object lib/Target/RISCV/MCTargetDesc/CMakeFiles/LLVMRISCVDesc.dir/RISCVMatInt.cpp.o
[2707/5247][ 51%][355.299s] Building CXX object lib/Target/RISCV/MCTargetDesc/CMakeFiles/LLVMRISCVDesc.dir/RISCVMCObjectFileInfo.cpp.o
[2708/5247][ 51%][355.303s] Building CXX object lib/Target/RISCV/MCTargetDesc/CMakeFiles/LLVMRISCVDesc.dir/RISCVBaseInfo.cpp.o
[2709/5247][ 51%][355.303s] Building CXX object lib/Target/Mips/MCTargetDesc/CMakeFiles/LLVMMipsDesc.dir/MipsNaClELFStreamer.cpp.o
[2710/5247][ 51%][355.613s] Building CXX object lib/Target/RISCV/MCTargetDesc/CMakeFiles/LLVMRISCVDesc.dir/RISCVMCExpr.cpp.o
[2711/5247][ 51%][355.617s] Building CXX object lib/Target/AVR/MCTargetDesc/CMakeFiles/LLVMAVRDesc.dir/AVRInstPrinter.cpp.o
[2712/5247][ 51%][355.646s] Building CXX object lib/Target/AVR/MCTargetDesc/CMakeFiles/LLVMAVRDesc.dir/AVRELFObjectWriter.cpp.o
[2713/5247][ 51%][355.663s] Building CXX object lib/Target/RISCV/MCTargetDesc/CMakeFiles/LLVMRISCVDesc.dir/RISCVMCCodeEmitter.cpp.o
[2714/5247][ 51%][355.693s] Linking CXX static library lib/libLLVMAVRInfo.a
[2715/5247][ 51%][355.699s] Building CXX object lib/Target/AVR/MCTargetDesc/CMakeFiles/LLVMAVRDesc.dir/AVRMCAsmInfo.cpp.o
[2716/5247][ 51%][355.808s] Building CXX object lib/Target/RISCV/MCTargetDesc/CMakeFiles/LLVMRISCVDesc.dir/RISCVTargetStreamer.cpp.o
[2717/5247][ 51%][355.935s] Building CXX object lib/Target/WebAssembly/Utils/CMakeFiles/LLVMWebAssemblyUtils.dir/WebAssemblyTypeUtilities.cpp.o
[2718/5247][ 51%][355.938s] Building CXX object lib/Target/AVR/MCTargetDesc/CMakeFiles/LLVMAVRDesc.dir/AVRELFStreamer.cpp.o
[2719/5247][ 51%][356.034s] Linking CXX static library lib/libLLVMPasses.a
[2720/5247][ 51%][356.144s] Building CXX object lib/Target/AVR/MCTargetDesc/CMakeFiles/LLVMAVRDesc.dir/AVRMCCodeEmitter.cpp.o
[2721/5247][ 51%][356.286s] Building CXX object lib/Target/AVR/MCTargetDesc/CMakeFiles/LLVMAVRDesc.dir/AVRAsmBackend.cpp.o
[2722/5247][ 51%][356.293s] Building CXX object lib/Target/RISCV/MCTargetDesc/CMakeFiles/LLVMRISCVDesc.dir/RISCVELFStreamer.cpp.o
[2723/5247][ 51%][356.319s] Building CXX object lib/Target/AVR/MCTargetDesc/CMakeFiles/LLVMAVRDesc.dir/AVRMCELFStreamer.cpp.o
[2724/5247][ 51%][356.457s] Building CXX object lib/Target/AVR/MCTargetDesc/CMakeFiles/LLVMAVRDesc.dir/AVRMCExpr.cpp.o
[2725/5247][ 51%][356.502s] Building CXX object lib/Target/AVR/MCTargetDesc/CMakeFiles/LLVMAVRDesc.dir/AVRTargetStreamer.cpp.o
[2726/5247][ 51%][356.711s] Building CXX object tools/clang/lib/Analysis/FlowSensitive/CMakeFiles/obj.clangAnalysisFlowSensitive.dir/Formula.cpp.o
[2727/5247][ 51%][356.743s] Building CXX object lib/ProfileData/Coverage/CMakeFiles/LLVMCoverage.dir/CoverageMappingWriter.cpp.o
[2728/5247][ 51%][356.745s] Building CXX object lib/Target/AVR/MCTargetDesc/CMakeFiles/LLVMAVRDesc.dir/AVRMCTargetDesc.cpp.o
[2729/5247][ 52%][356.900s] Building CXX object lib/Target/RISCV/MCTargetDesc/CMakeFiles/LLVMRISCVDesc.dir/RISCVMCTargetDesc.cpp.o
[2730/5247][ 52%][356.935s] Building CXX object tools/clang/lib/Analysis/FlowSensitive/CMakeFiles/obj.clangAnalysisFlowSensitive.dir/Arena.cpp.o
[2731/5247][ 52%][357.405s] Building CXX object tools/clang/lib/Analysis/FlowSensitive/CMakeFiles/obj.clangAnalysisFlowSensitive.dir/Value.cpp.o
[2732/5247][ 52%][357.419s] Building CXX object lib/Target/WebAssembly/Utils/CMakeFiles/LLVMWebAssemblyUtils.dir/WebAssemblyUtilities.cpp.o
[2733/5247][ 52%][357.697s] Building CXX object tools/clang/lib/Analysis/FlowSensitive/CMakeFiles/obj.clangAnalysisFlowSensitive.dir/DebugSupport.cpp.o
[2734/5247][ 52%][357.727s] Building CXX object tools/clang/lib/Analysis/FlowSensitive/CMakeFiles/obj.clangAnalysisFlowSensitive.dir/WatchedLiteralsSolver.cpp.o
[2735/5247][ 52%][357.868s] Building CXX object tools/clang/lib/Analysis/FlowSensitive/CMakeFiles/obj.clangAnalysisFlowSensitive.dir/ControlFlowContext.cpp.o
[2736/5247][ 52%][357.991s] Building CXX object tools/clang/lib/Analysis/FlowSensitive/CMakeFiles/obj.clangAnalysisFlowSensitive.dir/Logger.cpp.o
[2737/5247][ 52%][358.132s] Building CXX object tools/clang/lib/Analysis/FlowSensitive/CMakeFiles/obj.clangAnalysisFlowSensitive.dir/RecordOps.cpp.o
[2738/5247][ 52%][358.636s] Building CXX object lib/ProfileData/Coverage/CMakeFiles/LLVMCoverage.dir/CoverageMapping.cpp.o
[2739/5247][ 52%][358.674s] Building CXX object tools/clang/lib/Analysis/FlowSensitive/CMakeFiles/obj.clangAnalysisFlowSensitive.dir/DataflowAnalysisContext.cpp.o
[2740/5247][ 52%][358.697s] Building CXX object tools/clang/lib/Analysis/FlowSensitive/CMakeFiles/obj.clangAnalysisFlowSensitive.dir/DataflowEnvironment.cpp.o
[2741/5247][ 52%][358.733s] Building CXX object tools/clang/lib/Analysis/FlowSensitive/CMakeFiles/obj.clangAnalysisFlowSensitive.dir/HTMLLogger.cpp.o
[2742/5247][ 52%][359.182s] Building CXX object tools/clang/lib/Analysis/FlowSensitive/CMakeFiles/obj.clangAnalysisFlowSensitive.dir/Transfer.cpp.o
[2743/5247][ 52%][359.342s] Building CXX object lib/ProfileData/Coverage/CMakeFiles/LLVMCoverage.dir/CoverageMappingReader.cpp.o
[2744/5247][ 52%][360.381s] Building CXX object tools/clang/tools/extra/clang-tidy/misc/CMakeFiles/obj.clangTidyMiscModule.dir/DefinitionsInHeadersCheck.cpp.o
[2745/5247][ 52%][360.805s] Building CXX object tools/clang/tools/extra/clang-tidy/misc/CMakeFiles/obj.clangTidyMiscModule.dir/HeaderIncludeCycleCheck.cpp.o
[2746/5247][ 52%][361.212s] Building CXX object tools/clang/lib/Analysis/FlowSensitive/CMakeFiles/obj.clangAnalysisFlowSensitive.dir/TypeErasedDataflowAnalysis.cpp.o
[2747/5247][ 52%][361.232s] Building CXX object tools/clang/tools/extra/clang-tidy/misc/CMakeFiles/obj.clangTidyMiscModule.dir/IncludeCleanerCheck.cpp.o
[2748/5247][ 52%][361.249s] Building CXX object tools/clang/tools/extra/clang-tidy/misc/CMakeFiles/obj.clangTidyMiscModule.dir/MisleadingBidirectional.cpp.o
[2749/5247][ 52%][361.273s] Building CXX object tools/clang/tools/extra/clang-tidy/misc/CMakeFiles/obj.clangTidyMiscModule.dir/ConfusableIdentifierCheck.cpp.o
[2750/5247][ 52%][361.445s] Building CXX object tools/clang/tools/extra/clang-tidy/misc/CMakeFiles/obj.clangTidyMiscModule.dir/ConstCorrectnessCheck.cpp.o
[2751/5247][ 52%][361.522s] Building CXX object tools/clang/tools/extra/clang-tidy/misc/CMakeFiles/obj.clangTidyMiscModule.dir/MiscTidyModule.cpp.o
[2752/5247][ 52%][361.579s] Building CXX object tools/clang/tools/extra/clang-tidy/misc/CMakeFiles/obj.clangTidyMiscModule.dir/MisleadingIdentifier.cpp.o
[2753/5247][ 52%][361.773s] Building CXX object tools/clang/tools/extra/clang-tidy/misc/CMakeFiles/obj.clangTidyMiscModule.dir/NewDeleteOverloadsCheck.cpp.o
[2754/5247][ 52%][361.812s] Building CXX object tools/clang/tools/extra/clang-tidy/misc/CMakeFiles/obj.clangTidyMiscModule.dir/MisplacedConstCheck.cpp.o
[2755/5247][ 52%][362.230s] Building CXX object tools/clang/tools/extra/clang-tidy/misc/CMakeFiles/obj.clangTidyMiscModule.dir/NonCopyableObjects.cpp.o
[2756/5247][ 52%][362.420s] Building CXX object tools/clang/tools/extra/clang-tidy/misc/CMakeFiles/obj.clangTidyMiscModule.dir/NonPrivateMemberVariablesInClassesCheck.cpp.o
[2757/5247][ 52%][363.690s] Building CXX object tools/clang/tools/extra/clang-tidy/misc/CMakeFiles/obj.clangTidyMiscModule.dir/ThrowByValueCatchByReferenceCheck.cpp.o
[2758/5247][ 52%][363.769s] Building CXX object tools/clang/tools/extra/clang-tidy/misc/CMakeFiles/obj.clangTidyMiscModule.dir/UnusedAliasDeclsCheck.cpp.o
[2759/5247][ 52%][364.056s] Building CXX object tools/clang/tools/extra/clang-tidy/misc/CMakeFiles/obj.clangTidyMiscModule.dir/NoRecursionCheck.cpp.o
[2760/5247][ 52%][364.080s] Building CXX object tools/clang/tools/extra/clang-tidy/misc/CMakeFiles/obj.clangTidyMiscModule.dir/UniqueptrResetReleaseCheck.cpp.o
[2761/5247][ 52%][364.394s] Building CXX object tools/clang/tools/extra/clang-tidy/modernize/CMakeFiles/obj.clangTidyModernizeModule.dir/AvoidCArraysCheck.cpp.o
[2762/5247][ 52%][364.408s] Building CXX object tools/clang/tools/extra/clang-tidy/misc/CMakeFiles/obj.clangTidyMiscModule.dir/UseAnonymousNamespaceCheck.cpp.o
[2763/5247][ 52%][364.471s] Building CXX object tools/clang/tools/extra/clang-tidy/misc/CMakeFiles/obj.clangTidyMiscModule.dir/StaticAssertCheck.cpp.o
[2764/5247][ 52%][364.697s] Building CXX object tools/clang/tools/extra/clang-tidy/misc/CMakeFiles/obj.clangTidyMiscModule.dir/RedundantExpressionCheck.cpp.o
[2765/5247][ 52%][364.772s] Building CXX object tools/clang/tools/extra/clang-tidy/misc/CMakeFiles/obj.clangTidyMiscModule.dir/UnusedUsingDeclsCheck.cpp.o
[2766/5247][ 52%][364.781s] Building CXX object tools/clang/tools/extra/clang-tidy/misc/CMakeFiles/obj.clangTidyMiscModule.dir/UnconventionalAssignOperatorCheck.cpp.o
[2767/5247][ 52%][364.796s] Building CXX object tools/clang/tools/extra/clang-tidy/modernize/CMakeFiles/obj.clangTidyModernizeModule.dir/ConcatNestedNamespacesCheck.cpp.o
[2768/5247][ 52%][364.877s] Building CXX object tools/clang/tools/extra/clang-tidy/modernize/CMakeFiles/obj.clangTidyModernizeModule.dir/AvoidBindCheck.cpp.o
[2769/5247][ 52%][366.341s] Building CXX object tools/clang/tools/extra/clang-tidy/modernize/CMakeFiles/obj.clangTidyModernizeModule.dir/DeprecatedIosBaseAliasesCheck.cpp.o
[2770/5247][ 52%][367.092s] Building CXX object tools/clang/tools/extra/clang-tidy/modernize/CMakeFiles/obj.clangTidyModernizeModule.dir/MakeSharedCheck.cpp.o
[2771/5247][ 52%][367.310s] Building CXX object tools/clang/tools/extra/clang-tidy/modernize/CMakeFiles/obj.clangTidyModernizeModule.dir/MakeUniqueCheck.cpp.o
[2772/5247][ 52%][367.513s] Building CXX object tools/clang/tools/extra/clang-tidy/modernize/CMakeFiles/obj.clangTidyModernizeModule.dir/MacroToEnumCheck.cpp.o
[2773/5247][ 52%][367.633s] Building CXX object tools/clang/tools/extra/clang-tidy/modernize/CMakeFiles/obj.clangTidyModernizeModule.dir/RawStringLiteralCheck.cpp.o
[2774/5247][ 52%][368.187s] Building CXX object tools/clang/tools/extra/clang-tidy/misc/CMakeFiles/obj.clangTidyMiscModule.dir/UnusedParametersCheck.cpp.o
[2775/5247][ 52%][368.672s] Building CXX object tools/clang/tools/extra/clang-tidy/modernize/CMakeFiles/obj.clangTidyModernizeModule.dir/RedundantVoidArgCheck.cpp.o
[2776/5247][ 52%][369.048s] Building CXX object tools/clang/tools/extra/clang-tidy/modernize/CMakeFiles/obj.clangTidyModernizeModule.dir/MakeSmartPtrCheck.cpp.o
[2777/5247][ 52%][369.235s] Building CXX object tools/clang/tools/extra/clang-tidy/modernize/CMakeFiles/obj.clangTidyModernizeModule.dir/ModernizeTidyModule.cpp.o
[2778/5247][ 52%][369.274s] Building CXX object tools/clang/tools/extra/clang-tidy/modernize/CMakeFiles/obj.clangTidyModernizeModule.dir/DeprecatedHeadersCheck.cpp.o
[2779/5247][ 52%][370.158s] Building CXX object tools/clang/tools/extra/clang-tidy/modernize/CMakeFiles/obj.clangTidyModernizeModule.dir/ReplaceDisallowCopyAndAssignMacroCheck.cpp.o
[2780/5247][ 52%][370.461s] Building CXX object tools/clang/tools/extra/clang-tidy/modernize/CMakeFiles/obj.clangTidyModernizeModule.dir/ReplaceAutoPtrCheck.cpp.o
[2781/5247][ 53%][370.477s] Building CXX object tools/clang/tools/extra/clang-tidy/modernize/CMakeFiles/obj.clangTidyModernizeModule.dir/ReturnBracedInitListCheck.cpp.o
[2782/5247][ 53%][370.824s] Building CXX object tools/clang/tools/extra/clang-tidy/modernize/CMakeFiles/obj.clangTidyModernizeModule.dir/ShrinkToFitCheck.cpp.o
[2783/5247][ 53%][370.954s] Building CXX object tools/clang/tools/extra/clang-tidy/modernize/CMakeFiles/obj.clangTidyModernizeModule.dir/ReplaceRandomShuffleCheck.cpp.o
[2784/5247][ 53%][371.088s] Building CXX object tools/clang/tools/extra/clang-tidy/modernize/CMakeFiles/obj.clangTidyModernizeModule.dir/TypeTraitsCheck.cpp.o
[2785/5247][ 53%][371.272s] Building CXX object tools/clang/tools/extra/clang-tidy/modernize/CMakeFiles/obj.clangTidyModernizeModule.dir/UnaryStaticAssertCheck.cpp.o
[2786/5247][ 53%][372.350s] Building CXX object tools/clang/tools/extra/clang-tidy/modernize/CMakeFiles/obj.clangTidyModernizeModule.dir/UseBoolLiteralsCheck.cpp.o
[2787/5247][ 53%][372.502s] Building CXX object tools/clang/tools/extra/clang-tidy/modernize/CMakeFiles/obj.clangTidyModernizeModule.dir/PassByValueCheck.cpp.o
[2788/5247][ 53%][373.140s] Building CXX object tools/clang/tools/extra/clang-tidy/modernize/CMakeFiles/obj.clangTidyModernizeModule.dir/UseDefaultMemberInitCheck.cpp.o
[2789/5247][ 53%][373.294s] Building CXX object tools/clang/tools/extra/clang-tidy/modernize/CMakeFiles/obj.clangTidyModernizeModule.dir/UseAutoCheck.cpp.o
[2790/5247][ 53%][373.404s] Building CXX object tools/clang/tools/extra/clang-tidy/modernize/CMakeFiles/obj.clangTidyModernizeModule.dir/UseEqualsDeleteCheck.cpp.o
[2791/5247][ 53%][374.097s] Building CXX object tools/clang/tools/extra/clang-tidy/modernize/CMakeFiles/obj.clangTidyModernizeModule.dir/UseNoexceptCheck.cpp.o
[2792/5247][ 53%][374.118s] Building CXX object tools/clang/tools/extra/clang-tidy/modernize/CMakeFiles/obj.clangTidyModernizeModule.dir/UseOverrideCheck.cpp.o
[2793/5247][ 53%][374.203s] Building CXX object tools/clang/tools/extra/clang-tidy/modernize/CMakeFiles/obj.clangTidyModernizeModule.dir/UseNodiscardCheck.cpp.o
[2794/5247][ 53%][374.724s] Building CXX object tools/clang/tools/extra/clang-tidy/modernize/CMakeFiles/obj.clangTidyModernizeModule.dir/LoopConvertUtils.cpp.o
[2795/5247][ 53%][374.887s] Building CXX object tools/clang/tools/extra/clang-tidy/modernize/CMakeFiles/obj.clangTidyModernizeModule.dir/UseEmplaceCheck.cpp.o
[2796/5247][ 53%][375.236s] Building CXX object tools/clang/tools/extra/clang-tidy/modernize/CMakeFiles/obj.clangTidyModernizeModule.dir/UseEqualsDefaultCheck.cpp.o
[2797/5247][ 53%][375.879s] Building CXX object tools/clang/tools/extra/clang-tidy/modernize/CMakeFiles/obj.clangTidyModernizeModule.dir/UseStdPrintCheck.cpp.o
[2798/5247][ 53%][376.037s] Building CXX object tools/clang/tools/extra/clang-tidy/modernize/CMakeFiles/obj.clangTidyModernizeModule.dir/LoopConvertCheck.cpp.o
[2799/5247][ 53%][376.201s] Building CXX object tools/clang/tools/extra/clang-tidy/modernize/CMakeFiles/obj.clangTidyModernizeModule.dir/UseUncaughtExceptionsCheck.cpp.o
[2800/5247][ 53%][376.277s] Building CXX object tools/clang/tools/extra/clang-tidy/modernize/CMakeFiles/obj.clangTidyModernizeModule.dir/UseTransparentFunctorsCheck.cpp.o
[2801/5247][ 53%][376.654s] Building CXX object tools/clang/tools/extra/clang-tidy/modernize/CMakeFiles/obj.clangTidyModernizeModule.dir/UseUsingCheck.cpp.o
[2802/5247][ 53%][377.066s] Building CXX object tools/clang/tools/extra/clang-tidy/performance/CMakeFiles/obj.clangTidyPerformanceModule.dir/AvoidEndlCheck.cpp.o
[2803/5247][ 53%][377.230s] Building CXX object tools/clang/tools/extra/clang-tidy/performance/CMakeFiles/obj.clangTidyPerformanceModule.dir/FasterStringFindCheck.cpp.o
[2804/5247][ 53%][377.821s] Building CXX object tools/clang/tools/extra/clang-tidy/performance/CMakeFiles/obj.clangTidyPerformanceModule.dir/ForRangeCopyCheck.cpp.o
[2805/5247][ 53%][377.872s] Building CXX object tools/clang/tools/extra/clang-tidy/performance/CMakeFiles/obj.clangTidyPerformanceModule.dir/ImplicitConversionInLoopCheck.cpp.o
[2806/5247][ 53%][378.201s] Building CXX object tools/clang/tools/extra/clang-tidy/performance/CMakeFiles/obj.clangTidyPerformanceModule.dir/InefficientAlgorithmCheck.cpp.o
[2807/5247][ 53%][378.436s] Building CXX object tools/clang/tools/extra/clang-tidy/performance/CMakeFiles/obj.clangTidyPerformanceModule.dir/InefficientStringConcatenationCheck.cpp.o
[2808/5247][ 53%][379.037s] Building CXX object tools/clang/tools/extra/clang-tidy/performance/CMakeFiles/obj.clangTidyPerformanceModule.dir/MoveConstructorInitCheck.cpp.o
[2809/5247][ 53%][379.203s] Building CXX object tools/clang/tools/extra/clang-tidy/performance/CMakeFiles/obj.clangTidyPerformanceModule.dir/NoIntToPtrCheck.cpp.o
[2810/5247][ 53%][379.475s] Building CXX object tools/clang/tools/extra/clang-tidy/modernize/CMakeFiles/obj.clangTidyModernizeModule.dir/UseTrailingReturnTypeCheck.cpp.o
[2811/5247][ 53%][379.728s] Building CXX object tools/clang/tools/extra/clang-tidy/performance/CMakeFiles/obj.clangTidyPerformanceModule.dir/NoexceptDestructorCheck.cpp.o
[2812/5247][ 53%][379.747s] Building CXX object tools/clang/tools/extra/clang-tidy/performance/CMakeFiles/obj.clangTidyPerformanceModule.dir/InefficientVectorOperationCheck.cpp.o
[2813/5247][ 53%][379.757s] Building CXX object tools/clang/tools/extra/clang-tidy/performance/CMakeFiles/obj.clangTidyPerformanceModule.dir/NoexceptFunctionBaseCheck.cpp.o
[2814/5247][ 53%][379.787s] Building CXX object tools/clang/tools/extra/clang-tidy/performance/CMakeFiles/obj.clangTidyPerformanceModule.dir/MoveConstArgCheck.cpp.o
[2815/5247][ 53%][379.875s] Building CXX object tools/clang/tools/extra/clang-tidy/performance/CMakeFiles/obj.clangTidyPerformanceModule.dir/NoAutomaticMoveCheck.cpp.o
[2816/5247][ 53%][379.899s] Linking CXX static library lib/libclangIncludeCleaner.a
[2817/5247][ 53%][379.901s] Linking CXX static library lib/libLLVMCFGuard.a
[2818/5247][ 53%][380.153s] Linking CXX static library lib/libLLVMLTO.a
[2819/5247][ 53%][380.246s] Linking CXX static library lib/libLLVMGlobalISel.a
[2820/5247][ 53%][380.301s] Linking CXX static library lib/libLLVMAsmPrinter.a
[2821/5247][ 53%][380.361s] Building CXX object tools/clang/tools/extra/clang-tidy/performance/CMakeFiles/obj.clangTidyPerformanceModule.dir/NoexceptSwapCheck.cpp.o
[2822/5247][ 53%][380.394s] Building CXX object tools/clang/tools/extra/clang-tidy/performance/CMakeFiles/obj.clangTidyPerformanceModule.dir/NoexceptMoveConstructorCheck.cpp.o
[2823/5247][ 53%][380.735s] Linking CXX static library lib/libclangTidyReadabilityModule.a
[2824/5247][ 53%][381.205s] Building CXX object tools/clang/tools/extra/clang-tidy/performance/CMakeFiles/obj.clangTidyPerformanceModule.dir/TriviallyDestructibleCheck.cpp.o
[2825/5247][ 53%][381.298s] Building CXX object tools/clang/tools/extra/clang-tidy/performance/CMakeFiles/obj.clangTidyPerformanceModule.dir/PerformanceTidyModule.cpp.o
[2826/5247][ 53%][381.404s] Building CXX object tools/clang/tools/extra/clang-tidy/modernize/CMakeFiles/obj.clangTidyModernizeModule.dir/UseNullptrCheck.cpp.o
[2827/5247][ 53%][381.841s] Building CXX object lib/Target/X86/CMakeFiles/LLVMX86CodeGen.dir/X86ArgumentStackSlotRebase.cpp.o
[2828/5247][ 53%][382.024s] Building CXX object lib/Target/X86/CMakeFiles/LLVMX86CodeGen.dir/X86AvoidTrailingCall.cpp.o
[2829/5247][ 53%][382.396s] Building CXX object lib/Target/X86/CMakeFiles/LLVMX86CodeGen.dir/X86CallLowering.cpp.o
[2830/5247][ 53%][382.442s] Building CXX object lib/Target/X86/CMakeFiles/LLVMX86CodeGen.dir/X86CallFrameOptimization.cpp.o
[2831/5247][ 53%][382.742s] Building CXX object tools/clang/tools/extra/clang-tidy/performance/CMakeFiles/obj.clangTidyPerformanceModule.dir/TypePromotionInMathFnCheck.cpp.o
[2832/5247][ 53%][382.825s] Building CXX object lib/Target/X86/CMakeFiles/LLVMX86CodeGen.dir/X86AsmPrinter.cpp.o
[2833/5247][ 53%][382.878s] Building CXX object lib/Target/X86/CMakeFiles/LLVMX86CodeGen.dir/X86CmovConversion.cpp.o
[2834/5247][ 54%][383.073s] Building CXX object lib/Target/X86/CMakeFiles/LLVMX86CodeGen.dir/X86CallingConv.cpp.o
[2835/5247][ 54%][383.201s] Building CXX object tools/clang/tools/extra/clang-tidy/performance/CMakeFiles/obj.clangTidyPerformanceModule.dir/UnnecessaryCopyInitialization.cpp.o
[2836/5247][ 54%][383.307s] Building CXX object lib/Target/X86/CMakeFiles/LLVMX86CodeGen.dir/X86LowerTileCopy.cpp.o
[2837/5247][ 54%][383.586s] Building CXX object lib/Target/X86/CMakeFiles/LLVMX86CodeGen.dir/X86PreAMXConfig.cpp.o
[2838/5247][ 54%][383.684s] Building CXX object lib/Target/X86/CMakeFiles/LLVMX86CodeGen.dir/X86DomainReassignment.cpp.o
[2839/5247][ 54%][383.857s] Building CXX object tools/clang/tools/extra/clang-tidy/performance/CMakeFiles/obj.clangTidyPerformanceModule.dir/UnnecessaryValueParamCheck.cpp.o
[2840/5247][ 54%][384.073s] Building CXX object lib/Target/X86/CMakeFiles/LLVMX86CodeGen.dir/X86DiscriminateMemOps.cpp.o
[2841/5247][ 54%][384.172s] Building CXX object lib/Target/X86/CMakeFiles/LLVMX86CodeGen.dir/X86LowerAMXType.cpp.o
[2842/5247][ 54%][384.491s] Building CXX object lib/Target/X86/CMakeFiles/LLVMX86CodeGen.dir/X86TileConfig.cpp.o
[2843/5247][ 54%][384.724s] Building CXX object lib/Target/X86/CMakeFiles/LLVMX86CodeGen.dir/X86FastTileConfig.cpp.o
[2844/5247][ 54%][385.116s] Building CXX object lib/Target/X86/CMakeFiles/LLVMX86CodeGen.dir/X86FastPreTileConfig.cpp.o
[2845/5247][ 54%][385.222s] Building CXX object lib/Target/X86/CMakeFiles/LLVMX86CodeGen.dir/X86LowerAMXIntrinsics.cpp.o
[2846/5247][ 54%][385.249s] Building CXX object lib/Target/X86/CMakeFiles/LLVMX86CodeGen.dir/X86ExpandPseudo.cpp.o
[2847/5247][ 54%][385.454s] Building CXX object lib/Target/X86/CMakeFiles/LLVMX86CodeGen.dir/X86FixupBWInsts.cpp.o
[2848/5247][ 54%][385.455s] Building CXX object lib/Target/X86/CMakeFiles/LLVMX86CodeGen.dir/X86PreTileConfig.cpp.o
[2849/5247][ 54%][385.562s] Building CXX object lib/Target/X86/CMakeFiles/LLVMX86CodeGen.dir/X86FixupInstTuning.cpp.o
[2850/5247][ 54%][385.774s] Building CXX object lib/Target/X86/CMakeFiles/LLVMX86CodeGen.dir/X86FixupLEAs.cpp.o
[2851/5247][ 54%][385.825s] Building CXX object lib/Target/X86/CMakeFiles/LLVMX86CodeGen.dir/X86FixupVectorConstants.cpp.o
[2852/5247][ 54%][386.133s] Building CXX object lib/Target/X86/CMakeFiles/LLVMX86CodeGen.dir/X86DynAllocaExpander.cpp.o
[2853/5247][ 54%][386.240s] Building CXX object lib/Target/X86/CMakeFiles/LLVMX86CodeGen.dir/X86FixupSetCC.cpp.o
[2854/5247][ 54%][386.481s] Building CXX object lib/Target/X86/CMakeFiles/LLVMX86CodeGen.dir/X86AvoidStoreForwardingBlocks.cpp.o
[2855/5247][ 54%][387.147s] Building CXX object lib/Target/X86/CMakeFiles/LLVMX86CodeGen.dir/X86FlagsCopyLowering.cpp.o
[2856/5247][ 54%][387.175s] Building CXX object lib/Target/X86/CMakeFiles/LLVMX86CodeGen.dir/X86FloatingPoint.cpp.o
[2857/5247][ 54%][387.333s] Building CXX object lib/Target/X86/CMakeFiles/LLVMX86CodeGen.dir/X86FastISel.cpp.o
[2858/5247][ 54%][387.680s] Building CXX object lib/Target/X86/CMakeFiles/LLVMX86CodeGen.dir/X86InstrFMA3Info.cpp.o
[2859/5247][ 54%][387.796s] Building CXX object lib/Target/X86/CMakeFiles/LLVMX86CodeGen.dir/X86IndirectBranchTracking.cpp.o
[2860/5247][ 54%][387.997s] Building CXX object lib/Target/X86/CMakeFiles/LLVMX86CodeGen.dir/X86InterleavedAccess.cpp.o
[2861/5247][ 54%][388.064s] Building CXX object lib/Target/X86/CMakeFiles/LLVMX86CodeGen.dir/X86IndirectThunks.cpp.o
[2862/5247][ 54%][388.570s] Building CXX object lib/Target/X86/CMakeFiles/LLVMX86CodeGen.dir/X86InstructionSelector.cpp.o
[2863/5247][ 54%][388.572s] Building CXX object lib/Target/X86/CMakeFiles/LLVMX86CodeGen.dir/X86InstrFoldTables.cpp.o
[2864/5247][ 54%][388.893s] Building CXX object lib/Target/X86/CMakeFiles/LLVMX86CodeGen.dir/X86FrameLowering.cpp.o
[2865/5247][ 54%][389.144s] Building CXX object lib/Target/X86/CMakeFiles/LLVMX86CodeGen.dir/X86InsertPrefetch.cpp.o
[2866/5247][ 54%][389.302s] Building CXX object lib/Target/X86/CMakeFiles/LLVMX86CodeGen.dir/X86EvexToVex.cpp.o
[2867/5247][ 54%][389.655s] Building CXX object lib/Target/X86/CMakeFiles/LLVMX86CodeGen.dir/X86InstCombineIntrinsic.cpp.o
[2868/5247][ 54%][389.736s] Building CXX object lib/Target/X86/CMakeFiles/LLVMX86CodeGen.dir/X86MachineFunctionInfo.cpp.o
[2869/5247][ 54%][389.867s] Building CXX object lib/Target/X86/CMakeFiles/LLVMX86CodeGen.dir/X86LoadValueInjectionRetHardening.cpp.o
[2870/5247][ 54%][390.331s] Building CXX object lib/Target/X86/CMakeFiles/LLVMX86CodeGen.dir/X86MacroFusion.cpp.o
[2871/5247][ 54%][390.908s] Building CXX object lib/Target/X86/CMakeFiles/LLVMX86CodeGen.dir/X86ISelDAGToDAG.cpp.o
[2872/5247][ 54%][391.121s] Building CXX object lib/Target/X86/CMakeFiles/LLVMX86CodeGen.dir/X86MCInstLower.cpp.o
[2873/5247][ 54%][391.146s] Building CXX object lib/Target/X86/CMakeFiles/LLVMX86CodeGen.dir/X86RegisterBankInfo.cpp.o
[2874/5247][ 54%][391.264s] Building CXX object lib/Target/X86/CMakeFiles/LLVMX86CodeGen.dir/X86PadShortFunction.cpp.o
[2875/5247][ 54%][391.297s] Building CXX object lib/Target/X86/CMakeFiles/LLVMX86CodeGen.dir/X86LoadValueInjectionLoadHardening.cpp.o
[2876/5247][ 54%][391.441s] Building CXX object lib/Target/X86/CMakeFiles/LLVMX86CodeGen.dir/X86ShuffleDecodeConstantPool.cpp.o
[2877/5247][ 54%][391.484s] Building CXX object lib/Target/X86/CMakeFiles/LLVMX86CodeGen.dir/X86OptimizeLEAs.cpp.o
[2878/5247][ 54%][391.620s] Building CXX object lib/Target/X86/CMakeFiles/LLVMX86CodeGen.dir/X86LegalizerInfo.cpp.o
[2879/5247][ 54%][391.697s] Building CXX object lib/Target/X86/CMakeFiles/LLVMX86CodeGen.dir/X86InstrInfo.cpp.o
[2880/5247][ 54%][391.741s] Building CXX object lib/Target/X86/CMakeFiles/LLVMX86CodeGen.dir/X86PartialReduction.cpp.o
[2881/5247][ 54%][391.865s] Building CXX object lib/Target/X86/CMakeFiles/LLVMX86CodeGen.dir/X86ReturnThunks.cpp.o
[2882/5247][ 54%][392.125s] Building CXX object lib/Target/X86/CMakeFiles/LLVMX86CodeGen.dir/X86RegisterInfo.cpp.o
[2883/5247][ 54%][392.147s] Building CXX object lib/Target/X86/CMakeFiles/LLVMX86CodeGen.dir/X86SelectionDAGInfo.cpp.o
[2884/5247][ 54%][392.228s] Linking CXX static library lib/libLLVMX86Desc.a
[2885/5247][ 54%][392.264s] Building CXX object lib/Target/X86/CMakeFiles/LLVMX86CodeGen.dir/X86TargetObjectFile.cpp.o
[2886/5247][ 55%][392.990s] Building CXX object lib/Target/X86/CMakeFiles/LLVMX86CodeGen.dir/X86SpeculativeExecutionSideEffectSuppression.cpp.o
[2887/5247][ 55%][393.555s] Building CXX object lib/Target/X86/CMakeFiles/LLVMX86CodeGen.dir/X86VZeroUpper.cpp.o
[2888/5247][ 55%][393.598s] Building CXX object lib/Target/X86/CMakeFiles/LLVMX86CodeGen.dir/X86InsertWait.cpp.o
[2889/5247][ 55%][393.720s] Building CXX object lib/Target/X86/CMakeFiles/LLVMX86CodeGen.dir/X86WinEHState.cpp.o
[2890/5247][ 55%][394.138s] Building CXX object lib/Target/X86/Disassembler/CMakeFiles/LLVMX86Disassembler.dir/X86Disassembler.cpp.o
[2891/5247][ 55%][394.189s] Building CXX object lib/Target/X86/CMakeFiles/LLVMX86CodeGen.dir/X86Subtarget.cpp.o
[2892/5247][ 55%][394.471s] Building CXX object lib/Target/X86/CMakeFiles/LLVMX86CodeGen.dir/X86SpeculativeLoadHardening.cpp.o
[2893/5247][ 55%][394.810s] Building CXX object tools/clang/tools/extra/clang-tidy/modernize/CMakeFiles/obj.clangTidyModernizeModule.dir/IntegralLiteralExpressionMatcher.cpp.o
[2894/5247][ 55%][395.045s] Building CXX object lib/Target/ARM/CMakeFiles/LLVMARMCodeGen.dir/A15SDOptimizer.cpp.o
[2895/5247][ 55%][395.164s] Building CXX object lib/Target/ARM/CMakeFiles/LLVMARMCodeGen.dir/ARMBasicBlockInfo.cpp.o
[2896/5247][ 55%][395.274s] Building CXX object lib/Target/X86/CMakeFiles/LLVMX86CodeGen.dir/X86TargetTransformInfo.cpp.o
[2897/5247][ 55%][395.304s] Building CXX object lib/Target/X86/CMakeFiles/LLVMX86CodeGen.dir/X86TargetMachine.cpp.o
[2898/5247][ 55%][395.518s] Building CXX object lib/Target/X86/AsmParser/CMakeFiles/LLVMX86AsmParser.dir/X86AsmParser.cpp.o
[2899/5247][ 55%][395.618s] Building CXX object lib/Target/ARM/CMakeFiles/LLVMARMCodeGen.dir/ARMBranchTargets.cpp.o
[2900/5247][ 55%][395.816s] Building CXX object lib/Target/ARM/CMakeFiles/LLVMARMCodeGen.dir/ARMConstantPoolValue.cpp.o
[2901/5247][ 55%][395.945s] Building CXX object lib/Target/ARM/CMakeFiles/LLVMARMCodeGen.dir/ARMAsmPrinter.cpp.o
[2902/5247][ 55%][396.236s] Building CXX object lib/Target/ARM/CMakeFiles/LLVMARMCodeGen.dir/ARMBaseRegisterInfo.cpp.o
[2903/5247][ 55%][396.762s] Building CXX object lib/Target/ARM/CMakeFiles/LLVMARMCodeGen.dir/ARMCallingConv.cpp.o
[2904/5247][ 55%][396.770s] Building CXX object lib/Target/ARM/CMakeFiles/LLVMARMCodeGen.dir/ARMCallLowering.cpp.o
[2905/5247][ 55%][397.940s] Building CXX object lib/Target/ARM/CMakeFiles/LLVMARMCodeGen.dir/ARMFixCortexA57AES1742098Pass.cpp.o
[2906/5247][ 55%][398.132s] Building CXX object lib/Target/ARM/CMakeFiles/LLVMARMCodeGen.dir/ARMHazardRecognizer.cpp.o
[2907/5247][ 55%][398.467s] Building CXX object lib/Target/ARM/CMakeFiles/LLVMARMCodeGen.dir/ARMConstantIslandPass.cpp.o
[2908/5247][ 55%][398.618s] Building CXX object lib/Target/ARM/CMakeFiles/LLVMARMCodeGen.dir/ARMBaseInstrInfo.cpp.o
[2909/5247][ 55%][398.646s] Building CXX object lib/Target/ARM/CMakeFiles/LLVMARMCodeGen.dir/ARMExpandPseudoInsts.cpp.o
[2910/5247][ 55%][398.786s] Building CXX object lib/Target/ARM/CMakeFiles/LLVMARMCodeGen.dir/ARMInstrInfo.cpp.o
[2911/5247][ 55%][399.097s] Building CXX object lib/Target/ARM/CMakeFiles/LLVMARMCodeGen.dir/ARMFastISel.cpp.o
[2912/5247][ 55%][399.174s] Building CXX object lib/Target/ARM/CMakeFiles/LLVMARMCodeGen.dir/ARMInstructionSelector.cpp.o
[2913/5247][ 55%][399.414s] Building CXX object lib/Target/ARM/CMakeFiles/LLVMARMCodeGen.dir/ARMFrameLowering.cpp.o
[2914/5247][ 55%][399.663s] Building CXX object lib/Target/ARM/CMakeFiles/LLVMARMCodeGen.dir/ARMLegalizerInfo.cpp.o
[2915/5247][ 55%][399.885s] Building CXX object lib/Target/ARM/CMakeFiles/LLVMARMCodeGen.dir/ARMRegisterInfo.cpp.o
[2916/5247][ 55%][400.522s] Building CXX object lib/Target/ARM/CMakeFiles/LLVMARMCodeGen.dir/ARMISelDAGToDAG.cpp.o
[2917/5247][ 55%][400.522s] Building CXX object lib/Target/ARM/CMakeFiles/LLVMARMCodeGen.dir/ARMParallelDSP.cpp.o
[2918/5247][ 55%][400.734s] Building CXX object lib/Target/ARM/CMakeFiles/LLVMARMCodeGen.dir/ARMOptimizeBarriersPass.cpp.o
[2919/5247][ 55%][401.194s] Building CXX object lib/Target/ARM/CMakeFiles/LLVMARMCodeGen.dir/ARMMachineFunctionInfo.cpp.o
[2920/5247][ 55%][401.214s] Building CXX object lib/Target/ARM/CMakeFiles/LLVMARMCodeGen.dir/ARMBlockPlacement.cpp.o
[2921/5247][ 55%][401.399s] Building CXX object lib/Target/ARM/CMakeFiles/LLVMARMCodeGen.dir/ARMMacroFusion.cpp.o
[2922/5247][ 55%][401.546s] Building CXX object lib/Target/ARM/CMakeFiles/LLVMARMCodeGen.dir/ARMMCInstLower.cpp.o
[2923/5247][ 55%][401.965s] Building CXX object lib/Target/ARM/CMakeFiles/LLVMARMCodeGen.dir/ARMRegisterBankInfo.cpp.o
[2924/5247][ 55%][402.108s] Building CXX object lib/Target/ARM/CMakeFiles/LLVMARMCodeGen.dir/ARMLowOverheadLoops.cpp.o
[2925/5247][ 55%][402.466s] Building CXX object lib/Target/ARM/CMakeFiles/LLVMARMCodeGen.dir/ARMLoadStoreOptimizer.cpp.o
[2926/5247][ 55%][402.592s] Building CXX object lib/Target/ARM/CMakeFiles/LLVMARMCodeGen.dir/ARMSelectionDAGInfo.cpp.o
[2927/5247][ 55%][402.725s] Building CXX object lib/Target/ARM/CMakeFiles/LLVMARMCodeGen.dir/ARMSLSHardening.cpp.o
[2928/5247][ 55%][403.463s] Building CXX object lib/Target/ARM/CMakeFiles/LLVMARMCodeGen.dir/ARMTargetObjectFile.cpp.o
[2929/5247][ 55%][403.663s] Building CXX object lib/Target/ARM/CMakeFiles/LLVMARMCodeGen.dir/ARMSubtarget.cpp.o
[2930/5247][ 55%][403.898s] Building CXX object lib/Target/ARM/CMakeFiles/LLVMARMCodeGen.dir/MLxExpansionPass.cpp.o
[2931/5247][ 55%][404.487s] Building CXX object lib/Target/ARM/CMakeFiles/LLVMARMCodeGen.dir/MVEGatherScatterLowering.cpp.o
[2932/5247][ 55%][404.496s] Building CXX object lib/Target/ARM/CMakeFiles/LLVMARMCodeGen.dir/MVELaneInterleavingPass.cpp.o
[2933/5247][ 55%][404.695s] Building CXX object lib/Target/ARM/CMakeFiles/LLVMARMCodeGen.dir/MVEVPTBlockPass.cpp.o
[2934/5247][ 55%][404.726s] Building CXX object lib/Target/ARM/CMakeFiles/LLVMARMCodeGen.dir/ARMTargetMachine.cpp.o
[2935/5247][ 55%][404.828s] Linking CXX static library lib/libLLVMARMDesc.a
[2936/5247][ 55%][405.243s] Building CXX object lib/Target/ARM/CMakeFiles/LLVMARMCodeGen.dir/ARMISelLowering.cpp.o
[2937/5247][ 55%][405.274s] Building CXX object lib/Target/ARM/CMakeFiles/LLVMARMCodeGen.dir/Thumb1InstrInfo.cpp.o
[2938/5247][ 55%][405.336s] Building CXX object lib/Target/ARM/CMakeFiles/LLVMARMCodeGen.dir/MVETailPredication.cpp.o
[2939/5247][ 56%][405.598s] Building CXX object lib/Target/ARM/CMakeFiles/LLVMARMCodeGen.dir/ARMTargetTransformInfo.cpp.o
[2940/5247][ 56%][405.606s] Building CXX object lib/Target/ARM/CMakeFiles/LLVMARMCodeGen.dir/MVETPAndVPTOptimisationsPass.cpp.o
[2941/5247][ 56%][405.881s] Building CXX object lib/Target/ARM/CMakeFiles/LLVMARMCodeGen.dir/Thumb1FrameLowering.cpp.o
[2942/5247][ 56%][405.912s] Building CXX object lib/Target/X86/CMakeFiles/LLVMX86CodeGen.dir/X86ISelLowering.cpp.o
[2943/5247][ 56%][406.140s] Building CXX object lib/Target/ARM/CMakeFiles/LLVMARMCodeGen.dir/ThumbRegisterInfo.cpp.o
[2944/5247][ 56%][406.400s] Building CXX object lib/Target/ARM/CMakeFiles/LLVMARMCodeGen.dir/Thumb2ITBlockPass.cpp.o
[2945/5247][ 56%][406.749s] Building CXX object lib/Target/ARM/CMakeFiles/LLVMARMCodeGen.dir/Thumb2InstrInfo.cpp.o
[2946/5247][ 56%][406.963s] Building CXX object lib/Target/AArch64/CMakeFiles/LLVMAArch64CodeGen.dir/GISel/AArch64GlobalISelUtils.cpp.o
[2947/5247][ 56%][407.405s] Building CXX object lib/Target/ARM/CMakeFiles/LLVMARMCodeGen.dir/Thumb2SizeReduction.cpp.o
[2948/5247][ 56%][407.700s] Building CXX object lib/Target/AArch64/CMakeFiles/LLVMAArch64CodeGen.dir/GISel/AArch64CallLowering.cpp.o
[2949/5247][ 56%][407.963s] Building CXX object lib/Target/AArch64/CMakeFiles/LLVMAArch64CodeGen.dir/GISel/AArch64RegisterBankInfo.cpp.o
[2950/5247][ 56%][408.395s] Building CXX object lib/Target/AArch64/CMakeFiles/LLVMAArch64CodeGen.dir/GISel/AArch64PostSelectOptimize.cpp.o
[2951/5247][ 56%][408.618s] Building CXX object lib/Target/AArch64/CMakeFiles/LLVMAArch64CodeGen.dir/AArch64AdvSIMDScalarPass.cpp.o
[2952/5247][ 56%][408.628s] Building CXX object lib/Target/ARM/Disassembler/CMakeFiles/LLVMARMDisassembler.dir/ARMDisassembler.cpp.o
[2953/5247][ 56%][408.891s] Building CXX object lib/Target/AArch64/CMakeFiles/LLVMAArch64CodeGen.dir/GISel/AArch64O0PreLegalizerCombiner.cpp.o
[2954/5247][ 56%][409.253s] Building CXX object lib/Target/AArch64/CMakeFiles/LLVMAArch64CodeGen.dir/GISel/AArch64PreLegalizerCombiner.cpp.o
[2955/5247][ 56%][409.453s] Building CXX object lib/Target/AArch64/CMakeFiles/LLVMAArch64CodeGen.dir/GISel/AArch64PostLegalizerCombiner.cpp.o
[2956/5247][ 56%][409.766s] Building CXX object lib/Target/AArch64/CMakeFiles/LLVMAArch64CodeGen.dir/GISel/AArch64PostLegalizerLowering.cpp.o
[2957/5247][ 56%][409.861s] Building CXX object lib/Target/AArch64/CMakeFiles/LLVMAArch64CodeGen.dir/AArch64A57FPLoadBalancing.cpp.o
[2958/5247][ 56%][410.348s] Building CXX object lib/Target/AArch64/CMakeFiles/LLVMAArch64CodeGen.dir/AArch64CleanupLocalDynamicTLSPass.cpp.o
[2959/5247][ 56%][410.471s] Building CXX object lib/Target/AArch64/CMakeFiles/LLVMAArch64CodeGen.dir/AArch64CallingConvention.cpp.o
[2960/5247][ 56%][410.601s] Building CXX object lib/Target/AArch64/CMakeFiles/LLVMAArch64CodeGen.dir/AArch64BranchTargets.cpp.o
[2961/5247][ 56%][410.668s] Building CXX object lib/Target/AArch64/CMakeFiles/LLVMAArch64CodeGen.dir/GISel/AArch64LegalizerInfo.cpp.o
[2962/5247][ 56%][410.683s] Building CXX object lib/Target/ARM/AsmParser/CMakeFiles/LLVMARMAsmParser.dir/ARMAsmParser.cpp.o
[2963/5247][ 56%][410.703s] Building CXX object lib/Target/AArch64/CMakeFiles/LLVMAArch64CodeGen.dir/AArch64ExpandImm.cpp.o
[2964/5247][ 56%][410.717s] Building CXX object lib/Target/AArch64/CMakeFiles/LLVMAArch64CodeGen.dir/AArch64CollectLOH.cpp.o
[2965/5247][ 56%][410.848s] Building CXX object lib/Target/AArch64/CMakeFiles/LLVMAArch64CodeGen.dir/AArch64CondBrTuning.cpp.o
[2966/5247][ 56%][411.080s] Building CXX object lib/Target/AArch64/CMakeFiles/LLVMAArch64CodeGen.dir/AArch64ConditionalCompares.cpp.o
[2967/5247][ 56%][411.473s] Building CXX object lib/Target/AArch64/CMakeFiles/LLVMAArch64CodeGen.dir/AArch64DeadRegisterDefinitionsPass.cpp.o
[2968/5247][ 56%][411.715s] Building CXX object lib/Target/AArch64/CMakeFiles/LLVMAArch64CodeGen.dir/AArch64GlobalsTagging.cpp.o
[2969/5247][ 56%][411.837s] Building CXX object lib/Target/AArch64/CMakeFiles/LLVMAArch64CodeGen.dir/AArch64AsmPrinter.cpp.o
[2970/5247][ 56%][411.873s] Building CXX object lib/Target/AArch64/CMakeFiles/LLVMAArch64CodeGen.dir/GISel/AArch64InstructionSelector.cpp.o
[2971/5247][ 56%][412.203s] Building CXX object lib/Target/AArch64/CMakeFiles/LLVMAArch64CodeGen.dir/AArch64ExpandHardenedPseudos.cpp.o
[2972/5247][ 56%][412.444s] Building CXX object lib/Target/AArch64/CMakeFiles/LLVMAArch64CodeGen.dir/AArch64RedundantCopyElimination.cpp.o
[2973/5247][ 56%][412.499s] Building CXX object lib/Target/AArch64/CMakeFiles/LLVMAArch64CodeGen.dir/AArch64ConditionOptimizer.cpp.o
[2974/5247][ 56%][412.808s] Building CXX object lib/Target/AArch64/CMakeFiles/LLVMAArch64CodeGen.dir/AArch64ExpandPseudoInsts.cpp.o
[2975/5247][ 56%][412.863s] Building CXX object lib/Target/AArch64/CMakeFiles/LLVMAArch64CodeGen.dir/AArch64A53Fix835769.cpp.o
[2976/5247][ 56%][413.237s] Building CXX object lib/Target/AArch64/CMakeFiles/LLVMAArch64CodeGen.dir/AArch64FalkorHWPFFix.cpp.o
[2977/5247][ 56%][413.456s] Building CXX object lib/Target/AArch64/CMakeFiles/LLVMAArch64CodeGen.dir/AArch64CompressJumpTables.cpp.o
[2978/5247][ 56%][414.655s] Building CXX object lib/Target/AArch64/CMakeFiles/LLVMAArch64CodeGen.dir/AArch64MCInstLower.cpp.o
[2979/5247][ 56%][414.709s] Building CXX object lib/Target/AArch64/CMakeFiles/LLVMAArch64CodeGen.dir/AArch64LowerHomogeneousPrologEpilog.cpp.o
[2980/5247][ 56%][414.755s] Building CXX object lib/Target/AArch64/CMakeFiles/LLVMAArch64CodeGen.dir/AArch64MachineScheduler.cpp.o
[2981/5247][ 56%][414.793s] Building CXX object lib/Target/AArch64/CMakeFiles/LLVMAArch64CodeGen.dir/AArch64MacroFusion.cpp.o
[2982/5247][ 56%][414.859s] Building CXX object lib/Target/AArch64/CMakeFiles/LLVMAArch64CodeGen.dir/AArch64MachineFunctionInfo.cpp.o
[2983/5247][ 56%][414.885s] Building CXX object lib/Target/AArch64/CMakeFiles/LLVMAArch64CodeGen.dir/AArch64PromoteConstant.cpp.o
[2984/5247][ 56%][414.889s] Building CXX object lib/Target/AArch64/CMakeFiles/LLVMAArch64CodeGen.dir/AArch64FrameLowering.cpp.o
[2985/5247][ 56%][414.968s] Building CXX object lib/Target/AArch64/CMakeFiles/LLVMAArch64CodeGen.dir/AArch64FastISel.cpp.o
[2986/5247][ 56%][414.993s] Building CXX object lib/Target/AArch64/CMakeFiles/LLVMAArch64CodeGen.dir/AArch64MIPeepholeOpt.cpp.o
[2987/5247][ 56%][415.435s] Building CXX object lib/Target/AArch64/CMakeFiles/LLVMAArch64CodeGen.dir/AArch64PBQPRegAlloc.cpp.o
[2988/5247][ 56%][415.621s] Building CXX object lib/Target/AArch64/CMakeFiles/LLVMAArch64CodeGen.dir/AArch64LoadStoreOptimizer.cpp.o
[2989/5247][ 56%][416.441s] Building CXX object lib/Target/AArch64/CMakeFiles/LLVMAArch64CodeGen.dir/AArch64InstrInfo.cpp.o
[2990/5247][ 56%][416.501s] Building CXX object lib/Target/AArch64/CMakeFiles/LLVMAArch64CodeGen.dir/AArch64StorePairSuppress.cpp.o
[2991/5247][ 57%][416.624s] Building CXX object lib/Target/AArch64/CMakeFiles/LLVMAArch64CodeGen.dir/AArch64ISelDAGToDAG.cpp.o
[2992/5247][ 57%][417.045s] Building CXX object lib/Target/AArch64/CMakeFiles/LLVMAArch64CodeGen.dir/AArch64SelectionDAGInfo.cpp.o
[2993/5247][ 57%][417.259s] Building CXX object lib/Target/AArch64/CMakeFiles/LLVMAArch64CodeGen.dir/AArch64StackTaggingPreRA.cpp.o
[2994/5247][ 57%][417.532s] Building CXX object lib/Target/AArch64/CMakeFiles/LLVMAArch64CodeGen.dir/AArch64SpeculationHardening.cpp.o
[2995/5247][ 57%][417.538s] Building CXX object lib/Target/AArch64/CMakeFiles/LLVMAArch64CodeGen.dir/AArch64SLSHardening.cpp.o
[2996/5247][ 57%][417.660s] Linking CXX static library lib/libLLVMAArch64Desc.a
[2997/5247][ 57%][417.667s] Building CXX object lib/Target/AArch64/CMakeFiles/LLVMAArch64CodeGen.dir/AArch64RegisterInfo.cpp.o
[2998/5247][ 57%][417.778s] Building CXX object lib/Target/AArch64/CMakeFiles/LLVMAArch64CodeGen.dir/SMEABIPass.cpp.o
[2999/5247][ 57%][417.947s] Building CXX object lib/Target/AArch64/CMakeFiles/LLVMAArch64CodeGen.dir/AArch64TargetObjectFile.cpp.o
[3000/5247][ 57%][418.226s] Building CXX object lib/Target/AArch64/CMakeFiles/LLVMAArch64CodeGen.dir/AArch64Subtarget.cpp.o
[3001/5247][ 57%][418.284s] Building CXX object lib/Target/AArch64/CMakeFiles/LLVMAArch64CodeGen.dir/SVEIntrinsicOpts.cpp.o
[3002/5247][ 57%][418.425s] Building CXX object lib/Target/AArch64/Disassembler/CMakeFiles/LLVMAArch64Disassembler.dir/AArch64ExternalSymbolizer.cpp.o
[3003/5247][ 57%][418.446s] Building CXX object lib/Target/AArch64/CMakeFiles/LLVMAArch64CodeGen.dir/AArch64StackTagging.cpp.o
[3004/5247][ 57%][418.490s] Building CXX object lib/Target/AArch64/CMakeFiles/LLVMAArch64CodeGen.dir/AArch64SIMDInstrOpt.cpp.o
[3005/5247][ 57%][419.271s] Building CXX object lib/Target/AArch64/CMakeFiles/LLVMAArch64CodeGen.dir/AArch64TargetMachine.cpp.o
[3006/5247][ 57%][419.564s] Building CXX object lib/Target/AArch64/Disassembler/CMakeFiles/LLVMAArch64Disassembler.dir/AArch64Disassembler.cpp.o
[3007/5247][ 57%][419.727s] Building CXX object lib/Target/PowerPC/CMakeFiles/LLVMPowerPCCodeGen.dir/PPCCTRLoopsVerify.cpp.o
[3008/5247][ 57%][419.754s] Building CXX object lib/Target/PowerPC/CMakeFiles/LLVMPowerPCCodeGen.dir/PPCBranchCoalescing.cpp.o
[3009/5247][ 57%][420.119s] Building CXX object lib/Target/PowerPC/CMakeFiles/LLVMPowerPCCodeGen.dir/PPCBranchSelector.cpp.o
[3010/5247][ 57%][420.306s] Building CXX object lib/Target/AArch64/CMakeFiles/LLVMAArch64CodeGen.dir/AArch64TargetTransformInfo.cpp.o
[3011/5247][ 57%][420.308s] Building CXX object lib/Target/PowerPC/CMakeFiles/LLVMPowerPCCodeGen.dir/PPCBoolRetToInt.cpp.o
[3012/5247][ 57%][420.402s] Building CXX object lib/Target/PowerPC/CMakeFiles/LLVMPowerPCCodeGen.dir/PPCCallingConv.cpp.o
[3013/5247][ 57%][420.464s] Building CXX object lib/Target/PowerPC/CMakeFiles/LLVMPowerPCCodeGen.dir/PPCCCState.cpp.o
[3014/5247][ 57%][420.687s] Building CXX object lib/Target/PowerPC/CMakeFiles/LLVMPowerPCCodeGen.dir/GISel/PPCInstructionSelector.cpp.o
[3015/5247][ 57%][420.899s] Building CXX object lib/Target/PowerPC/CMakeFiles/LLVMPowerPCCodeGen.dir/PPCCTRLoops.cpp.o
[3016/5247][ 57%][421.327s] Building CXX object lib/Target/PowerPC/CMakeFiles/LLVMPowerPCCodeGen.dir/PPCAsmPrinter.cpp.o
[3017/5247][ 57%][421.716s] Building CXX object lib/Target/PowerPC/CMakeFiles/LLVMPowerPCCodeGen.dir/PPCExpandAtomicPseudoInsts.cpp.o
[3018/5247][ 57%][422.084s] Building CXX object lib/Target/PowerPC/CMakeFiles/LLVMPowerPCCodeGen.dir/PPCHazardRecognizers.cpp.o
[3019/5247][ 57%][422.372s] Building CXX object lib/Target/AArch64/CMakeFiles/LLVMAArch64CodeGen.dir/AArch64ISelLowering.cpp.o
[3020/5247][ 57%][422.427s] Building CXX object lib/Target/PowerPC/CMakeFiles/LLVMPowerPCCodeGen.dir/PPCMachineFunctionInfo.cpp.o
[3021/5247][ 57%][422.848s] Building CXX object lib/Target/PowerPC/CMakeFiles/LLVMPowerPCCodeGen.dir/PPCEarlyReturn.cpp.o
[3022/5247][ 57%][423.193s] Building CXX object lib/Target/PowerPC/CMakeFiles/LLVMPowerPCCodeGen.dir/PPCMachineScheduler.cpp.o
[3023/5247][ 57%][423.267s] Building CXX object lib/Target/AArch64/AsmParser/CMakeFiles/LLVMAArch64AsmParser.dir/AArch64AsmParser.cpp.o
[3024/5247][ 57%][423.503s] Building CXX object lib/Target/PowerPC/CMakeFiles/LLVMPowerPCCodeGen.dir/PPCMCInstLower.cpp.o
[3025/5247][ 57%][423.660s] Building CXX object lib/Target/PowerPC/CMakeFiles/LLVMPowerPCCodeGen.dir/PPCInstrInfo.cpp.o
[3026/5247][ 57%][423.900s] Building CXX object lib/Target/PowerPC/CMakeFiles/LLVMPowerPCCodeGen.dir/PPCFastISel.cpp.o
[3027/5247][ 57%][424.000s] Building CXX object lib/Target/PowerPC/CMakeFiles/LLVMPowerPCCodeGen.dir/PPCMacroFusion.cpp.o
[3028/5247][ 57%][424.027s] Building CXX object lib/Target/PowerPC/CMakeFiles/LLVMPowerPCCodeGen.dir/PPCFrameLowering.cpp.o
[3029/5247][ 57%][424.238s] Building CXX object lib/Target/PowerPC/CMakeFiles/LLVMPowerPCCodeGen.dir/PPCTargetObjectFile.cpp.o
[3030/5247][ 57%][424.570s] Building CXX object lib/Target/PowerPC/CMakeFiles/LLVMPowerPCCodeGen.dir/PPCLoopInstrFormPrep.cpp.o
[3031/5247][ 57%][424.888s] Building CXX object lib/Target/PowerPC/CMakeFiles/LLVMPowerPCCodeGen.dir/PPCISelDAGToDAG.cpp.o
[3032/5247][ 57%][425.337s] Building CXX object lib/Target/PowerPC/CMakeFiles/LLVMPowerPCCodeGen.dir/PPCMIPeephole.cpp.o
[3033/5247][ 57%][425.622s] Building CXX object lib/Target/PowerPC/CMakeFiles/LLVMPowerPCCodeGen.dir/PPCSubtarget.cpp.o
[3034/5247][ 57%][425.899s] Building CXX object lib/Target/PowerPC/CMakeFiles/LLVMPowerPCCodeGen.dir/PPCTOCRegDeps.cpp.o
[3035/5247][ 57%][425.907s] Building CXX object lib/Target/PowerPC/CMakeFiles/LLVMPowerPCCodeGen.dir/PPCTLSDynamicCall.cpp.o
[3036/5247][ 57%][425.960s] Building CXX object lib/Target/PowerPC/CMakeFiles/LLVMPowerPCCodeGen.dir/PPCRegisterInfo.cpp.o
[3037/5247][ 57%][426.320s] Building CXX object lib/Target/PowerPC/CMakeFiles/LLVMPowerPCCodeGen.dir/PPCVSXCopy.cpp.o
[3038/5247][ 57%][426.773s] Building CXX object lib/Target/PowerPC/CMakeFiles/LLVMPowerPCCodeGen.dir/PPCReduceCRLogicals.cpp.o
[3039/5247][ 57%][426.914s] Building CXX object lib/Target/PowerPC/CMakeFiles/LLVMPowerPCCodeGen.dir/PPCTargetMachine.cpp.o
[3040/5247][ 57%][427.005s] Linking CXX static library lib/libLLVMPowerPCDesc.a
[3041/5247][ 57%][427.021s] Building CXX object lib/Target/PowerPC/CMakeFiles/LLVMPowerPCCodeGen.dir/PPCVSXSwapRemoval.cpp.o
[3042/5247][ 57%][427.065s] Building CXX object lib/Target/PowerPC/CMakeFiles/LLVMPowerPCCodeGen.dir/PPCVSXFMAMutate.cpp.o
[3043/5247][ 57%][427.150s] Building CXX object lib/Target/PowerPC/CMakeFiles/LLVMPowerPCCodeGen.dir/GISel/PPCRegisterBankInfo.cpp.o
[3044/5247][ 58%][427.434s] Building CXX object lib/Target/SystemZ/CMakeFiles/LLVMSystemZCodeGen.dir/SystemZConstantPoolValue.cpp.o
[3045/5247][ 58%][427.497s] Building CXX object lib/Target/PowerPC/CMakeFiles/LLVMPowerPCCodeGen.dir/PPCExpandISEL.cpp.o
[3046/5247][ 58%][427.693s] Building CXX object lib/Target/PowerPC/CMakeFiles/LLVMPowerPCCodeGen.dir/GISel/PPCLegalizerInfo.cpp.o
[3047/5247][ 58%][427.702s] Building CXX object lib/Target/PowerPC/Disassembler/CMakeFiles/LLVMPowerPCDisassembler.dir/PPCDisassembler.cpp.o
[3048/5247][ 58%][427.795s] Building CXX object lib/Target/PowerPC/CMakeFiles/LLVMPowerPCCodeGen.dir/PPCTargetTransformInfo.cpp.o
[3049/5247][ 58%][427.907s] Building CXX object lib/Target/PowerPC/CMakeFiles/LLVMPowerPCCodeGen.dir/PPCLowerMASSVEntries.cpp.o
[3050/5247][ 58%][427.985s] Building CXX object lib/Target/PowerPC/CMakeFiles/LLVMPowerPCCodeGen.dir/PPCGenScalarMASSEntries.cpp.o
[3051/5247][ 58%][427.990s] Building CXX object lib/Target/PowerPC/CMakeFiles/LLVMPowerPCCodeGen.dir/PPCISelLowering.cpp.o
[3052/5247][ 58%][428.032s] Building CXX object lib/Target/PowerPC/CMakeFiles/LLVMPowerPCCodeGen.dir/PPCPreEmitPeephole.cpp.o
[3053/5247][ 58%][428.377s] Building CXX object lib/Target/PowerPC/CMakeFiles/LLVMPowerPCCodeGen.dir/GISel/PPCCallLowering.cpp.o
[3054/5247][ 58%][428.466s] Building CXX object lib/Target/SystemZ/CMakeFiles/LLVMSystemZCodeGen.dir/SystemZCallingConv.cpp.o
[3055/5247][ 58%][428.493s] Building CXX object lib/Target/PowerPC/AsmParser/CMakeFiles/LLVMPowerPCAsmParser.dir/PPCAsmParser.cpp.o
[3056/5247][ 58%][428.814s] Building CXX object lib/Target/SystemZ/CMakeFiles/LLVMSystemZCodeGen.dir/SystemZMachineFunctionInfo.cpp.o
[3057/5247][ 58%][429.062s] Building CXX object lib/Target/SystemZ/CMakeFiles/LLVMSystemZCodeGen.dir/SystemZCopyPhysRegs.cpp.o
[3058/5247][ 58%][429.427s] Building CXX object lib/Target/SystemZ/CMakeFiles/LLVMSystemZCodeGen.dir/SystemZElimCompare.cpp.o
[3059/5247][ 58%][429.490s] Building CXX object lib/Target/SystemZ/CMakeFiles/LLVMSystemZCodeGen.dir/SystemZHazardRecognizer.cpp.o
[3060/5247][ 58%][429.718s] Building CXX object lib/Target/SystemZ/CMakeFiles/LLVMSystemZCodeGen.dir/SystemZLDCleanup.cpp.o
[3061/5247][ 58%][429.754s] Building CXX object lib/Target/SystemZ/CMakeFiles/LLVMSystemZCodeGen.dir/SystemZAsmPrinter.cpp.o
[3062/5247][ 58%][429.848s] Building CXX object lib/Target/SystemZ/CMakeFiles/LLVMSystemZCodeGen.dir/SystemZLongBranch.cpp.o
[3063/5247][ 58%][430.036s] Building CXX object lib/Target/SystemZ/CMakeFiles/LLVMSystemZCodeGen.dir/SystemZFrameLowering.cpp.o
[3064/5247][ 58%][430.252s] Building CXX object lib/Target/SystemZ/CMakeFiles/LLVMSystemZCodeGen.dir/SystemZMCInstLower.cpp.o
[3065/5247][ 58%][430.322s] Building CXX object lib/Target/SystemZ/CMakeFiles/LLVMSystemZCodeGen.dir/SystemZMachineScheduler.cpp.o
[3066/5247][ 58%][430.346s] Building CXX object lib/Target/SystemZ/CMakeFiles/LLVMSystemZCodeGen.dir/SystemZPostRewrite.cpp.o
[3067/5247][ 58%][430.367s] Linking CXX static library lib/libLLVMSystemZDesc.a
[3068/5247][ 58%][430.382s] Building CXX object lib/Target/SystemZ/CMakeFiles/LLVMSystemZCodeGen.dir/SystemZInstrInfo.cpp.o
[3069/5247][ 58%][430.413s] Building CXX object lib/Target/Mips/CMakeFiles/LLVMMipsCodeGen.dir/Mips16HardFloatInfo.cpp.o
[3070/5247][ 58%][430.460s] Building CXX object lib/Target/SystemZ/CMakeFiles/LLVMSystemZCodeGen.dir/SystemZISelDAGToDAG.cpp.o
[3071/5247][ 58%][430.845s] Building CXX object lib/Target/SystemZ/CMakeFiles/LLVMSystemZCodeGen.dir/SystemZSelectionDAGInfo.cpp.o
[3072/5247][ 58%][431.006s] Building CXX object lib/Target/SystemZ/CMakeFiles/LLVMSystemZCodeGen.dir/SystemZRegisterInfo.cpp.o
[3073/5247][ 58%][431.112s] Building CXX object lib/Target/SystemZ/CMakeFiles/LLVMSystemZCodeGen.dir/SystemZShortenInst.cpp.o
[3074/5247][ 58%][431.308s] Building CXX object lib/Target/SystemZ/CMakeFiles/LLVMSystemZCodeGen.dir/SystemZSubtarget.cpp.o
[3075/5247][ 58%][431.424s] Building CXX object lib/Target/SystemZ/Disassembler/CMakeFiles/LLVMSystemZDisassembler.dir/SystemZDisassembler.cpp.o
[3076/5247][ 58%][431.685s] Building CXX object lib/Target/SystemZ/AsmParser/CMakeFiles/LLVMSystemZAsmParser.dir/SystemZAsmParser.cpp.o
[3077/5247][ 58%][431.916s] Building CXX object lib/Target/Mips/CMakeFiles/LLVMMipsCodeGen.dir/MipsAnalyzeImmediate.cpp.o
[3078/5247][ 58%][432.065s] Building CXX object lib/Target/SystemZ/CMakeFiles/LLVMSystemZCodeGen.dir/SystemZTDC.cpp.o
[3079/5247][ 58%][432.240s] Building CXX object lib/Target/Mips/CMakeFiles/LLVMMipsCodeGen.dir/Mips16InstrInfo.cpp.o
[3080/5247][ 58%][432.716s] Building CXX object lib/Target/SystemZ/CMakeFiles/LLVMSystemZCodeGen.dir/SystemZISelLowering.cpp.o
[3081/5247][ 58%][432.725s] Building CXX object lib/Target/Mips/CMakeFiles/LLVMMipsCodeGen.dir/Mips16HardFloat.cpp.o
[3082/5247][ 58%][432.738s] Building CXX object lib/Target/SystemZ/CMakeFiles/LLVMSystemZCodeGen.dir/SystemZTargetTransformInfo.cpp.o
[3083/5247][ 58%][432.803s] Building CXX object lib/Target/Mips/CMakeFiles/LLVMMipsCodeGen.dir/Mips16FrameLowering.cpp.o
[3084/5247][ 58%][432.933s] Building CXX object lib/Target/SystemZ/CMakeFiles/LLVMSystemZCodeGen.dir/SystemZTargetMachine.cpp.o
[3085/5247][ 58%][433.074s] Building CXX object lib/Target/Mips/CMakeFiles/LLVMMipsCodeGen.dir/Mips16ISelDAGToDAG.cpp.o
[3086/5247][ 58%][433.338s] Building CXX object lib/Target/Mips/CMakeFiles/LLVMMipsCodeGen.dir/Mips16RegisterInfo.cpp.o
[3087/5247][ 58%][433.575s] Building CXX object lib/Target/Mips/CMakeFiles/LLVMMipsCodeGen.dir/Mips16ISelLowering.cpp.o
[3088/5247][ 58%][433.860s] Building CXX object lib/Target/Mips/CMakeFiles/LLVMMipsCodeGen.dir/MipsCallLowering.cpp.o
[3089/5247][ 58%][433.990s] Building CXX object lib/Target/Mips/CMakeFiles/LLVMMipsCodeGen.dir/MipsCCState.cpp.o
[3090/5247][ 58%][434.548s] Building CXX object lib/Target/Mips/CMakeFiles/LLVMMipsCodeGen.dir/MipsExpandPseudo.cpp.o
[3091/5247][ 58%][434.551s] Building CXX object lib/Target/Mips/CMakeFiles/LLVMMipsCodeGen.dir/MipsAsmPrinter.cpp.o
[3092/5247][ 58%][434.958s] Building CXX object lib/Target/Mips/CMakeFiles/LLVMMipsCodeGen.dir/MipsConstantIslandPass.cpp.o
[3093/5247][ 58%][435.113s] Building CXX object lib/Target/Mips/CMakeFiles/LLVMMipsCodeGen.dir/MipsDelaySlotFiller.cpp.o
[3094/5247][ 58%][435.127s] Building CXX object lib/Target/Mips/CMakeFiles/LLVMMipsCodeGen.dir/MipsInstrInfo.cpp.o
[3095/5247][ 58%][435.471s] Building CXX object lib/Target/Mips/CMakeFiles/LLVMMipsCodeGen.dir/MipsFrameLowering.cpp.o
[3096/5247][ 59%][435.619s] Building CXX object lib/Target/Mips/CMakeFiles/LLVMMipsCodeGen.dir/MipsISelDAGToDAG.cpp.o
[3097/5247][ 59%][435.900s] Building CXX object lib/Target/Mips/CMakeFiles/LLVMMipsCodeGen.dir/MipsOs16.cpp.o
[3098/5247][ 59%][436.023s] Building CXX object lib/Target/Mips/CMakeFiles/LLVMMipsCodeGen.dir/MipsLegalizerInfo.cpp.o
[3099/5247][ 59%][436.112s] Building CXX object lib/Target/Mips/CMakeFiles/LLVMMipsCodeGen.dir/MipsInstructionSelector.cpp.o
[3100/5247][ 59%][436.417s] Building CXX object lib/Target/Mips/CMakeFiles/LLVMMipsCodeGen.dir/MipsMCInstLower.cpp.o
[3101/5247][ 59%][436.428s] Building CXX object lib/Target/Mips/CMakeFiles/LLVMMipsCodeGen.dir/MipsMachineFunction.cpp.o
[3102/5247][ 59%][436.471s] Building CXX object lib/Target/Mips/CMakeFiles/LLVMMipsCodeGen.dir/MipsFastISel.cpp.o
[3103/5247][ 59%][436.496s] Building CXX object lib/Target/Mips/CMakeFiles/LLVMMipsCodeGen.dir/MipsBranchExpansion.cpp.o
[3104/5247][ 59%][436.669s] Building CXX object lib/Target/Mips/CMakeFiles/LLVMMipsCodeGen.dir/MipsModuleISelDAGToDAG.cpp.o
[3105/5247][ 59%][437.024s] Building CXX object lib/Target/Mips/CMakeFiles/LLVMMipsCodeGen.dir/MipsOptimizePICCall.cpp.o
[3106/5247][ 59%][437.246s] Building CXX object lib/Target/Mips/CMakeFiles/LLVMMipsCodeGen.dir/MipsISelLowering.cpp.o
[3107/5247][ 59%][437.270s] Building CXX object lib/Target/Mips/CMakeFiles/LLVMMipsCodeGen.dir/MipsPreLegalizerCombiner.cpp.o
[3108/5247][ 59%][437.872s] Building CXX object lib/Target/Mips/CMakeFiles/LLVMMipsCodeGen.dir/MipsRegisterInfo.cpp.o
[3109/5247][ 59%][438.445s] Building CXX object lib/Target/Mips/CMakeFiles/LLVMMipsCodeGen.dir/MipsPostLegalizerCombiner.cpp.o
[3110/5247][ 59%][438.529s] Building CXX object lib/Target/Mips/CMakeFiles/LLVMMipsCodeGen.dir/MipsRegisterBankInfo.cpp.o
[3111/5247][ 59%][438.540s] Building CXX object lib/Target/Mips/CMakeFiles/LLVMMipsCodeGen.dir/MipsSEInstrInfo.cpp.o
[3112/5247][ 59%][438.599s] Linking CXX static library lib/libLLVMMipsDesc.a
[3113/5247][ 59%][438.828s] Building CXX object lib/Target/Mips/CMakeFiles/LLVMMipsCodeGen.dir/MipsSEFrameLowering.cpp.o
[3114/5247][ 59%][438.902s] Building CXX object lib/Target/Mips/CMakeFiles/LLVMMipsCodeGen.dir/MipsSERegisterInfo.cpp.o
[3115/5247][ 59%][438.909s] Building CXX object lib/Target/Mips/CMakeFiles/LLVMMipsCodeGen.dir/MipsSubtarget.cpp.o
[3116/5247][ 59%][438.926s] Building CXX object lib/Target/Mips/CMakeFiles/LLVMMipsCodeGen.dir/MipsSEISelDAGToDAG.cpp.o
[3117/5247][ 59%][439.354s] Building CXX object lib/Target/Mips/CMakeFiles/LLVMMipsCodeGen.dir/MipsTargetObjectFile.cpp.o
[3118/5247][ 59%][439.492s] Building CXX object lib/Target/Mips/CMakeFiles/LLVMMipsCodeGen.dir/MipsMulMulBugPass.cpp.o
[3119/5247][ 59%][439.699s] Building CXX object lib/Target/Mips/CMakeFiles/LLVMMipsCodeGen.dir/MicroMipsSizeReduction.cpp.o
[3120/5247][ 59%][439.837s] Building CXX object lib/Target/Mips/CMakeFiles/LLVMMipsCodeGen.dir/MipsSEISelLowering.cpp.o
[3121/5247][ 59%][440.023s] Building CXX object lib/Target/Mips/CMakeFiles/LLVMMipsCodeGen.dir/MipsTargetTransformInfo.cpp.o
[3122/5247][ 59%][440.270s] Building CXX object lib/Target/Mips/Disassembler/CMakeFiles/LLVMMipsDisassembler.dir/MipsDisassembler.cpp.o
[3123/5247][ 59%][440.637s] Building CXX object lib/Target/Mips/CMakeFiles/LLVMMipsCodeGen.dir/MipsTargetMachine.cpp.o
[3124/5247][ 59%][440.794s] Building CXX object lib/Target/Mips/AsmParser/CMakeFiles/LLVMMipsAsmParser.dir/MipsAsmParser.cpp.o
[3125/5247][ 59%][441.095s] Building CXX object lib/Target/RISCV/CMakeFiles/LLVMRISCVCodeGen.dir/RISCVCodeGenPrepare.cpp.o
[3126/5247][ 59%][441.232s] Building CXX object lib/Target/RISCV/CMakeFiles/LLVMRISCVCodeGen.dir/RISCVMakeCompressible.cpp.o
[3127/5247][ 59%][441.364s] Building CXX object lib/Target/RISCV/CMakeFiles/LLVMRISCVCodeGen.dir/RISCVExpandAtomicPseudoInsts.cpp.o
[3128/5247][ 59%][441.561s] Building CXX object lib/Target/RISCV/CMakeFiles/LLVMRISCVCodeGen.dir/RISCVExpandPseudoInsts.cpp.o
[3129/5247][ 59%][441.713s] Building CXX object lib/Target/RISCV/CMakeFiles/LLVMRISCVCodeGen.dir/RISCVAsmPrinter.cpp.o
[3130/5247][ 59%][441.924s] Building CXX object lib/Target/RISCV/CMakeFiles/LLVMRISCVCodeGen.dir/RISCVFrameLowering.cpp.o
[3131/5247][ 59%][442.009s] Building CXX object lib/Target/RISCV/CMakeFiles/LLVMRISCVCodeGen.dir/RISCVInsertReadWriteCSR.cpp.o
[3132/5247][ 59%][442.524s] Building CXX object lib/Target/RISCV/CMakeFiles/LLVMRISCVCodeGen.dir/RISCVInsertVSETVLI.cpp.o
[3133/5247][ 59%][442.554s] Building CXX object lib/Target/RISCV/CMakeFiles/LLVMRISCVCodeGen.dir/RISCVGatherScatterLowering.cpp.o
[3134/5247][ 59%][443.064s] Building CXX object lib/Target/RISCV/CMakeFiles/LLVMRISCVCodeGen.dir/RISCVRedundantCopyElimination.cpp.o
[3135/5247][ 59%][443.065s] Building CXX object lib/Target/RISCV/CMakeFiles/LLVMRISCVCodeGen.dir/RISCVMachineFunctionInfo.cpp.o
[3136/5247][ 59%][443.188s] Building CXX object lib/Target/RISCV/CMakeFiles/LLVMRISCVCodeGen.dir/RISCVMacroFusion.cpp.o
[3137/5247][ 59%][443.630s] Building CXX object lib/Target/RISCV/CMakeFiles/LLVMRISCVCodeGen.dir/RISCVMergeBaseOffset.cpp.o
[3138/5247][ 59%][443.821s] Building CXX object lib/Target/RISCV/CMakeFiles/LLVMRISCVCodeGen.dir/RISCVInstrInfo.cpp.o
[3139/5247][ 59%][444.208s] Building CXX object lib/Target/RISCV/CMakeFiles/LLVMRISCVCodeGen.dir/RISCVOptWInstrs.cpp.o
[3140/5247][ 59%][444.331s] Building CXX object lib/Target/RISCV/CMakeFiles/LLVMRISCVCodeGen.dir/RISCVRVVInitUndef.cpp.o
[3141/5247][ 59%][444.373s] Building CXX object lib/Target/RISCV/CMakeFiles/LLVMRISCVCodeGen.dir/RISCVMoveMerger.cpp.o
[3142/5247][ 59%][444.411s] Building CXX object lib/Target/RISCV/CMakeFiles/LLVMRISCVCodeGen.dir/RISCVPushPopOptimizer.cpp.o
[3143/5247][ 59%][444.500s] Linking CXX static library lib/libLLVMRISCVDesc.a
[3144/5247][ 59%][444.957s] Building CXX object lib/Target/RISCV/CMakeFiles/LLVMRISCVCodeGen.dir/RISCVRegisterInfo.cpp.o
[3145/5247][ 59%][445.108s] Building CXX object lib/Target/RISCV/CMakeFiles/LLVMRISCVCodeGen.dir/RISCVSubtarget.cpp.o
[3146/5247][ 59%][445.303s] Building CXX object lib/Target/RISCV/CMakeFiles/LLVMRISCVCodeGen.dir/GISel/RISCVRegisterBankInfo.cpp.o
[3147/5247][ 59%][445.485s] Building CXX object lib/Target/RISCV/CMakeFiles/LLVMRISCVCodeGen.dir/GISel/RISCVCallLowering.cpp.o
[3148/5247][ 59%][445.659s] Building CXX object lib/Target/WebAssembly/CMakeFiles/LLVMWebAssemblyCodeGen.dir/WebAssemblyAddMissingPrototypes.cpp.o
[3149/5247][ 60%][445.721s] Building CXX object lib/Target/RISCV/CMakeFiles/LLVMRISCVCodeGen.dir/RISCVTargetObjectFile.cpp.o
[3150/5247][ 60%][445.740s] Building CXX object lib/Target/RISCV/Disassembler/CMakeFiles/LLVMRISCVDisassembler.dir/RISCVDisassembler.cpp.o
[3151/5247][ 60%][446.113s] Building CXX object lib/Target/RISCV/CMakeFiles/LLVMRISCVCodeGen.dir/GISel/RISCVLegalizerInfo.cpp.o
[3152/5247][ 60%][446.811s] Building CXX object lib/Target/RISCV/CMakeFiles/LLVMRISCVCodeGen.dir/RISCVTargetMachine.cpp.o
[3153/5247][ 60%][447.038s] Building CXX object lib/Target/RISCV/CMakeFiles/LLVMRISCVCodeGen.dir/GISel/RISCVInstructionSelector.cpp.o
[3154/5247][ 60%][447.172s] Building CXX object lib/Target/RISCV/CMakeFiles/LLVMRISCVCodeGen.dir/RISCVTargetTransformInfo.cpp.o
[3155/5247][ 60%][447.259s] Building CXX object lib/Target/WebAssembly/CMakeFiles/LLVMWebAssemblyCodeGen.dir/WebAssemblyArgumentMove.cpp.o
[3156/5247][ 60%][447.489s] Building CXX object lib/Target/RISCV/AsmParser/CMakeFiles/LLVMRISCVAsmParser.dir/RISCVAsmParser.cpp.o
[3157/5247][ 60%][447.743s] Building CXX object lib/Target/RISCV/CMakeFiles/LLVMRISCVCodeGen.dir/RISCVISelDAGToDAG.cpp.o
[3158/5247][ 60%][447.895s] Building CXX object lib/Target/WebAssembly/CMakeFiles/LLVMWebAssemblyCodeGen.dir/WebAssemblyLateEHPrepare.cpp.o
[3159/5247][ 60%][447.908s] Building CXX object lib/Target/WebAssembly/CMakeFiles/LLVMWebAssemblyCodeGen.dir/WebAssemblyDebugFixup.cpp.o
[3160/5247][ 60%][447.933s] Building CXX object lib/Target/WebAssembly/CMakeFiles/LLVMWebAssemblyCodeGen.dir/WebAssemblyCFGSort.cpp.o
[3161/5247][ 60%][448.277s] Building CXX object lib/Target/WebAssembly/CMakeFiles/LLVMWebAssemblyCodeGen.dir/WebAssemblyDebugValueManager.cpp.o
[3162/5247][ 60%][448.297s] Building CXX object lib/Target/WebAssembly/CMakeFiles/LLVMWebAssemblyCodeGen.dir/WebAssemblyAsmPrinter.cpp.o
[3163/5247][ 60%][448.493s] Building CXX object lib/Target/WebAssembly/CMakeFiles/LLVMWebAssemblyCodeGen.dir/WebAssemblyFixFunctionBitcasts.cpp.o
[3164/5247][ 60%][448.645s] Building CXX object lib/Target/WebAssembly/CMakeFiles/LLVMWebAssemblyCodeGen.dir/WebAssemblyExceptionInfo.cpp.o
[3165/5247][ 60%][448.778s] Building CXX object lib/Target/WebAssembly/CMakeFiles/LLVMWebAssemblyCodeGen.dir/WebAssemblyCFGStackify.cpp.o
[3166/5247][ 60%][448.942s] Building CXX object lib/Target/RISCV/CMakeFiles/LLVMRISCVCodeGen.dir/RISCVISelLowering.cpp.o
[3167/5247][ 60%][449.173s] Building CXX object lib/Target/WebAssembly/CMakeFiles/LLVMWebAssemblyCodeGen.dir/WebAssemblyExplicitLocals.cpp.o
[3168/5247][ 60%][449.239s] Building CXX object lib/Target/WebAssembly/CMakeFiles/LLVMWebAssemblyCodeGen.dir/WebAssemblyFixBrTableDefaults.cpp.o
[3169/5247][ 60%][449.844s] Building CXX object lib/Target/WebAssembly/CMakeFiles/LLVMWebAssemblyCodeGen.dir/WebAssemblyFixIrreducibleControlFlow.cpp.o
[3170/5247][ 60%][450.026s] Building CXX object lib/Target/WebAssembly/CMakeFiles/LLVMWebAssemblyCodeGen.dir/WebAssemblyLowerRefTypesIntPtrConv.cpp.o
[3171/5247][ 60%][450.182s] Building CXX object lib/Target/WebAssembly/CMakeFiles/LLVMWebAssemblyCodeGen.dir/WebAssemblyISelDAGToDAG.cpp.o
[3172/5247][ 60%][450.266s] Building CXX object lib/Target/WebAssembly/CMakeFiles/LLVMWebAssemblyCodeGen.dir/WebAssemblyInstrInfo.cpp.o
[3173/5247][ 60%][450.282s] Building CXX object lib/Target/WebAssembly/CMakeFiles/LLVMWebAssemblyCodeGen.dir/WebAssemblyFastISel.cpp.o
[3174/5247][ 60%][450.316s] Building CXX object lib/Target/WebAssembly/CMakeFiles/LLVMWebAssemblyCodeGen.dir/WebAssemblyFrameLowering.cpp.o
[3175/5247][ 60%][450.525s] Building CXX object lib/Target/WebAssembly/CMakeFiles/LLVMWebAssemblyCodeGen.dir/WebAssemblyLowerBrUnless.cpp.o
[3176/5247][ 60%][450.869s] Building CXX object lib/Target/WebAssembly/CMakeFiles/LLVMWebAssemblyCodeGen.dir/WebAssemblyNullifyDebugValueLists.cpp.o
[3177/5247][ 60%][450.999s] Building CXX object lib/Target/WebAssembly/CMakeFiles/LLVMWebAssemblyCodeGen.dir/WebAssemblyOptimizeReturned.cpp.o
[3178/5247][ 60%][451.179s] Building CXX object lib/Target/WebAssembly/CMakeFiles/LLVMWebAssemblyCodeGen.dir/WebAssemblyMCLowerPrePass.cpp.o
[3179/5247][ 60%][451.278s] Building CXX object lib/Target/WebAssembly/CMakeFiles/LLVMWebAssemblyCodeGen.dir/WebAssemblyMCInstLower.cpp.o
[3180/5247][ 60%][451.413s] Building CXX object lib/Target/WebAssembly/CMakeFiles/LLVMWebAssemblyCodeGen.dir/WebAssemblyMachineFunctionInfo.cpp.o
[3181/5247][ 60%][451.448s] Building CXX object lib/Target/WebAssembly/CMakeFiles/LLVMWebAssemblyCodeGen.dir/WebAssemblyISelLowering.cpp.o
[3182/5247][ 60%][451.557s] Building CXX object lib/Target/WebAssembly/CMakeFiles/LLVMWebAssemblyCodeGen.dir/WebAssemblyOptimizeLiveIntervals.cpp.o
[3183/5247][ 60%][451.839s] Building CXX object lib/Target/WebAssembly/CMakeFiles/LLVMWebAssemblyCodeGen.dir/WebAssemblyLowerEmscriptenEHSjLj.cpp.o
[3184/5247][ 60%][452.348s] Building CXX object lib/Target/WebAssembly/CMakeFiles/LLVMWebAssemblyCodeGen.dir/WebAssemblySortRegion.cpp.o
[3185/5247][ 60%][452.426s] Building CXX object lib/Target/WebAssembly/CMakeFiles/LLVMWebAssemblyCodeGen.dir/WebAssemblyRegisterInfo.cpp.o
[3186/5247][ 60%][452.449s] Building CXX object lib/Target/WebAssembly/CMakeFiles/LLVMWebAssemblyCodeGen.dir/WebAssemblyPeephole.cpp.o
[3187/5247][ 60%][452.496s] Building CXX object lib/Target/WebAssembly/CMakeFiles/LLVMWebAssemblyCodeGen.dir/WebAssemblySelectionDAGInfo.cpp.o
[3188/5247][ 60%][452.503s] Building CXX object lib/Target/WebAssembly/CMakeFiles/LLVMWebAssemblyCodeGen.dir/WebAssemblyRegNumbering.cpp.o
[3189/5247][ 60%][452.544s] Linking CXX static library lib/libLLVMWebAssemblyUtils.a
[3190/5247][ 60%][452.627s] Building CXX object lib/Target/WebAssembly/CMakeFiles/LLVMWebAssemblyCodeGen.dir/WebAssemblyReplacePhysRegs.cpp.o
[3191/5247][ 60%][452.883s] Building CXX object lib/Target/WebAssembly/CMakeFiles/LLVMWebAssemblyCodeGen.dir/WebAssemblyRuntimeLibcallSignatures.cpp.o
[3192/5247][ 60%][453.090s] Building CXX object lib/Target/WebAssembly/CMakeFiles/LLVMWebAssemblyCodeGen.dir/WebAssemblyRegColoring.cpp.o
[3193/5247][ 60%][453.210s] Building CXX object lib/Target/WebAssembly/CMakeFiles/LLVMWebAssemblyCodeGen.dir/WebAssemblyRegStackify.cpp.o
[3194/5247][ 60%][453.318s] Building CXX object lib/Target/WebAssembly/CMakeFiles/LLVMWebAssemblyCodeGen.dir/WebAssemblySubtarget.cpp.o
[3195/5247][ 60%][453.401s] Building CXX object lib/Target/WebAssembly/CMakeFiles/LLVMWebAssemblyCodeGen.dir/WebAssemblyTargetObjectFile.cpp.o
[3196/5247][ 60%][453.428s] Building CXX object lib/Target/WebAssembly/CMakeFiles/LLVMWebAssemblyCodeGen.dir/WebAssemblySetP2AlignOperands.cpp.o
[3197/5247][ 60%][453.977s] Building CXX object lib/Target/WebAssembly/CMakeFiles/LLVMWebAssemblyCodeGen.dir/WebAssemblyMemIntrinsicResults.cpp.o
[3198/5247][ 60%][454.631s] Building CXX object lib/Target/WebAssembly/Disassembler/CMakeFiles/LLVMWebAssemblyDisassembler.dir/WebAssemblyDisassembler.cpp.o
[3199/5247][ 60%][454.639s] Building CXX object lib/Target/WebAssembly/AsmParser/CMakeFiles/LLVMWebAssemblyAsmParser.dir/WebAssemblyAsmTypeCheck.cpp.o
[3200/5247][ 60%][454.655s] Building CXX object lib/Target/AVR/CMakeFiles/LLVMAVRCodeGen.dir/AVRAsmPrinter.cpp.o
[3201/5247][ 61%][454.789s] Building CXX object lib/Target/WebAssembly/CMakeFiles/LLVMWebAssemblyCodeGen.dir/WebAssemblyTargetTransformInfo.cpp.o
[3202/5247][ 61%][454.810s] Building CXX object lib/Target/AVR/CMakeFiles/LLVMAVRCodeGen.dir/AVRFrameLowering.cpp.o
[3203/5247][ 61%][455.063s] Building CXX object lib/Target/WebAssembly/AsmParser/CMakeFiles/LLVMWebAssemblyAsmParser.dir/WebAssemblyAsmParser.cpp.o
[3204/5247][ 61%][455.077s] Building CXX object lib/Target/AVR/CMakeFiles/LLVMAVRCodeGen.dir/AVRExpandPseudoInsts.cpp.o
[3205/5247][ 61%][455.107s] Building CXX object lib/Target/AVR/CMakeFiles/LLVMAVRCodeGen.dir/AVRMCInstLower.cpp.o
[3206/5247][ 61%][455.111s] Linking CXX static library lib/libLLVMAVRDesc.a
[3207/5247][ 61%][455.132s] Linking CXX static library lib/libLLVMCoverage.a
[3208/5247][ 61%][455.135s] Copying clang's __clang_cuda_builtin_vars.h...
[3209/5247][ 61%][455.138s] Copying clang's __clang_cuda_cmath.h...
[3210/5247][ 61%][455.161s] Copying clang's __clang_cuda_complex_builtins.h...
[3211/5247][ 61%][455.164s] Copying clang's __clang_cuda_intrinsics.h...
[3212/5247][ 61%][455.173s] Copying clang's __clang_cuda_device_functions.h...
[3213/5247][ 61%][455.175s] Building CXX object lib/Target/AVR/CMakeFiles/LLVMAVRCodeGen.dir/AVRShiftExpand.cpp.o
[3214/5247][ 61%][455.177s] Copying clang's __clang_cuda_libdevice_declares.h...
[3215/5247][ 61%][455.183s] Copying clang's __clang_cuda_math.h...
[3216/5247][ 61%][455.187s] Copying clang's __clang_cuda_math_forward_declares.h...
[3217/5247][ 61%][455.192s] Copying clang's __clang_cuda_runtime_wrapper.h...
[3218/5247][ 61%][455.194s] Copying clang's __clang_cuda_texture_intrinsics.h...
[3219/5247][ 61%][455.206s] Copying clang's __clang_hip_cmath.h...
[3220/5247][ 61%][455.207s] Copying clang's __clang_hip_libdevice_declares.h...
[3221/5247][ 61%][455.210s] Copying clang's __clang_hip_math.h...
[3222/5247][ 61%][455.211s] Copying clang's __clang_hip_runtime_wrapper.h...
[3223/5247][ 61%][455.224s] Copying clang's __wmmintrin_aes.h...
[3224/5247][ 61%][455.227s] Building CXX object lib/Target/AVR/CMakeFiles/LLVMAVRCodeGen.dir/AVRRegisterInfo.cpp.o
[3225/5247][ 61%][455.227s] Copying clang's adxintrin.h...
[3226/5247][ 61%][455.228s] Copying clang's __wmmintrin_pclmul.h...
[3227/5247][ 61%][455.228s] Copying clang's __clang_hip_stdlib.h...
[3228/5247][ 61%][455.230s] Building CXX object lib/Target/AVR/CMakeFiles/LLVMAVRCodeGen.dir/AVRInstrInfo.cpp.o
[3229/5247][ 61%][455.236s] Copying clang's altivec.h...
[3230/5247][ 61%][455.238s] Copying clang's amxfp16intrin.h...
[3231/5247][ 61%][455.239s] Copying clang's amxintrin.h...
[3232/5247][ 61%][455.241s] Copying clang's amxcomplexintrin.h...
[3233/5247][ 61%][455.241s] Copying clang's ammintrin.h...
[3234/5247][ 61%][455.244s] Copying clang's arm64intr.h...
[3235/5247][ 61%][455.249s] Copying clang's arm_acle.h...
[3236/5247][ 61%][455.249s] Copying clang's arm_cmse.h...
[3237/5247][ 61%][455.252s] Copying clang's arm_neon_sve_bridge.h...
[3238/5247][ 61%][455.253s] Copying clang's armintr.h...
[3239/5247][ 61%][455.253s] Copying clang's avx2intrin.h...
[3240/5247][ 61%][455.259s] Copying clang's avx512bitalgintrin.h...
[3241/5247][ 61%][455.260s] Copying clang's avx512bf16intrin.h...
[3242/5247][ 61%][455.261s] Copying clang's avx512bwintrin.h...
[3243/5247][ 61%][455.263s] Copying clang's avx512erintrin.h...
[3244/5247][ 61%][455.264s] Copying clang's avx512dqintrin.h...
[3245/5247][ 61%][455.265s] Copying clang's avx512cdintrin.h...
[3246/5247][ 61%][455.271s] Copying clang's avx512fintrin.h...
[3247/5247][ 61%][455.272s] Copying clang's avx512ifmaintrin.h...
[3248/5247][ 61%][455.273s] Copying clang's avx512fp16intrin.h...
[3249/5247][ 61%][455.274s] Building CXX object lib/Target/AVR/CMakeFiles/LLVMAVRCodeGen.dir/AVRISelDAGToDAG.cpp.o
[3250/5247][ 61%][455.275s] Copying clang's avx512ifmavlintrin.h...
[3251/5247][ 61%][455.275s] Copying clang's avx512vbmi2intrin.h...
[3252/5247][ 61%][455.276s] Copying clang's avx512pfintrin.h...
[3253/5247][ 61%][455.281s] Copying clang's avx512vbmiintrin.h...
[3254/5247][ 62%][455.281s] Copying clang's avx512vbmivlintrin.h...
[3255/5247][ 62%][455.282s] Copying clang's avx512vlbf16intrin.h...
[3256/5247][ 62%][455.286s] Copying clang's avx512vlbwintrin.h...
[3257/5247][ 62%][455.286s] Copying clang's avx512vlbitalgintrin.h...
[3258/5247][ 62%][455.287s] Copying clang's avx512vlcdintrin.h...
[3259/5247][ 62%][455.289s] Copying clang's avx512vldqintrin.h...
[3260/5247][ 62%][455.291s] Copying clang's avx512vlintrin.h...
[3261/5247][ 62%][455.294s] Copying clang's avx512vlfp16intrin.h...
[3262/5247][ 62%][455.295s] Copying clang's avx512vlvbmi2intrin.h...
[3263/5247][ 62%][455.297s] Copying clang's avx512vlvp2intersectintrin.h...
[3264/5247][ 62%][455.297s] Copying clang's avx512vlvnniintrin.h...
[3265/5247][ 62%][455.299s] Copying clang's avx512vnniintrin.h...
[3266/5247][ 62%][455.302s] Copying clang's avx512vp2intersectintrin.h...
[3267/5247][ 62%][455.302s] Copying clang's avx512vpopcntdqintrin.h...
[3268/5247][ 62%][455.303s] Copying clang's avx512vpopcntdqvlintrin.h...
[3269/5247][ 62%][455.306s] Copying clang's avxifmaintrin.h...
[3270/5247][ 62%][455.308s] Copying clang's avxintrin.h...
[3271/5247][ 62%][455.309s] Copying clang's avxvnniint16intrin.h...
[3272/5247][ 62%][455.311s] Copying clang's avxneconvertintrin.h...
[3273/5247][ 62%][455.315s] Copying clang's avxvnniintrin.h...
[3274/5247][ 62%][455.317s] Copying clang's avxvnniint8intrin.h...
[3275/5247][ 62%][455.318s] Copying clang's bmi2intrin.h...
[3276/5247][ 62%][455.319s] Copying clang's bmiintrin.h...
[3277/5247][ 62%][455.320s] Copying clang's builtins.h...
[3278/5247][ 62%][455.320s] Copying clang's cet.h...
[3279/5247][ 62%][455.325s] Copying clang's cetintrin.h...
[3280/5247][ 62%][455.327s] Copying clang's cldemoteintrin.h...
[3281/5247][ 62%][455.329s] Building CXX object lib/Target/WebAssembly/CMakeFiles/LLVMWebAssemblyCodeGen.dir/WebAssemblyTargetMachine.cpp.o
[3282/5247][ 62%][455.331s] Copying clang's clflushoptintrin.h...
[3283/5247][ 62%][455.331s] Copying clang's clwbintrin.h...
[3284/5247][ 62%][455.331s] Copying clang's clzerointrin.h...
[3285/5247][ 62%][455.332s] Copying clang's cmpccxaddintrin.h...
[3286/5247][ 62%][455.333s] Copying clang's cpuid.h...
[3287/5247][ 62%][455.338s] Copying clang's crc32intrin.h...
[3288/5247][ 62%][455.339s] Copying clang's cuda_wrappers/algorithm...
[3289/5247][ 62%][455.343s] Copying clang's cuda_wrappers/bits/basic_string.h...
[3290/5247][ 62%][455.344s] Copying clang's cuda_wrappers/bits/basic_string.tcc...
[3291/5247][ 62%][455.345s] Copying clang's cuda_wrappers/bits/shared_ptr_base.h...
[3292/5247][ 62%][455.346s] Copying clang's cuda_wrappers/cmath...
[3293/5247][ 62%][455.346s] Copying clang's cuda_wrappers/complex...
[3294/5247][ 62%][455.348s] Copying clang's cuda_wrappers/new...
[3295/5247][ 62%][455.351s] Copying clang's emmintrin.h...
[3296/5247][ 62%][455.352s] Copying clang's enqcmdintrin.h...
[3297/5247][ 62%][455.354s] Copying clang's fma4intrin.h...
[3298/5247][ 62%][455.357s] Copying clang's fmaintrin.h...
[3299/5247][ 62%][455.358s] Copying clang's f16cintrin.h...
[3300/5247][ 62%][455.359s] Copying clang's fxsrintrin.h...
[3301/5247][ 62%][455.360s] Copying clang's gfniintrin.h...
[3302/5247][ 62%][455.361s] Copying clang's hexagon_circ_brev_intrinsics.h...
[3303/5247][ 62%][455.362s] Copying clang's hexagon_protos.h...
[3304/5247][ 62%][455.363s] Copying clang's hexagon_types.h...
[3305/5247][ 62%][455.368s] Copying clang's hlsl.h...
[3306/5247][ 63%][455.369s] Copying clang's hresetintrin.h...
[3307/5247][ 63%][455.370s] Copying clang's htmintrin.h...
[3308/5247][ 63%][455.371s] Copying clang's htmxlintrin.h...
[3309/5247][ 63%][455.371s] Copying clang's hvx_hexagon_protos.h...
[3310/5247][ 63%][455.376s] Copying clang's ia32intrin.h...
[3311/5247][ 63%][455.376s] Copying clang's immintrin.h...
[3312/5247][ 63%][455.379s] Copying clang's intrin.h...
[3313/5247][ 63%][455.381s] Copying clang's invpcidintrin.h...
[3314/5247][ 63%][455.381s] Copying clang's larchintrin.h...
[3315/5247][ 63%][455.382s] Copying clang's llvm_libc_wrappers/stdio.h...
[3316/5247][ 63%][455.384s] Copying clang's keylockerintrin.h...
[3317/5247][ 63%][455.386s] Copying clang's lwpintrin.h...
[3318/5247][ 63%][455.390s] Copying clang's lzcntintrin.h...
[3319/5247][ 63%][455.392s] Copying clang's mm3dnow.h...
[3320/5247][ 63%][455.393s] Copying clang's mmintrin.h...
[3321/5247][ 63%][455.395s] Copying clang's movdirintrin.h...
[3322/5247][ 63%][455.396s] Copying clang's mm_malloc.h...
[3323/5247][ 63%][455.397s] Copying clang's msa.h...
[3324/5247][ 63%][455.398s] Copying clang's nmmintrin.h...
[3325/5247][ 63%][455.400s] Copying clang's mwaitxintrin.h...
[3326/5247][ 63%][455.404s] Copying clang's opencl-c.h...
[3327/5247][ 63%][455.406s] Copying clang's openmp_wrappers/math.h...
[3328/5247][ 63%][455.406s] Copying clang's pconfigintrin.h...
[3329/5247][ 63%][455.407s] Copying clang's popcntintrin.h...
[3330/5247][ 63%][455.408s] Copying clang's pkuintrin.h...
[3331/5247][ 63%][455.410s] Copying clang's pmmintrin.h...
[3332/5247][ 63%][455.416s] Copying clang's ppc_wrappers/emmintrin.h...
[3333/5247][ 63%][455.416s] Copying clang's ppc_wrappers/bmi2intrin.h...
[3334/5247][ 63%][455.417s] Copying clang's ppc_wrappers/immintrin.h...
[3335/5247][ 63%][455.417s] Copying clang's ppc_wrappers/bmiintrin.h...
[3336/5247][ 63%][455.417s] Copying clang's ppc_wrappers/mm_malloc.h...
[3337/5247][ 63%][455.418s] Copying clang's ppc_wrappers/pmmintrin.h...
[3338/5247][ 63%][455.422s] Copying clang's ppc_wrappers/mmintrin.h...
[3339/5247][ 63%][455.424s] Copying clang's ppc_wrappers/smmintrin.h...
[3340/5247][ 63%][455.427s] Copying clang's ppc_wrappers/x86intrin.h...
[3341/5247][ 63%][455.429s] Copying clang's ppc_wrappers/x86gprintrin.h...
[3342/5247][ 63%][455.430s] Copying clang's prfchiintrin.h...
[3343/5247][ 63%][455.430s] Copying clang's ppc_wrappers/xmmintrin.h...
[3344/5247][ 63%][455.431s] Copying clang's prfchwintrin.h...
[3345/5247][ 63%][455.433s] Copying clang's ppc_wrappers/tmmintrin.h...
[3346/5247][ 63%][455.434s] Copying clang's ptwriteintrin.h...
[3347/5247][ 63%][455.436s] Copying clang's ptrauth.h...
[3348/5247][ 63%][455.440s] Copying clang's rdseedintrin.h...
[3349/5247][ 63%][455.441s] Copying clang's raointintrin.h...
[3350/5247][ 63%][455.442s] Copying clang's rdpruintrin.h...
[3351/5247][ 63%][455.444s] Copying clang's riscv_ntlh.h...
[3352/5247][ 63%][455.444s] Copying clang's rtmintrin.h...
[3353/5247][ 63%][455.448s] Copying clang's s390intrin.h...
[3354/5247][ 63%][455.448s] Copying clang's serializeintrin.h...
[3355/5247][ 63%][455.449s] Copying clang's sgxintrin.h...
[3356/5247][ 63%][455.452s] Copying clang's shaintrin.h...
[3357/5247][ 63%][455.452s] Copying clang's sha512intrin.h...
[3358/5247][ 63%][455.454s] Copying clang's sm3intrin.h...
[3359/5247][ 64%][455.457s] Copying clang's smmintrin.h...
[3360/5247][ 64%][455.458s] Copying clang's sm4intrin.h...
[3361/5247][ 64%][455.459s] Copying clang's tmmintrin.h...
[3362/5247][ 64%][455.463s] Copying clang's tbmintrin.h...
[3363/5247][ 64%][455.463s] Copying clang's tsxldtrkintrin.h...
[3364/5247][ 64%][455.465s] Copying clang's vaesintrin.h...
[3365/5247][ 64%][455.466s] Copying clang's uintrintrin.h...
[3366/5247][ 64%][455.467s] Copying clang's velintrin.h...
[3367/5247][ 64%][455.469s] Copying clang's velintrin_approx.h...
[3368/5247][ 64%][455.471s] Copying clang's vecintrin.h...
[3369/5247][ 64%][455.471s] Copying clang's velintrin_gen.h...
[3370/5247][ 64%][455.476s] Copying clang's wasm_simd128.h...
[3371/5247][ 64%][455.477s] Copying clang's vpclmulqdqintrin.h...
[3372/5247][ 64%][455.477s] Copying clang's wmmintrin.h...
[3373/5247][ 64%][455.478s] Copying clang's wbnoinvdintrin.h...
[3374/5247][ 64%][455.479s] Copying clang's x86gprintrin.h...
[3375/5247][ 64%][455.480s] Copying clang's waitpkgintrin.h...
[3376/5247][ 64%][455.481s] Copying clang's x86intrin.h...
[3377/5247][ 64%][455.482s] Copying clang's xmmintrin.h...
[3378/5247][ 64%][455.487s] Copying clang's xsaveintrin.h...
[3379/5247][ 64%][455.488s] Copying clang's xsavecintrin.h...
[3380/5247][ 64%][455.489s] Copying clang's xsavesintrin.h...
[3381/5247][ 64%][455.489s] Copying clang's xopintrin.h...
[3382/5247][ 64%][455.490s] Copying clang's xsaveoptintrin.h...
[3383/5247][ 64%][455.490s] Copying clang's xtestintrin.h...
[3384/5247][ 64%][455.493s] Building arm_bf16.h...
[3385/5247][ 64%][455.495s] Building arm_cde.h...
[3386/5247][ 64%][455.496s] Building arm_fp16.h...
[3387/5247][ 64%][455.498s] Building arm_sme_draft_spec_subject_to_change.h...
[3388/5247][ 64%][455.511s] Building riscv_vector.h...
[3389/5247][ 64%][455.515s] Building arm_mve.h...
[3390/5247][ 64%][455.522s] Building arm_sve.h...
[3391/5247][ 64%][455.572s] Building arm_neon.h...
[3392/5247][ 64%][456.085s] Building CXX object lib/Target/AVR/CMakeFiles/LLVMAVRCodeGen.dir/AVRISelLowering.cpp.o
[3393/5247][ 64%][456.226s] Building CXX object lib/Target/AVR/CMakeFiles/LLVMAVRCodeGen.dir/AVRTargetMachine.cpp.o
[3394/5247][ 64%][456.249s] Building CXX object lib/Target/AVR/CMakeFiles/LLVMAVRCodeGen.dir/AVRSubtarget.cpp.o
[3395/5247][ 64%][456.501s] Building CXX object lib/Target/AVR/CMakeFiles/LLVMAVRCodeGen.dir/AVRTargetObjectFile.cpp.o
[3396/5247][ 64%][456.862s] Building CXX object lib/Target/AVR/AsmParser/CMakeFiles/LLVMAVRAsmParser.dir/AVRAsmParser.cpp.o
[3397/5247][ 64%][457.081s] Building CXX object lib/Target/AVR/Disassembler/CMakeFiles/LLVMAVRDisassembler.dir/AVRDisassembler.cpp.o
[3398/5247][ 64%][458.920s] Building CXX object tools/clang/lib/CodeGen/CMakeFiles/obj.clangCodeGen.dir/CGCUDARuntime.cpp.o
[3399/5247][ 64%][459.200s] Building CXX object tools/clang/lib/CodeGen/CMakeFiles/obj.clangCodeGen.dir/ABIInfo.cpp.o
[3400/5247][ 64%][459.320s] Building CXX object tools/clang/lib/CodeGen/CMakeFiles/obj.clangCodeGen.dir/ABIInfoImpl.cpp.o
[3401/5247][ 64%][459.712s] Building CXX object tools/clang/lib/CodeGen/CMakeFiles/obj.clangCodeGen.dir/CGCXX.cpp.o
[3402/5247][ 64%][459.725s] Building CXX object tools/clang/lib/CodeGen/CMakeFiles/obj.clangCodeGen.dir/CGCUDANV.cpp.o
[3403/5247][ 64%][459.756s] Building CXX object tools/clang/lib/CodeGen/CMakeFiles/obj.clangCodeGen.dir/CGAtomic.cpp.o
[3404/5247][ 64%][459.869s] Building CXX object tools/clang/lib/CodeGen/CMakeFiles/obj.clangCodeGen.dir/CGCXXABI.cpp.o
[3405/5247][ 64%][460.550s] Building CXX object tools/clang/lib/CodeGen/CMakeFiles/obj.clangCodeGen.dir/CGBlocks.cpp.o
[3406/5247][ 64%][460.789s] Building CXX object tools/clang/lib/CodeGen/CMakeFiles/obj.clangCodeGen.dir/CGCleanup.cpp.o
[3407/5247][ 64%][461.100s] Building CXX object tools/clang/lib/CodeGen/CMakeFiles/obj.clangCodeGen.dir/CGCoroutine.cpp.o
[3408/5247][ 64%][461.482s] Building CXX object tools/clang/lib/CodeGen/CMakeFiles/obj.clangCodeGen.dir/CGClass.cpp.o
[3409/5247][ 64%][461.530s] Building CXX object tools/clang/lib/CodeGen/CMakeFiles/obj.clangCodeGen.dir/BackendUtil.cpp.o
[3410/5247][ 64%][463.186s] Building CXX object tools/clang/lib/CodeGen/CMakeFiles/obj.clangCodeGen.dir/CGCall.cpp.o
[3411/5247][ 65%][463.410s] Building CXX object tools/clang/lib/CodeGen/CMakeFiles/obj.clangCodeGen.dir/CGDeclCXX.cpp.o
[3412/5247][ 65%][464.282s] Building CXX object tools/clang/lib/CodeGen/CMakeFiles/obj.clangCodeGen.dir/CGExprCXX.cpp.o
[3413/5247][ 65%][464.287s] Building CXX object tools/clang/lib/CodeGen/CMakeFiles/obj.clangCodeGen.dir/CGException.cpp.o
[3414/5247][ 65%][464.299s] Building CXX object tools/clang/lib/CodeGen/CMakeFiles/obj.clangCodeGen.dir/CGExprAgg.cpp.o
[3415/5247][ 65%][464.558s] Building CXX object tools/clang/lib/CodeGen/CMakeFiles/obj.clangCodeGen.dir/CGExprComplex.cpp.o
[3416/5247][ 65%][464.628s] Building CXX object tools/clang/lib/CodeGen/CMakeFiles/obj.clangCodeGen.dir/CGHLSLRuntime.cpp.o
[3417/5247][ 65%][464.708s] Building CXX object tools/clang/lib/CodeGen/CMakeFiles/obj.clangCodeGen.dir/CGLoopInfo.cpp.o
[3418/5247][ 65%][464.921s] Building CXX object tools/clang/lib/CodeGen/CMakeFiles/obj.clangCodeGen.dir/CGDecl.cpp.o
[3419/5247][ 65%][465.351s] Building CXX object tools/clang/lib/CodeGen/CMakeFiles/obj.clangCodeGen.dir/CGGPUBuiltin.cpp.o
[3420/5247][ 65%][465.963s] Building CXX object tools/clang/lib/CodeGen/CMakeFiles/obj.clangCodeGen.dir/CGExpr.cpp.o
[3421/5247][ 65%][466.325s] Building CXX object tools/clang/lib/CodeGen/CMakeFiles/obj.clangCodeGen.dir/CGExprConstant.cpp.o
[3422/5247][ 65%][466.884s] Building CXX object tools/clang/lib/CodeGen/CMakeFiles/obj.clangCodeGen.dir/CGExprScalar.cpp.o
[3423/5247][ 65%][467.780s] Building CXX object tools/clang/lib/CodeGen/CMakeFiles/obj.clangCodeGen.dir/CGNonTrivialStruct.cpp.o
[3424/5247][ 65%][468.179s] Building CXX object tools/clang/lib/CodeGen/CMakeFiles/obj.clangCodeGen.dir/CGOpenCLRuntime.cpp.o
[3425/5247][ 65%][468.200s] Building CXX object tools/clang/lib/CodeGen/CMakeFiles/obj.clangCodeGen.dir/CGObjCRuntime.cpp.o
[3426/5247][ 65%][469.405s] Building CXX object tools/clang/lib/CodeGen/CMakeFiles/obj.clangCodeGen.dir/CGObjC.cpp.o
[3427/5247][ 65%][469.425s] Building CXX object tools/clang/lib/CodeGen/CMakeFiles/obj.clangCodeGen.dir/CGPointerAuth.cpp.o
[3428/5247][ 65%][469.944s] Building CXX object tools/clang/lib/CodeGen/CMakeFiles/obj.clangCodeGen.dir/CGRecordLayoutBuilder.cpp.o
[3429/5247][ 65%][470.165s] Building CXX object tools/clang/lib/CodeGen/CMakeFiles/obj.clangCodeGen.dir/CGObjCGNU.cpp.o
[3430/5247][ 65%][470.513s] Building CXX object tools/clang/lib/CodeGen/CMakeFiles/obj.clangCodeGen.dir/CGObjCMac.cpp.o
[3431/5247][ 65%][470.606s] Building CXX object tools/clang/lib/CodeGen/CMakeFiles/obj.clangCodeGen.dir/CGOpenMPRuntimeGPU.cpp.o
[3432/5247][ 65%][470.810s] Building CXX object tools/clang/lib/CodeGen/CMakeFiles/obj.clangCodeGen.dir/CGDebugInfo.cpp.o
[3433/5247][ 65%][471.385s] Building CXX object tools/clang/lib/CodeGen/CMakeFiles/obj.clangCodeGen.dir/CGVTT.cpp.o
[3434/5247][ 65%][471.855s] Building CXX object tools/clang/lib/CodeGen/CMakeFiles/obj.clangCodeGen.dir/CGStmt.cpp.o
[3435/5247][ 65%][472.090s] Building CXX object tools/clang/lib/CodeGen/CMakeFiles/obj.clangCodeGen.dir/CodeGenABITypes.cpp.o
[3436/5247][ 65%][472.640s] Building CXX object tools/clang/lib/CodeGen/CMakeFiles/obj.clangCodeGen.dir/CGVTables.cpp.o
[3437/5247][ 65%][472.802s] Building CXX object tools/clang/lib/CodeGen/CMakeFiles/obj.clangCodeGen.dir/CodeGenTBAA.cpp.o
[3438/5247][ 65%][473.290s] Building CXX object tools/clang/lib/CodeGen/CMakeFiles/obj.clangCodeGen.dir/ConstantInitBuilder.cpp.o
[3439/5247][ 65%][474.324s] Building CXX object tools/clang/lib/CodeGen/CMakeFiles/obj.clangCodeGen.dir/MacroPPCallbacks.cpp.o
[3440/5247][ 65%][474.549s] Building CXX object tools/clang/lib/CodeGen/CMakeFiles/obj.clangCodeGen.dir/CodeGenTypes.cpp.o
[3441/5247][ 65%][474.915s] Building CXX object tools/clang/lib/CodeGen/CMakeFiles/obj.clangCodeGen.dir/CodeGenFunction.cpp.o
[3442/5247][ 65%][475.201s] Building CXX object tools/clang/lib/CodeGen/CMakeFiles/obj.clangCodeGen.dir/CodeGenAction.cpp.o
[3443/5247][ 65%][475.677s] Building CXX object tools/clang/lib/CodeGen/CMakeFiles/obj.clangCodeGen.dir/ModuleBuilder.cpp.o
[3444/5247][ 65%][475.851s] Building CXX object tools/clang/lib/CodeGen/CMakeFiles/obj.clangCodeGen.dir/CGStmtOpenMP.cpp.o
[3445/5247][ 65%][476.455s] Building CXX object tools/clang/lib/CodeGen/CMakeFiles/obj.clangCodeGen.dir/CoverageMappingGen.cpp.o
[3446/5247][ 65%][476.688s] Building CXX object tools/clang/lib/CodeGen/CMakeFiles/obj.clangCodeGen.dir/CGOpenMPRuntime.cpp.o
[3447/5247][ 65%][476.810s] Building CXX object tools/clang/lib/CodeGen/CMakeFiles/obj.clangCodeGen.dir/PatternInit.cpp.o
[3448/5247][ 65%][477.139s] Building CXX object tools/clang/lib/CodeGen/CMakeFiles/obj.clangCodeGen.dir/SanitizerMetadata.cpp.o
[3449/5247][ 65%][477.187s] Building CXX object tools/clang/lib/CodeGen/CMakeFiles/obj.clangCodeGen.dir/ItaniumCXXABI.cpp.o
[3450/5247][ 65%][477.612s] Building CXX object tools/clang/lib/CodeGen/CMakeFiles/obj.clangCodeGen.dir/SwiftCallingConv.cpp.o
[3451/5247][ 65%][477.954s] Building CXX object tools/clang/lib/CodeGen/CMakeFiles/obj.clangCodeGen.dir/MicrosoftCXXABI.cpp.o
[3452/5247][ 65%][478.171s] Building CXX object tools/clang/lib/CodeGen/CMakeFiles/obj.clangCodeGen.dir/CodeGenPGO.cpp.o
[3453/5247][ 65%][478.920s] Building CXX object tools/clang/lib/CodeGen/CMakeFiles/obj.clangCodeGen.dir/TargetInfo.cpp.o
[3454/5247][ 65%][479.549s] Building CXX object tools/clang/lib/CodeGen/CMakeFiles/obj.clangCodeGen.dir/Targets/AMDGPU.cpp.o
[3455/5247][ 65%][479.689s] Building CXX object tools/clang/lib/CodeGen/CMakeFiles/obj.clangCodeGen.dir/Targets/AArch64.cpp.o
/Users/wezzard/Repositories/com.github~WeZZard/swift-project-6.1/llvm-project/clang/lib/CodeGen/Targets/AArch64.cpp:842:26: warning: lambda capture 'TI' is not used [-Wunused-lambda-capture]
  842 |   llvm::sort(Features, [&TI](const StringRef LHS, const StringRef RHS) {
      |                         ~^~
1 warning generated.
[3456/5247][ 65%][480.253s] Building CXX object tools/clang/lib/CodeGen/CMakeFiles/obj.clangCodeGen.dir/Targets/ARC.cpp.o
[3457/5247][ 65%][480.354s] Building CXX object tools/clang/lib/CodeGen/CMakeFiles/obj.clangCodeGen.dir/Targets/AVR.cpp.o
[3458/5247][ 65%][480.384s] Building CXX object tools/clang/lib/CodeGen/CMakeFiles/obj.clangCodeGen.dir/CGBuiltin.cpp.o
[3459/5247][ 65%][480.607s] Building CXX object tools/clang/lib/CodeGen/CMakeFiles/obj.clangCodeGen.dir/Targets/BPF.cpp.o
[3460/5247][ 65%][480.624s] Building CXX object tools/clang/lib/CodeGen/CMakeFiles/obj.clangCodeGen.dir/Targets/ARM.cpp.o
[3461/5247][ 65%][480.770s] Building CXX object tools/clang/lib/CodeGen/CMakeFiles/obj.clangCodeGen.dir/Targets/CSKY.cpp.o
[3462/5247][ 65%][481.050s] Building CXX object tools/clang/lib/CodeGen/CMakeFiles/obj.clangCodeGen.dir/Targets/Hexagon.cpp.o
[3463/5247][ 65%][481.368s] Building CXX object tools/clang/lib/CodeGen/CMakeFiles/obj.clangCodeGen.dir/ObjectFilePCHContainerOperations.cpp.o
[3464/5247][ 66%][481.435s] Building CXX object tools/clang/lib/CodeGen/CMakeFiles/obj.clangCodeGen.dir/Targets/Lanai.cpp.o
[3465/5247][ 66%][481.634s] Building CXX object tools/clang/lib/CodeGen/CMakeFiles/obj.clangCodeGen.dir/Targets/LoongArch.cpp.o
[3466/5247][ 66%][482.419s] Building CXX object tools/clang/lib/CodeGen/CMakeFiles/obj.clangCodeGen.dir/Targets/M68k.cpp.o
[3467/5247][ 66%][482.801s] Building CXX object tools/clang/lib/CodeGen/CMakeFiles/obj.clangCodeGen.dir/CodeGenModule.cpp.o
[3468/5247][ 66%][483.077s] Building CXX object tools/clang/lib/CodeGen/CMakeFiles/obj.clangCodeGen.dir/Targets/MSP430.cpp.o
[3469/5247][ 66%][483.277s] Building CXX object tools/clang/lib/CodeGen/CMakeFiles/obj.clangCodeGen.dir/Targets/Mips.cpp.o
[3470/5247][ 66%][483.434s] Linking CXX static library lib/libclangAnalysisFlowSensitive.a
[3471/5247][ 66%][483.979s] Building CXX object tools/clang/lib/CodeGen/CMakeFiles/obj.clangCodeGen.dir/Targets/PNaCl.cpp.o
[3472/5247][ 66%][483.998s] Building CXX object tools/clang/lib/CodeGen/CMakeFiles/obj.clangCodeGen.dir/Targets/NVPTX.cpp.o
[3473/5247][ 66%][484.056s] Building CXX object tools/clang/lib/CodeGen/CMakeFiles/obj.clangCodeGen.dir/VarBypassDetector.cpp.o
[3474/5247][ 66%][484.107s] Building CXX object tools/clang/lib/CodeGen/CMakeFiles/obj.clangCodeGen.dir/Targets/PPC.cpp.o
[3475/5247][ 66%][484.187s] Building CXX object tools/clang/lib/CodeGen/CMakeFiles/obj.clangCodeGen.dir/Targets/SPIR.cpp.o
[3476/5247][ 66%][484.313s] Building CXX object tools/clang/lib/CodeGen/CMakeFiles/obj.clangCodeGen.dir/Targets/Sparc.cpp.o
[3477/5247][ 66%][484.332s] Building CXX object tools/clang/lib/CodeGen/CMakeFiles/obj.clangCodeGen.dir/Targets/RISCV.cpp.o
[3478/5247][ 66%][484.572s] Building CXX object tools/clang/lib/CodeGen/CMakeFiles/obj.clangCodeGen.dir/Targets/TCE.cpp.o
[3479/5247][ 66%][484.750s] Building CXX object tools/clang/lib/ExtractAPI/CMakeFiles/obj.clangExtractAPI.dir/APIIgnoresList.cpp.o
[3480/5247][ 66%][484.876s] Building CXX object tools/clang/lib/CodeGen/CMakeFiles/obj.clangCodeGen.dir/Targets/SystemZ.cpp.o
[3481/5247][ 66%][484.950s] Building CXX object tools/clang/lib/CodeGen/CMakeFiles/obj.clangCodeGen.dir/Targets/VE.cpp.o
[3482/5247][ 66%][485.127s] Building CXX object tools/clang/lib/Analysis/FlowSensitive/Models/CMakeFiles/obj.clangAnalysisFlowSensitiveModels.dir/ChromiumCheckModel.cpp.o
[3483/5247][ 66%][485.130s] Building CXX object tools/clang/lib/CodeGen/CMakeFiles/obj.clangCodeGen.dir/Targets/WebAssembly.cpp.o
[3484/5247][ 66%][485.246s] Building CXX object tools/clang/lib/ExtractAPI/CMakeFiles/obj.clangExtractAPI.dir/AvailabilityInfo.cpp.o
[3485/5247][ 66%][485.648s] Building CXX object tools/clang/lib/ExtractAPI/CMakeFiles/obj.clangExtractAPI.dir/API.cpp.o
[3486/5247][ 66%][485.975s] Building CXX object tools/clang/lib/ARCMigrate/CMakeFiles/obj.clangARCMigrate.dir/FileRemapper.cpp.o
[3487/5247][ 66%][485.990s] Building CXX object tools/clang/lib/ARCMigrate/CMakeFiles/obj.clangARCMigrate.dir/PlistReporter.cpp.o
[3488/5247][ 66%][486.103s] Building CXX object tools/clang/lib/ExtractAPI/CMakeFiles/obj.clangExtractAPI.dir/TypedefUnderlyingTypeResolver.cpp.o
[3489/5247][ 66%][486.603s] Building CXX object tools/clang/lib/CodeGen/CMakeFiles/obj.clangCodeGen.dir/Targets/X86.cpp.o
[3490/5247][ 66%][486.869s] Building CXX object tools/clang/lib/CodeGen/CMakeFiles/obj.clangCodeGen.dir/Targets/XCore.cpp.o
[3491/5247][ 66%][486.887s] Building CXX object tools/clang/lib/ExtractAPI/CMakeFiles/obj.clangExtractAPI.dir/DeclarationFragments.cpp.o
[3492/5247][ 66%][487.315s] Building CXX object tools/clang/lib/ExtractAPI/CMakeFiles/obj.clangExtractAPI.dir/Serialization/SymbolGraphSerializer.cpp.o
[3493/5247][ 66%][487.318s] Building CXX object tools/clang/lib/ARCMigrate/CMakeFiles/obj.clangARCMigrate.dir/ARCMTActions.cpp.o
[3494/5247][ 66%][488.797s] Building CXX object tools/clang/lib/ARCMigrate/CMakeFiles/obj.clangARCMigrate.dir/ARCMT.cpp.o
[3495/5247][ 66%][490.374s] Building CXX object tools/clang/lib/ARCMigrate/CMakeFiles/obj.clangARCMigrate.dir/TransAPIUses.cpp.o
[3496/5247][ 66%][490.874s] Building CXX object tools/clang/lib/Analysis/FlowSensitive/Models/CMakeFiles/obj.clangAnalysisFlowSensitiveModels.dir/UncheckedOptionalAccessModel.cpp.o
[3497/5247][ 66%][490.958s] Building CXX object tools/clang/lib/ARCMigrate/CMakeFiles/obj.clangARCMigrate.dir/TransARCAssign.cpp.o
[3498/5247][ 66%][491.421s] Building CXX object tools/clang/lib/ARCMigrate/CMakeFiles/obj.clangARCMigrate.dir/TransEmptyStatementsAndDealloc.cpp.o
[3499/5247][ 66%][492.078s] Building CXX object tools/clang/lib/ARCMigrate/CMakeFiles/obj.clangARCMigrate.dir/TransGCAttrs.cpp.o
[3500/5247][ 66%][492.167s] Building CXX object tools/clang/lib/ARCMigrate/CMakeFiles/obj.clangARCMigrate.dir/TransProperties.cpp.o
[3501/5247][ 66%][492.260s] Building CXX object tools/clang/lib/ARCMigrate/CMakeFiles/obj.clangARCMigrate.dir/TransGCCalls.cpp.o
[3502/5247][ 66%][492.839s] Building CXX object tools/clang/lib/ARCMigrate/CMakeFiles/obj.clangARCMigrate.dir/TransformActions.cpp.o
[3503/5247][ 66%][492.904s] Building CXX object tools/clang/lib/Frontend/Rewrite/CMakeFiles/obj.clangRewriteFrontend.dir/FixItRewriter.cpp.o
[3504/5247][ 66%][493.768s] Building CXX object tools/clang/lib/ARCMigrate/CMakeFiles/obj.clangARCMigrate.dir/TransRetainReleaseDealloc.cpp.o
[3505/5247][ 66%][493.813s] Building CXX object tools/clang/lib/Frontend/Rewrite/CMakeFiles/obj.clangRewriteFrontend.dir/HTMLPrint.cpp.o
[3506/5247][ 66%][494.190s] Building CXX object tools/clang/lib/Frontend/Rewrite/CMakeFiles/obj.clangRewriteFrontend.dir/RewriteMacros.cpp.o
[3507/5247][ 66%][494.287s] Building CXX object tools/clang/lib/Frontend/Rewrite/CMakeFiles/obj.clangRewriteFrontend.dir/InclusionRewriter.cpp.o
[3508/5247][ 66%][494.721s] Building CXX object tools/clang/lib/ARCMigrate/CMakeFiles/obj.clangARCMigrate.dir/TransProtectedScope.cpp.o
[3509/5247][ 66%][495.177s] Building CXX object tools/clang/lib/ARCMigrate/CMakeFiles/obj.clangARCMigrate.dir/TransBlockObjCVariable.cpp.o
[3510/5247][ 66%][495.217s] Building CXX object tools/clang/lib/Frontend/Rewrite/CMakeFiles/obj.clangRewriteFrontend.dir/RewriteTest.cpp.o
[3511/5247][ 66%][495.511s] Building CXX object tools/clang/lib/ARCMigrate/CMakeFiles/obj.clangARCMigrate.dir/TransUnbridgedCasts.cpp.o
[3512/5247][ 66%][495.828s] Building CXX object tools/clang/lib/ExtractAPI/CMakeFiles/obj.clangExtractAPI.dir/ExtractAPIConsumer.cpp.o
[3513/5247][ 66%][495.933s] Building CXX object tools/clang/lib/ARCMigrate/CMakeFiles/obj.clangARCMigrate.dir/ObjCMT.cpp.o
[3514/5247][ 66%][496.106s] Building CXX object tools/clang/lib/Frontend/Rewrite/CMakeFiles/obj.clangRewriteFrontend.dir/FrontendActions.cpp.o
[3515/5247][ 66%][496.144s] Building CXX object tools/clang/lib/ARCMigrate/CMakeFiles/obj.clangARCMigrate.dir/TransAutoreleasePool.cpp.o
[3516/5247][ 67%][496.211s] Building CXX object tools/clang/lib/ARCMigrate/CMakeFiles/obj.clangARCMigrate.dir/TransZeroOutPropsInDealloc.cpp.o
[3517/5247][ 67%][496.660s] Building CXX object tools/clang/tools/extra/clang-tidy/cppcoreguidelines/CMakeFiles/obj.clangTidyCppCoreGuidelinesModule.dir/AvoidCapturingLambdaCoroutinesCheck.cpp.o
[3518/5247][ 67%][496.866s] Building CXX object tools/clang/lib/ARCMigrate/CMakeFiles/obj.clangARCMigrate.dir/TransUnusedInitDelegate.cpp.o
[3519/5247][ 67%][497.452s] Building CXX object tools/clang/tools/extra/clang-tidy/cppcoreguidelines/CMakeFiles/obj.clangTidyCppCoreGuidelinesModule.dir/AvoidConstOrRefDataMembersCheck.cpp.o
[3520/5247][ 67%][497.641s] Building CXX object tools/clang/tools/extra/clang-tidy/cppcoreguidelines/CMakeFiles/obj.clangTidyCppCoreGuidelinesModule.dir/AvoidDoWhileCheck.cpp.o
[3521/5247][ 67%][498.149s] Building CXX object tools/clang/lib/Frontend/Rewrite/CMakeFiles/obj.clangRewriteFrontend.dir/RewriteObjC.cpp.o
[3522/5247][ 67%][498.165s] Building CXX object tools/clang/tools/extra/clang-tidy/cppcoreguidelines/CMakeFiles/obj.clangTidyCppCoreGuidelinesModule.dir/AvoidGotoCheck.cpp.o
[3523/5247][ 67%][498.275s] Building CXX object tools/clang/tools/extra/clang-tidy/cppcoreguidelines/CMakeFiles/obj.clangTidyCppCoreGuidelinesModule.dir/AvoidNonConstGlobalVariablesCheck.cpp.o
[3524/5247][ 67%][498.561s] Building CXX object tools/clang/tools/extra/clang-tidy/cppcoreguidelines/CMakeFiles/obj.clangTidyCppCoreGuidelinesModule.dir/AvoidReferenceCoroutineParametersCheck.cpp.o
[3525/5247][ 67%][498.700s] Building CXX object tools/clang/tools/extra/clang-tidy/cppcoreguidelines/CMakeFiles/obj.clangTidyCppCoreGuidelinesModule.dir/InterfacesGlobalInitCheck.cpp.o
[3526/5247][ 67%][499.075s] Building CXX object tools/clang/lib/Frontend/Rewrite/CMakeFiles/obj.clangRewriteFrontend.dir/RewriteModernObjC.cpp.o
[3527/5247][ 67%][499.207s] Building CXX object tools/clang/tools/extra/clang-tidy/cppcoreguidelines/CMakeFiles/obj.clangTidyCppCoreGuidelinesModule.dir/MisleadingCaptureDefaultByValueCheck.cpp.o
[3528/5247][ 67%][499.288s] Building CXX object tools/clang/tools/extra/clang-tidy/cppcoreguidelines/CMakeFiles/obj.clangTidyCppCoreGuidelinesModule.dir/MacroUsageCheck.cpp.o
[3529/5247][ 67%][499.336s] Building CXX object tools/clang/tools/extra/clang-tidy/cppcoreguidelines/CMakeFiles/obj.clangTidyCppCoreGuidelinesModule.dir/InitVariablesCheck.cpp.o
[3530/5247][ 67%][499.914s] Building CXX object tools/clang/tools/extra/clang-tidy/cppcoreguidelines/CMakeFiles/obj.clangTidyCppCoreGuidelinesModule.dir/CppCoreGuidelinesTidyModule.cpp.o
[3531/5247][ 67%][500.173s] Building CXX object tools/clang/tools/extra/clang-tidy/cppcoreguidelines/CMakeFiles/obj.clangTidyCppCoreGuidelinesModule.dir/NoMallocCheck.cpp.o
[3532/5247][ 67%][500.349s] Building CXX object tools/clang/tools/extra/clang-tidy/cppcoreguidelines/CMakeFiles/obj.clangTidyCppCoreGuidelinesModule.dir/MissingStdForwardCheck.cpp.o
[3533/5247][ 67%][500.973s] Building CXX object tools/clang/tools/extra/clang-tidy/cppcoreguidelines/CMakeFiles/obj.clangTidyCppCoreGuidelinesModule.dir/ProBoundsArrayToPointerDecayCheck.cpp.o
[3534/5247][ 67%][501.136s] Building CXX object tools/clang/tools/extra/clang-tidy/cppcoreguidelines/CMakeFiles/obj.clangTidyCppCoreGuidelinesModule.dir/NarrowingConversionsCheck.cpp.o
[3535/5247][ 67%][501.342s] Building CXX object tools/clang/tools/extra/clang-tidy/cppcoreguidelines/CMakeFiles/obj.clangTidyCppCoreGuidelinesModule.dir/PreferMemberInitializerCheck.cpp.o
[3536/5247][ 67%][501.412s] Building CXX object tools/clang/tools/extra/clang-tidy/cppcoreguidelines/CMakeFiles/obj.clangTidyCppCoreGuidelinesModule.dir/ProTypeConstCastCheck.cpp.o
[3537/5247][ 67%][501.514s] Building CXX object tools/clang/tools/extra/clang-tidy/cppcoreguidelines/CMakeFiles/obj.clangTidyCppCoreGuidelinesModule.dir/ProBoundsPointerArithmeticCheck.cpp.o
[3538/5247][ 67%][501.688s] Building CXX object tools/clang/tools/extra/clang-tidy/cppcoreguidelines/CMakeFiles/obj.clangTidyCppCoreGuidelinesModule.dir/ProTypeReinterpretCastCheck.cpp.o
[3539/5247][ 67%][501.905s] Linking CXX static library lib/libclangTidyMiscModule.a
[3540/5247][ 67%][501.964s] Building CXX object tools/clang/tools/extra/clang-tidy/cppcoreguidelines/CMakeFiles/obj.clangTidyCppCoreGuidelinesModule.dir/ProTypeCstyleCastCheck.cpp.o
[3541/5247][ 67%][502.050s] Building CXX object tools/clang/tools/extra/clang-tidy/cppcoreguidelines/CMakeFiles/obj.clangTidyCppCoreGuidelinesModule.dir/OwningMemoryCheck.cpp.o
[3542/5247][ 67%][502.081s] Building CXX object tools/clang/tools/extra/clang-tidy/cppcoreguidelines/CMakeFiles/obj.clangTidyCppCoreGuidelinesModule.dir/ProBoundsConstantArrayIndexCheck.cpp.o
[3543/5247][ 67%][502.087s] Linking CXX static library lib/libLLVMX86AsmParser.a
[3544/5247][ 67%][502.115s] Linking CXX static library lib/libLLVMX86Disassembler.a
[3545/5247][ 67%][502.183s] Linking CXX static library lib/libLLVMARMAsmParser.a
[3546/5247][ 67%][502.215s] Linking CXX static library lib/libLLVMARMDisassembler.a
[3547/5247][ 67%][502.342s] Building CXX object tools/clang/tools/extra/clang-tidy/cppcoreguidelines/CMakeFiles/obj.clangTidyCppCoreGuidelinesModule.dir/ProTypeStaticCastDowncastCheck.cpp.o
[3548/5247][ 67%][502.421s] Linking CXX static library lib/libLLVMAArch64AsmParser.a
[3549/5247][ 67%][502.459s] Linking CXX static library lib/libLLVMAArch64Disassembler.a
[3550/5247][ 67%][502.507s] Linking CXX static library lib/libclangTidyPerformanceModule.a
[3551/5247][ 67%][502.510s] Building CXX object tools/clang/tools/extra/clang-tidy/cppcoreguidelines/CMakeFiles/obj.clangTidyCppCoreGuidelinesModule.dir/ProTypeUnionAccessCheck.cpp.o
[3552/5247][ 67%][502.522s] Linking CXX static library lib/libLLVMPowerPCDisassembler.a
[3553/5247][ 67%][502.524s] Linking CXX static library lib/libLLVMPowerPCAsmParser.a
[3554/5247][ 67%][502.546s] Linking CXX static library lib/libLLVMSystemZAsmParser.a
[3555/5247][ 67%][502.562s] Linking CXX static library lib/libLLVMSystemZDisassembler.a
[3556/5247][ 67%][502.765s] Building CXX object tools/clang/lib/ARCMigrate/CMakeFiles/obj.clangARCMigrate.dir/Transforms.cpp.o
[3557/5247][ 67%][502.799s] Linking CXX static library lib/libLLVMMipsAsmParser.a
[3558/5247][ 67%][502.827s] Linking CXX static library lib/libLLVMMipsDisassembler.a
[3559/5247][ 67%][502.949s] Building CXX object tools/clang/tools/extra/clang-tidy/cppcoreguidelines/CMakeFiles/obj.clangTidyCppCoreGuidelinesModule.dir/ProTypeMemberInitCheck.cpp.o
[3560/5247][ 67%][503.017s] Linking CXX static library lib/libLLVMRISCVAsmParser.a
[3561/5247][ 67%][503.079s] Building CXX object tools/clang/tools/extra/clang-tidy/cppcoreguidelines/CMakeFiles/obj.clangTidyCppCoreGuidelinesModule.dir/ProTypeVarargCheck.cpp.o
[3562/5247][ 67%][503.091s] Linking CXX static library lib/libLLVMRISCVDisassembler.a
[3563/5247][ 67%][503.283s] Linking CXX static library lib/libclangTidyModernizeModule.a
[3564/5247][ 67%][503.299s] Linking CXX static library lib/libLLVMWebAssemblyAsmParser.a
[3565/5247][ 67%][503.322s] Linking CXX static library lib/libLLVMWebAssemblyDisassembler.a
[3566/5247][ 67%][503.356s] Linking CXX static library lib/libLLVMAVRAsmParser.a
[3567/5247][ 67%][503.412s] Linking CXX static library lib/libLLVMAVRDisassembler.a
[3568/5247][ 68%][503.412s] Linking CXX static library lib/libLLVMSystemZCodeGen.a
[3569/5247][ 68%][503.422s] Copying clang's __stdarg___gnuc_va_list.h...
[3570/5247][ 68%][503.422s] Copying clang's __stdarg___va_copy.h...
[3571/5247][ 68%][503.431s] Copying clang's __stdarg_va_arg.h...
[3572/5247][ 68%][503.431s] Copying clang's __stdarg_header_macro.h...
[3573/5247][ 68%][503.440s] Copying clang's __stdarg_va_copy.h...
[3574/5247][ 68%][503.441s] Copying clang's __stdarg_va_list.h...
[3575/5247][ 68%][503.449s] Copying clang's __stddef_header_macro.h...
[3576/5247][ 68%][503.449s] Copying clang's __stddef_max_align_t.h...
[3577/5247][ 68%][503.460s] Copying clang's __stddef_nullptr_t.h...
[3578/5247][ 68%][503.460s] Copying clang's __stddef_null.h...
[3579/5247][ 68%][503.468s] Copying clang's __stddef_offsetof.h...
[3580/5247][ 68%][503.468s] Copying clang's __stddef_ptrdiff_t.h...
[3581/5247][ 68%][503.477s] Copying clang's __stddef_rsize_t.h...
[3582/5247][ 68%][503.478s] Copying clang's __stddef_size_t.h...
[3583/5247][ 68%][503.486s] Copying clang's __stddef_wchar_t.h...
[3584/5247][ 68%][503.489s] Copying clang's __stddef_unreachable.h...
[3585/5247][ 68%][503.497s] Copying clang's __stddef_wint_t.h...
[3586/5247][ 68%][503.498s] Copying clang's arm_bf16.h...
[3587/5247][ 68%][503.506s] Copying clang's arm_cde.h...
[3588/5247][ 68%][503.506s] Copying clang's arm_fp16.h...
[3589/5247][ 68%][503.515s] Copying clang's arm_mve.h...
[3590/5247][ 68%][503.515s] Copying clang's arm_neon.h...
[3591/5247][ 68%][503.524s] Copying clang's arm_sme_draft_spec_subject_to_change.h...
[3592/5247][ 68%][503.524s] Copying clang's arm_sve.h...
[3593/5247][ 68%][503.533s] Copying clang's float.h...
[3594/5247][ 68%][503.533s] Copying clang's hlsl/hlsl_basic_types.h...
[3595/5247][ 68%][503.542s] Copying clang's hlsl/hlsl_intrinsics.h...
[3596/5247][ 68%][503.542s] Copying clang's inttypes.h...
[3597/5247][ 68%][503.551s] Copying clang's limits.h...
[3598/5247][ 68%][503.552s] Copying clang's iso646.h...
[3599/5247][ 68%][503.560s] Copying clang's llvm_libc_wrappers/ctype.h...
[3600/5247][ 68%][503.560s] Copying clang's llvm_libc_wrappers/inttypes.h...
[3601/5247][ 68%][503.569s] Copying clang's llvm_libc_wrappers/string.h...
[3602/5247][ 68%][503.569s] Copying clang's llvm_libc_wrappers/stdlib.h...
[3603/5247][ 68%][503.578s] Copying clang's module.modulemap...
[3604/5247][ 68%][503.578s] Copying clang's opencl-c-base.h...
[3605/5247][ 68%][503.588s] Copying clang's openmp_wrappers/__clang_openmp_device_functions.h...
[3606/5247][ 68%][503.588s] Copying clang's openmp_wrappers/cmath...
[3607/5247][ 68%][503.597s] Copying clang's openmp_wrappers/complex.h...
[3608/5247][ 68%][503.598s] Copying clang's openmp_wrappers/complex...
[3609/5247][ 68%][503.606s] Copying clang's openmp_wrappers/complex_cmath.h...
[3610/5247][ 68%][503.607s] Copying clang's openmp_wrappers/new...
[3611/5247][ 68%][503.615s] Copying clang's riscv_vector.h...
[3612/5247][ 68%][503.615s] Copying clang's sifive_vector.h...
[3613/5247][ 68%][503.623s] Copying clang's stdalign.h...
[3614/5247][ 68%][503.624s] Copying clang's stdarg.h...
[3615/5247][ 68%][503.632s] Copying clang's stdatomic.h...
[3616/5247][ 68%][503.633s] Copying clang's stdbool.h...
[3617/5247][ 68%][503.641s] Copying clang's stddef.h...
[3618/5247][ 68%][503.642s] Copying clang's stdint.h...
[3619/5247][ 68%][503.652s] Copying clang's stdnoreturn.h...
[3620/5247][ 68%][503.652s] Copying clang's tgmath.h...
[3621/5247][ 69%][503.662s] Copying clang's vadefs.h...
[3622/5247][ 69%][503.662s] Copying clang's unwind.h...
[3623/5247][ 69%][503.667s] Building CXX object tools/clang/tools/extra/clang-tidy/cppcoreguidelines/CMakeFiles/obj.clangTidyCppCoreGuidelinesModule.dir/SpecialMemberFunctionsCheck.cpp.o
[3624/5247][ 69%][503.671s] Copying clang's varargs.h...
[3625/5247][ 69%][503.698s] Linking CXX static library lib/libLLVMAVRCodeGen.a
[3626/5247][ 69%][503.698s] Linking CXX static library lib/libclangAnalysisFlowSensitiveModels.a
[3627/5247][ 69%][503.716s] Linking CXX static library lib/libclangExtractAPI.a
[3628/5247][ 69%][503.744s] Building CXX object tools/clang/tools/extra/clang-tidy/cppcoreguidelines/CMakeFiles/obj.clangTidyCppCoreGuidelinesModule.dir/VirtualClassDestructorCheck.cpp.o
[3629/5247][ 69%][503.773s] Linking CXX static library lib/libclangRewriteFrontend.a
[3630/5247][ 69%][503.836s] Building CXX object tools/clang/tools/extra/clang-tidy/cppcoreguidelines/CMakeFiles/obj.clangTidyCppCoreGuidelinesModule.dir/SlicingCheck.cpp.o
[3631/5247][ 69%][503.910s] Building CXX object tools/clang/tools/extra/clang-tidy/cppcoreguidelines/CMakeFiles/obj.clangTidyCppCoreGuidelinesModule.dir/RvalueReferenceParamNotMovedCheck.cpp.o
[3632/5247][ 69%][504.279s] Linking CXX static library lib/libLLVMPowerPCCodeGen.a
[3633/5247][ 69%][504.311s] Linking CXX static library lib/libclangARCMigrate.a
[3634/5247][ 69%][504.376s] Linking CXX static library lib/libLLVMARMCodeGen.a
[3635/5247][ 69%][504.418s] Linking CXX static library lib/libLLVMRISCVCodeGen.a
[3636/5247][ 69%][504.438s] Linking CXX static library lib/libLLVMMipsCodeGen.a
[3637/5247][ 69%][504.516s] Building CXX object tools/clang/lib/Tooling/DependencyScanning/CMakeFiles/obj.clangDependencyScanning.dir/DependencyScanningService.cpp.o
[3638/5247][ 69%][504.679s] Building CXX object tools/clang/lib/Tooling/DependencyScanning/CMakeFiles/obj.clangDependencyScanning.dir/DependencyScanningCASFilesystem.cpp.o
[3639/5247][ 69%][504.723s] Building CXX object tools/clang/lib/Tooling/DependencyScanning/CMakeFiles/obj.clangDependencyScanning.dir/DependencyScanningFilesystem.cpp.o
[3640/5247][ 69%][504.828s] Linking CXX static library lib/libLLVMX86CodeGen.a
[3641/5247][ 69%][504.933s] Linking CXX static library lib/libLLVMAArch64CodeGen.a
[3642/5247][ 69%][505.344s] Linking CXX static library lib/libLLVMWebAssemblyCodeGen.a
[3643/5247][ 69%][506.499s] Building CXX object tools/clang/lib/FrontendTool/CMakeFiles/obj.clangFrontendTool.dir/ExecuteCompilerInvocation.cpp.o
[3644/5247][ 69%][506.891s] Linking CXX static library lib/libclangCodeGen.a
[3645/5247][ 69%][507.064s] Building CXX object tools/clang/lib/Tooling/DependencyScanning/CMakeFiles/obj.clangDependencyScanning.dir/CASFSActionController.cpp.o
[3646/5247][ 69%][507.415s] Building CXX object tools/clang/tools/extra/clang-tidy/bugprone/CMakeFiles/obj.clangTidyBugproneModule.dir/ArgumentCommentCheck.cpp.o
[3647/5247][ 69%][507.793s] Building CXX object tools/clang/lib/Tooling/DependencyScanning/CMakeFiles/obj.clangDependencyScanning.dir/ScanAndUpdateArgs.cpp.o
[3648/5247][ 69%][507.826s] Building CXX object tools/clang/tools/extra/clang-tidy/bugprone/CMakeFiles/obj.clangTidyBugproneModule.dir/BadSignalToKillThreadCheck.cpp.o
[3649/5247][ 69%][508.038s] Building CXX object tools/clang/tools/extra/clang-tidy/bugprone/CMakeFiles/obj.clangTidyBugproneModule.dir/AssertSideEffectCheck.cpp.o
[3650/5247][ 69%][508.199s] Building CXX object tools/clang/tools/extra/clang-tidy/bugprone/CMakeFiles/obj.clangTidyBugproneModule.dir/BoolPointerImplicitConversionCheck.cpp.o
[3651/5247][ 69%][508.286s] Building CXX object tools/clang/lib/Tooling/DependencyScanning/CMakeFiles/obj.clangDependencyScanning.dir/DependencyScanningTool.cpp.o
[3652/5247][ 69%][508.661s] Building CXX object tools/clang/lib/Tooling/DependencyScanning/CMakeFiles/obj.clangDependencyScanning.dir/IncludeTreeActionController.cpp.o
[3653/5247][ 69%][509.116s] Building CXX object tools/clang/lib/Tooling/DependencyScanning/CMakeFiles/obj.clangDependencyScanning.dir/DependencyScanningWorker.cpp.o
[3654/5247][ 69%][509.334s] Building CXX object tools/clang/lib/Tooling/DependencyScanning/CMakeFiles/obj.clangDependencyScanning.dir/ModuleDepCollector.cpp.o
[3655/5247][ 69%][509.578s] Building CXX object tools/clang/tools/extra/clang-tidy/bugprone/CMakeFiles/obj.clangTidyBugproneModule.dir/CopyConstructorInitCheck.cpp.o
[3656/5247][ 69%][509.930s] Building CXX object tools/clang/tools/extra/clang-tidy/bugprone/CMakeFiles/obj.clangTidyBugproneModule.dir/DynamicStaticInitializersCheck.cpp.o
[3657/5247][ 69%][510.602s] Building CXX object tools/clang/tools/extra/clang-tidy/bugprone/CMakeFiles/obj.clangTidyBugproneModule.dir/EmptyCatchCheck.cpp.o
[3658/5247][ 69%][510.845s] Building CXX object tools/clang/tools/extra/clang-tidy/bugprone/CMakeFiles/obj.clangTidyBugproneModule.dir/ExceptionEscapeCheck.cpp.o
[3659/5247][ 69%][510.873s] Building CXX object tools/clang/tools/extra/clang-tidy/bugprone/CMakeFiles/obj.clangTidyBugproneModule.dir/DanglingHandleCheck.cpp.o
[3660/5247][ 69%][511.012s] Building CXX object tools/clang/tools/extra/clang-tidy/bugprone/CMakeFiles/obj.clangTidyBugproneModule.dir/BranchCloneCheck.cpp.o
[3661/5247][ 69%][511.161s] Building CXX object tools/clang/tools/extra/clang-tidy/bugprone/CMakeFiles/obj.clangTidyBugproneModule.dir/ForwardDeclarationNamespaceCheck.cpp.o
[3662/5247][ 69%][511.370s] Building CXX object tools/clang/tools/extra/clang-tidy/bugprone/CMakeFiles/obj.clangTidyBugproneModule.dir/FoldInitTypeCheck.cpp.o
[3663/5247][ 69%][511.701s] Building CXX object tools/clang/tools/extra/clang-tidy/bugprone/CMakeFiles/obj.clangTidyBugproneModule.dir/ForwardingReferenceOverloadCheck.cpp.o
[3664/5247][ 69%][511.937s] Building CXX object tools/clang/tools/extra/clang-tidy/bugprone/CMakeFiles/obj.clangTidyBugproneModule.dir/AssignmentInIfConditionCheck.cpp.o
[3665/5247][ 69%][512.127s] Building CXX object tools/clang/tools/extra/clang-tidy/bugprone/CMakeFiles/obj.clangTidyBugproneModule.dir/SwitchMissingDefaultCaseCheck.cpp.o
[3666/5247][ 69%][512.166s] Building CXX object tools/clang/tools/extra/clang-tidy/bugprone/CMakeFiles/obj.clangTidyBugproneModule.dir/InaccurateEraseCheck.cpp.o
[3667/5247][ 69%][512.185s] Building CXX object tools/clang/tools/extra/clang-tidy/bugprone/CMakeFiles/obj.clangTidyBugproneModule.dir/ImplicitWideningOfMultiplicationResultCheck.cpp.o
[3668/5247][ 69%][512.533s] Building CXX object tools/clang/tools/extra/clang-tidy/bugprone/CMakeFiles/obj.clangTidyBugproneModule.dir/BugproneTidyModule.cpp.o
[3669/5247][ 69%][512.611s] Building CXX object tools/clang/tools/extra/clang-tidy/bugprone/CMakeFiles/obj.clangTidyBugproneModule.dir/IncorrectRoundingsCheck.cpp.o
[3670/5247][ 69%][513.576s] Building CXX object tools/clang/tools/extra/clang-tidy/bugprone/CMakeFiles/obj.clangTidyBugproneModule.dir/IntegerDivisionCheck.cpp.o
[3671/5247][ 69%][513.805s] Building CXX object tools/clang/tools/extra/clang-tidy/bugprone/CMakeFiles/obj.clangTidyBugproneModule.dir/MacroParenthesesCheck.cpp.o
[3672/5247][ 69%][513.827s] Building CXX object tools/clang/tools/extra/clang-tidy/bugprone/CMakeFiles/obj.clangTidyBugproneModule.dir/LambdaFunctionNameCheck.cpp.o
[3673/5247][ 70%][513.901s] Building CXX object tools/clang/tools/extra/clang-tidy/bugprone/CMakeFiles/obj.clangTidyBugproneModule.dir/MacroRepeatedSideEffectsCheck.cpp.o
[3674/5247][ 70%][514.410s] Building CXX object tools/clang/tools/extra/clang-tidy/bugprone/CMakeFiles/obj.clangTidyBugproneModule.dir/MisplacedOperatorInStrlenInAllocCheck.cpp.o
[3675/5247][ 70%][514.619s] Building CXX object tools/clang/tools/extra/clang-tidy/bugprone/CMakeFiles/obj.clangTidyBugproneModule.dir/MisplacedPointerArithmeticInAllocCheck.cpp.o
